uniprot,holo_release,apo_release,n_site_af,n_common,rmsd_apo_holo_common,rmsd_af_holo,rmsd_af_apo,site_plddt_mean,site_plddt_min,site_pae_within,site_pae_to_rest,site_n_domains,site_frac_low_plddt
A0A059ZRB8,2021-11-17,2021-11-17,20,20,5.2002,0.7193,4.9064,96.1725,90.5000,4.0474,4.7735,1.0000,0.0000
A0A085U4N5,2025-11-12,2025-11-12,7,7,0.2270,0.2333,0.2778,97.4986,95.3100,1.3095,2.3181,1.0000,0.0000
A0A086RSH0,2023-11-15,2023-11-15,33,33,2.5394,0.2137,2.5540,96.2333,85.5000,1.9394,2.6146,1.0000,0.0000
A0A094YZ24,2020-11-18,2018-05-09,21,21,0.3616,0.4394,0.4385,90.2519,74.8100,2.1143,3.0432,1.0000,0.0000
A0A0A0RCB5,2019-06-12,2019-06-12,22,22,0.2085,0.4450,0.5185,96.9500,91.3100,1.7771,3.1697,1.0000,0.0000
A0A0A1EQY0,2019-04-24,2023-05-10,38,34,1.7778,0.1644,1.7714,97.8997,90.9400,1.5597,2.1867,1.0000,0.0000
A0A0A2JK86,2025-10-22,2025-06-11,17,17,0.3162,0.4032,0.4781,95.1547,90.6900,1.7941,2.7763,1.0000,0.0000
A0A0B5LB55,2021-04-28,2021-04-28,23,23,0.1558,0.4730,0.4498,94.6874,81.7500,2.0929,3.5159,1.0000,0.0000
A0A0F4VK59,2021-07-14,2024-03-20,17,16,0.0770,0.2246,0.2117,97.9865,93.3800,1.3897,2.0244,1.0000,0.0000
A0A0G4DBU7,2021-01-27,2021-01-27,19,19,0.3317,0.3215,0.1182,96.4974,81.9400,1.7778,2.6548,1.0000,0.0000
A0A0H2US78,2019-07-10,2019-07-10,11,10,0.2613,0.2334,0.1049,96.7509,86.1200,1.6909,6.0220,1.0000,0.0000
A0A0H2X5R2,2024-02-14,2024-02-14,14,14,3.2931,0.5222,3.4210,95.0629,89.0600,1.6099,3.3426,1.0000,0.0000
A0A0H2Z2I3,2026-02-11,2026-02-11,10,10,0.1341,1.6766,1.6753,84.3370,75.1200,3.1556,9.5687,2.0000,0.0000
A0A0H3GJF7,2021-11-03,2021-11-03,24,24,0.8139,0.9245,0.7968,94.9137,80.7500,2.1594,2.9360,1.0000,0.0000
A0A0H3KN52,2020-12-23,2013-05-15,18,18,0.1756,0.2611,0.2579,98.6778,97.1200,1.1928,1.9195,1.0000,0.0000
A0A0K8P6T7,2025-07-23,2023-10-25,9,9,0.4875,0.1622,0.4375,98.7022,98.4400,1.0417,1.8845,1.0000,0.0000
A0A0L0P1H8,2023-08-02,2023-06-14,31,31,1.3126,0.2910,1.2882,94.3568,82.3100,2.5301,3.3230,1.0000,0.0000
A0A0M3PNA2,2021-06-02,2018-07-25,20,20,0.1465,0.3631,0.3334,93.1745,87.0000,2.2342,2.9477,1.0000,0.0000
A0A0P0XII1,2026-02-18,2026-01-28,17,17,0.3513,0.5823,0.7549,93.5000,83.6200,1.7978,15.2150,1.0000,0.0000
A0A0R1ZV46,2025-06-04,2025-06-04,12,12,1.1068,0.3272,1.0300,97.7233,93.0000,1.4318,2.8624,1.0000,0.0000
A0A0R6L508,2020-09-16,2020-09-16,9,9,0.1935,0.4029,0.2718,97.5622,94.6200,1.3750,4.4002,1.0000,0.0000
A0A0S2UQQ5,2020-05-27,2020-05-27,10,9,0.1004,0.0844,0.0887,98.7060,98.5000,1.1444,1.7936,1.0000,0.0000
A0A0S4TLR1,2021-04-14,2016-03-02,15,15,0.4244,0.4052,0.4160,98.0573,95.6200,1.6381,2.2767,1.0000,0.0000
A0A0U3IB62,2019-01-30,2019-01-30,17,17,0.2323,0.2067,0.1238,98.7335,97.8100,1.1434,1.7847,1.0000,0.0000
A0A125SA15,2023-10-18,2023-10-18,26,26,0.2135,0.8291,0.7501,86.6262,71.6200,3.8800,4.4231,1.0000,0.0000
A0A143T1U9,2021-03-24,2021-03-24,32,32,0.4277,0.4899,0.4471,95.7256,76.8800,2.0897,2.8126,1.0000,0.0000
A0A171NYA8,2023-05-17,2023-05-17,17,17,0.4514,0.5838,0.8447,94.5582,87.8800,2.2022,2.7831,1.0000,0.0000
A0A179UGT5,2020-05-20,2020-05-20,9,9,0.1163,0.0944,0.1062,98.8356,98.6900,1.1806,1.8989,1.0000,0.0000
A0A1B0UHJ4,2026-05-27,2016-12-21,19,19,0.3131,0.2981,0.1932,98.4847,96.9400,1.4678,2.0059,1.0000,0.0000
A0A1C5HQ65,2025-07-30,2025-07-30,25,25,0.2958,0.3260,0.3458,96.5668,90.8100,1.7833,3.6290,1.0000,0.0000
A0A1D7ZZ64,2024-10-30,2024-10-30,32,30,0.4231,0.3379,0.4717,96.9794,83.5600,1.9244,2.4333,1.0000,0.0000
A0A1L9TCT0,2025-04-09,2025-04-09,22,22,0.4083,0.3317,0.3385,96.5055,89.6200,1.6905,2.7989,1.0000,0.0000
A0A1N7MFN7,2024-12-25,2024-12-25,20,20,0.1379,0.3426,0.3289,97.4535,90.5000,1.6053,2.2039,1.0000,0.0000
A0A1W0D7S2,2023-05-31,2023-05-31,17,17,0.2352,0.2514,0.2454,98.5900,95.7500,1.1801,2.0497,1.0000,0.0000
A0A1X9T5X9,2020-02-05,2020-04-29,19,19,0.1119,0.2231,0.2547,98.0137,94.1900,1.7281,3.0587,1.0000,0.0000
A0A254UBZ6,2025-10-29,2025-10-29,12,12,0.2274,0.2370,0.3241,98.4542,97.5000,1.1591,1.9851,1.0000,0.0000
A0A291L8F4,2021-03-24,2021-05-26,8,8,0.0922,0.2739,0.2595,96.9375,92.8100,1.1964,5.2976,1.0000,0.0000
A0A2G9HDX9,2025-10-08,2025-10-08,22,22,0.5042,1.1429,1.4620,92.2068,78.9400,2.6883,3.7364,1.0000,0.0000
A0A2G9LI54,2025-09-24,2025-09-24,12,12,0.7401,0.4051,0.5798,96.4958,93.3100,1.6061,2.2791,1.0000,0.0000
A0A2I1C3W8,2022-04-20,2022-04-20,17,17,2.3561,2.4951,0.6638,96.0741,90.6200,2.0110,3.0022,1.0000,0.0000
A0A2I4PGZ0,2019-10-09,2019-10-09,18,18,0.1338,0.1477,0.1317,98.7656,98.2500,1.4477,1.8985,1.0000,0.0000
A0A2P2GK84,2023-03-15,2023-03-15,25,24,1.0014,0.4639,0.9824,93.4920,78.1200,3.0850,4.0223,1.0000,0.0000
A0A2V2V5V1,2019-01-30,2019-02-13,12,12,0.4730,0.3403,0.2463,95.2142,90.2500,1.7045,6.2989,1.0000,0.0000
A0A2Z5XAU0,2021-06-30,2021-10-06,10,10,0.1431,1.2604,1.2575,85.3250,58.8800,2.9444,5.9349,1.0000,0.2000
A0A345ILN6,2025-01-29,2025-01-29,25,25,0.2280,0.5651,0.4645,94.1116,85.5600,2.2550,3.4424,1.0000,0.0000
A0A345SU67,2026-08-26,2026-08-26,31,31,0.2622,0.3821,0.3607,95.1452,82.6200,2.0495,2.9887,1.0000,0.0000
A0A380PV03,2020-12-09,2013-12-11,14,13,0.5252,0.3133,0.3084,90.9550,49.1200,3.2692,4.6104,1.0000,0.0714
A0A385Z7H9,2022-03-02,2022-03-02,25,24,0.3808,0.5260,0.7465,87.8592,49.4100,3.0767,4.1377,1.0000,0.0400
A0A3Q7HTY9,2025-07-02,2017-08-02,15,15,0.6316,0.6955,0.8834,94.7880,87.5000,2.1286,3.2552,1.0000,0.0000
A0A3R7J519,2024-04-10,2024-04-10,18,18,0.2956,0.3205,0.2530,96.4328,93.0000,1.5588,3.2201,1.0000,0.0000
A0A447EB45,2024-08-07,2024-08-07,13,13,0.7249,0.6822,0.4802,94.1054,91.5600,2.2436,3.4452,1.0000,0.0000
A0A482LWB1,2020-03-11,2020-03-11,16,16,0.1568,0.1591,0.1505,98.6931,97.8100,1.3333,1.9095,1.0000,0.0000
A0A485PVH1,2022-06-08,2022-06-22,10,10,0.0401,0.4870,0.4907,90.7430,75.9400,3.1556,3.5342,1.0000,0.0000
A0A4P8L7K3,2026-07-08,2026-07-08,16,16,0.2584,0.3337,0.1921,97.0906,91.3800,1.4542,2.1775,1.0000,0.0000
A0A4S2B4D9,2019-10-02,2019-10-02,18,18,0.1422,0.1488,0.1288,98.8733,98.6900,1.3137,2.2271,1.0000,0.0000
A0A4U7I1I9,2025-04-02,2024-03-13,24,23,2.0021,0.3640,2.0412,90.8654,75.8800,2.5616,5.6634,1.0000,0.0000
A0A4Y5R032,2021-08-04,2021-08-04,16,16,0.1078,0.5874,0.5644,98.1056,95.0600,1.3208,2.3345,1.0000,0.0000
A0A4Y5R087,2021-08-04,2021-08-04,12,12,0.2480,0.2891,0.3414,97.1783,92.5000,1.4773,2.4835,1.0000,0.0000
A0A561UC02,2025-06-11,2025-06-11,25,23,1.1880,0.5012,1.5001,93.1292,75.3800,2.5250,3.2176,1.0000,0.0000
A0A562MSV3,2024-06-12,2024-06-12,34,34,0.3788,0.6970,0.9517,97.1732,84.0000,1.7923,2.2517,1.0000,0.0000
A0A5A4PV77,2019-10-16,2019-10-16,22,22,0.1406,0.5435,0.5968,93.9859,86.3800,2.1429,4.0123,1.0000,0.0000
A0A5B9DJI2,2022-09-07,2026-03-04,22,22,0.4909,0.3773,0.7499,97.0709,92.5000,1.9134,2.7173,1.0000,0.0000
A0A5D0ENI3,2024-12-11,2024-12-11,17,17,0.3720,0.4829,0.6940,96.1794,88.2500,1.4559,3.2777,1.0000,0.0000
A0A5P8YJX5,2020-04-15,2011-03-23,7,7,1.6061,0.2936,1.4436,94.4914,87.7500,1.5476,2.9099,1.0000,0.0000
A0A5Q0H2K6,2025-07-16,2025-07-16,22,22,0.1803,0.5880,0.6060,96.6841,93.3800,1.7684,2.2765,1.0000,0.0000
A0A649V088,2025-06-18,2024-02-21,17,15,0.3291,0.2619,0.2274,98.6876,97.8100,1.2206,1.9264,1.0000,0.0000
A0A6A5BBK9,2023-01-25,2022-08-10,23,23,0.4463,0.3666,0.6386,92.6117,77.5600,1.7055,8.0358,1.0000,0.0000
A0A6G4MPG4,2025-07-30,2025-07-30,16,16,0.0510,0.1950,0.1913,98.7556,98.1900,1.1542,1.9314,1.0000,0.0000
A0A6I8WFP3,2020-03-25,2020-03-25,16,16,2.1670,0.7493,1.8793,92.3600,88.2500,2.0292,3.2332,1.0000,0.0000
A0A6M5K9A4,2026-01-21,2026-01-21,18,18,0.5779,0.2009,0.5951,97.8367,94.1200,1.4052,2.5777,1.0000,0.0000
A0A6N9UBA7,2024-02-28,2024-02-21,20,19,0.2111,0.4309,0.4554,93.1065,87.3800,2.1842,3.0340,1.0000,0.0000
A0A6P2QLT8,2025-08-27,2025-08-27,25,25,0.1938,0.2516,0.2929,97.8020,94.8800,1.7583,2.6067,1.0000,0.0000
A0A6S6PLJ6,2024-10-23,2024-10-23,33,33,0.2602,0.3021,0.3859,96.3418,90.4400,1.9252,2.7140,1.0000,0.0000
A0A7U3Y091,2023-03-01,2023-03-01,8,7,0.3001,0.4122,0.1743,95.7050,93.3100,1.4464,5.5644,1.0000,0.0000
A0A7Y0XG39,2025-07-30,2025-08-06,15,14,0.3526,0.3911,0.4706,97.6133,90.7500,1.7762,2.5150,1.0000,0.0000
A0A7Z7MWD0,2026-01-28,2026-01-14,18,18,0.6409,0.9306,0.9846,92.3511,84.3100,2.8203,3.5956,1.0000,0.0000
A0A831ERP2,2025-10-01,2025-10-01,26,26,0.2463,0.4424,0.4424,93.8800,84.0000,2.2785,2.9416,1.0000,0.0000
A0A8I3AZT8,2021-03-03,2021-03-03,18,18,0.2858,2.3990,2.4468,92.1350,70.0600,3.2026,3.4455,1.0000,0.0000
A0A8T9DN77,2021-11-10,2021-11-10,24,24,0.2079,0.3279,0.2245,97.1350,91.3800,1.6920,2.6566,1.0000,0.0000
A0A915Q9D3,2022-07-27,2022-04-06,21,21,0.4995,0.5154,0.2670,97.4990,95.3800,1.7143,2.5446,1.0000,0.0000
A0A915Q9M0,2022-05-18,2022-05-18,18,18,0.2587,0.4761,0.3404,97.1011,92.7500,1.8464,2.7147,1.0000,0.0000
A0A977K7H6,2026-07-01,2025-05-14,14,14,0.5415,0.2747,0.5512,96.6243,93.6200,1.7198,2.5032,1.0000,0.0000
A0A979GQH9,2023-05-10,2023-05-10,7,7,0.1212,0.2373,0.2164,84.6957,71.6900,1.7857,24.5424,1.0000,0.0000
A0A9R0NX94,2020-05-20,2020-05-20,8,8,0.0915,0.1895,0.2229,98.3200,97.5600,1.2857,1.8536,1.0000,0.0000
A0A9X0R8I3,2024-01-10,2021-12-15,13,13,0.2020,1.0303,1.0449,88.7885,81.3800,3.1410,3.8420,1.0000,0.0000
A0A9X7GT53,2024-11-20,2024-11-20,10,10,0.3334,0.4053,0.4086,96.8070,94.1200,1.7444,2.6276,1.0000,0.0000
A0A9X9ZA46,2022-10-26,2022-10-26,38,37,0.9729,0.2931,0.9372,96.4605,89.2500,1.8321,2.7804,1.0000,0.0000
A0A9Y2YA81,2024-10-23,2024-10-23,16,16,0.2571,2.6482,2.5651,98.0075,95.3100,1.5042,2.1740,1.0000,0.0000
A0AAC9AV98,2024-06-12,2024-04-03,17,17,0.1560,0.2629,0.2101,98.1041,95.4400,1.2279,2.1072,1.0000,0.0000
A0AAD0Q9A2,2025-02-12,2024-06-05,15,13,6.2864,0.6300,6.1167,95.9260,87.4400,2.0286,2.6883,1.0000,0.0000
A0AAD3RSW3,2024-07-31,2024-07-31,17,17,2.3439,1.3724,1.2365,94.4006,74.0600,2.2316,2.8653,1.0000,0.0000
A0AAF0BGE9,2024-06-05,2024-06-05,21,21,0.1827,0.4364,0.5182,95.5176,91.8800,1.9357,3.1602,1.0000,0.0000
A0AAV2WF13,2025-06-18,2024-12-25,22,22,0.1128,0.1851,0.2103,98.5768,97.4400,1.1991,2.2808,1.0000,0.0000
A0ABD7ANA7,2025-08-06,2025-09-03,13,12,1.0547,0.3577,0.8056,87.9854,75.0000,3.7692,5.1290,1.0000,0.0000
A0QU01,2021-05-05,2021-07-21,32,32,11.7421,0.6204,11.9579,88.9769,72.6900,3.8841,4.3508,1.0000,0.0000
A0QV40,2020-05-06,2020-05-06,21,21,0.1931,0.2989,0.3430,98.1690,96.8800,1.2643,3.1599,1.0000,0.0000
A0R2K6,2019-04-24,2019-04-24,15,15,0.3845,0.5039,0.5803,89.1787,73.2500,3.2000,3.9411,1.0000,0.0000
A0R7C6,2021-12-22,2021-12-22,15,15,0.3552,0.4726,0.5024,96.4293,92.8800,1.7476,2.3352,1.0000,0.0000
A1A2J8,2020-02-05,2020-02-05,14,14,0.1519,0.1371,0.1253,98.7814,98.2500,1.2802,2.1912,1.0000,0.0000
A1TDP1,2024-01-24,2024-01-24,10,10,0.0961,0.2653,0.2577,97.1200,90.3800,1.5333,2.3539,1.0000,0.0000
A2EU62,2025-01-22,2024-12-18,14,14,0.1389,0.2568,0.2783,97.4914,92.8800,1.2692,2.2939,1.0000,0.0000
A2FQ38,2023-09-06,2023-09-06,11,11,0.0803,0.1809,0.1880,98.4364,97.5000,1.1636,1.7295,1.0000,0.0000
A2RP81,2019-04-24,2014-05-21,17,17,0.2895,0.2390,0.3607,98.5059,96.4400,1.1912,1.9501,1.0000,0.0000
A2ZEX7,2026-05-27,2016-02-10,22,22,0.4275,0.3272,0.2785,96.8500,90.6900,1.8247,2.7879,1.0000,0.0000
A3DCF2,2022-09-14,2022-09-14,18,18,2.8518,1.7115,1.2880,93.5356,87.2500,2.6797,3.2169,1.0000,0.0000
A3DJS9,2026-06-24,2015-06-24,6,6,0.0998,0.1243,0.1150,98.7917,98.5600,1.0000,10.5771,1.0000,0.0000
A3LWG4,2019-03-06,2019-03-06,29,29,2.1413,0.3313,1.9965,92.5834,75.0000,2.7623,3.2606,1.0000,0.0000
A4D1P6,2024-10-16,2024-08-07,16,16,0.9767,0.3866,0.7520,87.3594,72.8100,3.3708,14.3156,1.0000,0.0000
A6NJ78,2024-01-03,2024-01-03,26,25,0.5702,0.4738,0.4124,96.0942,88.7500,1.8800,3.1399,1.0000,0.0000
A6T5F3,2023-07-12,2023-07-05,24,22,1.7271,0.6430,1.4763,95.3654,84.9400,1.8859,3.2890,1.0000,0.0000
A6TDE9,2022-08-10,2022-08-10,14,14,0.1298,0.3184,0.3209,97.0307,93.5600,1.3626,3.2147,1.0000,0.0000
A6YEI2,2021-07-14,2021-07-14,31,31,0.7759,0.5008,0.9685,95.8481,90.0000,2.1548,3.0296,1.0000,0.0000
A7B555,2019-09-25,2019-09-25,3,3,0.1684,0.0542,0.1179,98.6467,98.5000,1.0000,2.3013,1.0000,0.0000
A9CEY6,2022-01-12,2022-01-12,28,28,0.4509,0.3205,0.3582,97.0011,91.5600,1.8876,2.5622,1.0000,0.0000
A9WIU3,2023-04-05,2023-04-05,36,31,0.2351,0.3532,0.4153,91.5472,54.9700,3.2016,14.6276,1.0000,0.0278
A9Y8T1,2024-04-03,2024-04-03,25,25,2.0081,1.5381,0.9974,85.9856,65.1200,3.8250,4.7108,1.0000,0.0400
B0XMC1,2020-02-12,2020-02-12,25,25,0.2380,0.2339,0.2584,97.7248,95.0000,1.9483,2.6942,1.0000,0.0000
B0Y813,2021-05-12,2021-05-12,16,16,0.2795,1.3024,1.2626,87.9981,63.0900,3.3208,4.0199,1.0000,0.1250
B1MDI3,2020-02-26,2020-02-19,18,18,0.2048,1.2111,1.2786,98.2011,96.6200,1.2157,3.1153,1.0000,0.0000
B1MFK2,2019-07-03,2019-07-03,21,21,0.2080,0.4825,0.5303,95.0110,81.0000,2.0905,2.7088,1.0000,0.0000
B2CKP3,2023-02-22,2018-05-30,15,15,0.3892,0.4762,0.3442,96.5860,94.3800,1.5190,2.7404,1.0000,0.0000
B2FTM1,2019-09-11,2022-04-13,11,11,0.3356,0.1555,0.3199,98.5873,97.0000,1.2364,1.9172,1.0000,0.0000
B2RK03,2019-04-24,2019-04-24,17,17,0.3242,0.3201,0.5334,94.8829,88.9400,2.2426,3.0620,1.0000,0.0000
B2ZB02,2019-06-19,2025-10-29,20,20,0.3768,0.2560,0.2042,98.0695,89.3100,1.3579,1.9323,1.0000,0.0000
B3DQP5,2019-01-30,2019-01-30,8,8,0.2451,0.0724,0.2721,98.7113,98.1900,1.0000,2.1159,1.0000,0.0000
B3FHP0,2019-07-17,2019-07-17,20,20,0.4521,0.5858,0.6030,92.6625,84.6200,2.3474,5.4909,1.0000,0.0000
B3PCS3,2023-11-29,2023-11-29,9,9,0.2351,0.2327,0.2867,94.6278,84.3100,1.4028,9.8192,1.0000,0.0000
B3VHM9,2026-02-04,2017-11-08,15,15,0.4050,0.4828,0.5798,96.3347,90.2500,1.5762,3.9765,1.0000,0.0000
B4EH86,2022-06-01,2021-04-07,10,10,0.0790,0.1885,0.1890,95.7130,89.0600,1.0778,13.3615,1.0000,0.0000
B4SII9,2020-05-13,2020-05-13,18,18,0.1747,0.2702,0.2826,98.7250,97.3800,1.0784,1.9311,1.0000,0.0000
B5YBJ6,2024-07-24,2024-07-24,5,5,0.6716,7.4361,7.6580,97.2120,95.8100,2.1000,2.5789,1.0000,0.0000
B6GXZ8,2021-03-17,2021-03-17,11,11,2.0655,0.9346,2.0047,88.9818,65.8100,2.9909,3.4000,1.0000,0.0909
B6YWC3,2019-07-31,2019-07-31,12,11,0.4778,0.3611,0.2573,95.6292,88.3100,1.9242,3.3768,1.0000,0.0000
B8DWA9,2019-06-19,2019-06-19,14,14,2.4303,1.0782,1.3790,91.1479,81.6900,2.6978,3.5076,1.0000,0.0000
B8ZKS5,2020-12-09,2013-09-04,24,24,0.6303,0.5736,0.8450,91.6650,73.1900,2.3207,10.2575,1.0000,0.0000
B9UXM0,2024-06-26,2024-06-26,28,28,0.1608,0.3728,0.3265,95.8436,85.1900,1.8995,2.7042,1.0000,0.0000
C0IR58,2019-10-02,2013-06-12,33,29,0.7928,0.3300,0.9005,96.9761,91.6200,1.8655,2.4160,1.0000,0.0000
C1F2K5,2024-01-10,2022-08-03,20,16,0.3016,0.2646,0.2749,97.4865,93.7500,1.3921,2.3353,1.0000,0.0000
C3PTT2,2025-06-18,2025-06-18,31,31,0.9830,0.9298,0.5639,90.3210,60.5300,3.0742,3.7940,1.0000,0.0323
C5RYK2,2025-01-15,2025-01-15,14,14,0.4869,0.4437,0.6724,92.9821,81.4400,1.9505,3.9989,1.0000,0.0000
C7C422,2019-03-20,2011-11-16,14,14,1.2268,0.3434,1.0031,95.4064,83.8100,1.6923,2.3214,1.0000,0.0000
C8CP57,2019-10-30,2019-10-30,14,14,0.2970,0.3440,0.1542,98.6929,97.9400,1.1319,1.8953,1.0000,0.0000
C8WV06,2019-02-06,2017-07-05,26,22,1.6075,0.5982,1.3490,92.1250,68.6200,2.8369,3.6891,1.0000,0.0385
D1C7A6,2022-12-21,2022-12-21,23,23,0.2054,0.3724,0.4115,97.1804,92.2500,1.9447,2.4595,1.0000,0.0000
D2Q7B1,2021-01-27,2021-01-27,15,15,0.1261,0.1710,0.1426,98.5840,95.6900,1.4095,2.3620,1.0000,0.0000
D2W2Z5,2020-04-08,2020-04-08,20,19,0.3727,0.1831,0.3149,94.4775,59.3100,2.7105,3.2206,1.0000,0.0500
D2YYD7,2024-07-03,2024-07-03,20,18,0.1046,0.5033,0.5467,92.3690,75.9400,2.7605,3.6527,1.0000,0.0000
D4Z2G1,2022-03-02,2000-09-11,16,16,1.1348,1.1757,0.1857,98.0700,92.8800,1.4208,1.9575,1.0000,0.0000
D5AT91,2020-04-01,2020-04-01,6,6,0.2610,0.3933,0.5892,86.3433,75.0000,2.1667,3.8019,1.0000,0.0000
D6D1V7,2019-09-18,2012-02-01,12,12,0.2799,0.1462,0.3279,98.6675,98.0600,1.3030,1.9636,1.0000,0.0000
D6RT90,2022-10-19,2022-10-19,14,14,0.1861,0.6619,0.6745,96.3536,82.5000,2.0824,2.7863,1.0000,0.0000
D6Y502,2019-06-19,2019-08-14,22,22,0.3977,1.4224,1.3932,91.5095,61.0300,2.7078,5.3526,1.0000,0.0455
D7RU28,2022-11-30,2022-11-30,18,18,0.2828,0.3442,0.4803,96.4661,87.2500,1.6699,2.4759,1.0000,0.0000
D9ISE0,2020-05-13,2018-12-12,16,16,1.3466,0.5503,0.9559,95.8769,74.5600,2.4542,3.0483,1.0000,0.0000
E1V7W1,2020-05-20,2020-05-20,11,10,0.3422,0.3131,0.4619,96.9373,94.1200,2.3818,3.2167,1.0000,0.0000
E1WGG9,2020-08-26,2020-08-26,26,26,0.1452,1.3503,1.3395,90.3104,77.1200,5.6062,5.6883,1.0000,0.0000
E2PUR9,2023-05-03,2023-03-22,24,24,0.4593,0.3136,0.4501,97.3096,93.9400,1.6431,3.3462,1.0000,0.0000
E3RT21,2023-10-18,2023-10-18,27,27,0.2653,0.4224,0.3182,94.1552,75.5000,2.3575,4.7829,1.0000,0.0000
E4QC33,2023-12-27,2023-12-27,10,10,0.2558,0.2050,0.2864,97.4070,96.0000,1.3111,3.3126,1.0000,0.0000
E5Y7I1,2026-08-26,2026-08-26,15,15,1.4601,1.0180,0.5870,93.2127,82.8800,2.8143,3.0571,1.0000,0.0000
E6SHQ4,2025-01-15,2024-09-18,18,18,0.6171,0.5398,0.7548,90.4367,68.6200,3.1699,3.7079,1.0000,0.0556
E8MGH8,2021-11-17,2014-04-30,12,10,0.2753,0.4146,0.5337,93.9167,83.0600,2.9394,3.7711,1.0000,0.0000
E9JES9,2023-08-02,2023-08-02,10,10,0.2204,7.8444,7.9118,37.1240,27.4200,12.9111,19.0608,0.0000,1.0000
E9NWK5,2023-03-08,2020-09-02,13,12,1.4187,0.2742,1.4950,95.6862,73.6200,2.7179,2.7837,1.0000,0.0000
F1N015,2026-09-02,2026-09-02,34,33,0.2863,0.3027,0.2974,98.0809,95.0600,1.6025,2.6933,1.0000,0.0000
F2LIG4,2024-03-06,2024-02-28,35,35,0.4269,0.3202,0.3909,97.1406,90.3100,1.8092,2.4449,1.0000,0.0000
F2QX95,2025-12-17,2025-12-17,30,30,0.6007,0.5057,0.5679,91.3877,55.9400,3.1379,3.7087,1.0000,0.0333
F2Z7K9,2020-04-15,2020-04-15,16,16,0.2768,0.6636,0.6564,93.2769,84.7500,2.4250,6.3583,1.0000,0.0000
F5ANH9,2022-02-02,2022-02-02,20,20,0.2991,0.4461,0.6710,95.7845,86.2500,1.5763,3.5265,1.0000,0.0000
F8JK18,2022-12-21,2022-12-21,26,26,0.1224,0.5408,0.4958,96.4108,88.8100,2.3338,3.2924,1.0000,0.0000
F9VNG5,2022-06-22,2015-11-11,32,31,2.8144,2.3218,0.6200,95.4716,87.4400,2.6462,3.2718,1.0000,0.0000
G2SLH8,2019-02-20,2019-02-20,20,20,0.4746,0.4631,0.5792,95.3185,83.8100,2.4000,3.1914,1.0000,0.0000
G3XD46,2021-08-11,2019-10-23,18,18,3.4613,1.1366,3.5549,96.2461,91.6900,2.0523,6.1862,1.0000,0.0000
G3XDA2,2025-04-30,2024-01-10,19,19,0.2249,0.2609,0.3329,97.2874,93.3800,1.4152,2.5449,1.0000,0.0000
G4N374,2023-02-08,2019-03-20,28,28,0.6680,0.6766,0.4122,91.7957,71.3100,2.5159,4.0315,1.0000,0.0000
G4NHF4,2019-12-04,2019-12-04,23,23,6.0425,0.7922,5.5739,86.5287,54.3800,3.8992,4.6111,1.0000,0.2609
G4XDR8,2019-03-13,2019-03-13,28,28,0.8827,0.5961,1.2549,97.8014,95.0000,1.6429,2.5771,1.0000,0.0000
G8NTI5,2023-01-18,2020-08-05,36,36,0.7911,0.4269,0.8567,97.7728,91.4400,1.6175,2.3279,1.0000,0.0000
G8UIQ1,2022-12-07,2022-12-07,18,18,0.1415,0.2011,0.1742,98.7761,98.3800,1.4967,2.5903,1.0000,0.0000
G8X1I4,2025-07-16,2025-07-16,20,20,0.3025,0.4890,0.5703,95.4405,86.3800,2.0316,2.9541,1.0000,0.0000
G9BY57,2022-03-09,2025-07-02,7,7,0.1628,0.0969,0.1781,98.7329,98.5000,1.0000,1.7965,1.0000,0.0000
G9MAN7,2022-10-26,2022-10-26,20,20,0.2454,1.0412,0.9751,93.0820,81.5600,2.5763,5.1201,1.0000,0.0000
H2B3G5,2023-08-16,2019-09-25,14,14,0.1968,0.3502,0.3343,98.0786,95.7500,1.3791,2.1153,1.0000,0.0000
H3K419,2025-03-12,2025-03-12,13,12,1.9491,0.4960,1.5071,95.2362,72.3800,2.1603,5.0993,1.0000,0.0000
H6UQI0,2023-03-22,2019-07-24,17,17,0.2302,0.1909,0.2454,98.6729,97.5600,1.2243,2.0089,1.0000,0.0000
I0AIT9,2022-03-09,2022-03-09,13,13,0.2299,0.7549,0.7993,92.8600,88.3800,3.0064,4.4957,1.0000,0.0000
I0BDU9,2024-08-21,2023-02-22,7,7,0.1960,0.1554,0.2493,97.9643,97.0600,1.3095,3.4332,1.0000,0.0000
I6WU39,2022-02-02,2016-01-27,14,14,0.4461,0.6803,0.4353,97.2143,93.6200,1.8407,2.4598,1.0000,0.0000
I6XFS7,2021-06-02,2018-09-26,25,24,1.3279,0.6414,1.5160,89.5280,52.1600,3.7983,3.8955,1.0000,0.1200
I6Y9J2,2021-04-21,2013-06-19,9,9,0.4183,0.3180,0.1998,98.5967,98.1200,1.0139,3.1974,1.0000,0.0000
K4FW35,2026-04-08,2026-04-08,18,18,0.1748,0.2100,0.2826,98.6706,98.2500,1.2255,2.1748,1.0000,0.0000
K4FZF8,2026-04-08,2024-10-16,20,17,0.3650,0.1694,0.3527,98.6855,97.7500,1.2658,2.2462,1.0000,0.0000
K7NBW3,2024-09-04,2020-04-08,29,29,0.4083,0.9458,0.9386,92.4607,76.6900,2.6601,3.7705,1.0000,0.0000
K7SIG4,2025-02-26,2025-02-26,20,20,0.1512,0.5438,0.5298,93.1820,87.6900,2.2237,3.2208,1.0000,0.0000
K9TVX3,2024-02-21,2024-02-21,17,16,0.2079,0.4719,0.4942,94.2871,79.3800,2.2647,3.0966,1.0000,0.0000
M1HE54,2020-11-04,2020-10-28,23,23,1.3059,0.3550,1.3315,93.0900,83.9400,2.3874,3.3344,1.0000,0.0000
M4I1C6,2020-07-22,2020-07-22,17,17,0.2139,0.3939,0.4476,96.8529,84.0600,1.7463,2.3114,1.0000,0.0000
M9SC49,2023-06-14,2019-05-22,17,17,1.6382,0.5039,1.5224,90.4965,68.4400,3.1507,4.0484,1.0000,0.0588
O00214,2025-03-12,2016-12-21,13,13,0.1682,0.2014,0.2357,98.3808,96.5000,1.3205,14.1349,1.0000,0.0000
O00255,2020-01-08,2012-02-15,25,25,0.4405,0.2016,0.3257,98.3548,96.6900,1.4850,2.9909,1.0000,0.0000
O00299,2022-07-13,2014-04-09,5,5,0.2300,0.2309,0.0993,98.3000,98.0000,1.2000,2.5098,1.0000,0.0000
O00327,2025-02-05,2025-02-05,22,22,0.7296,0.3105,0.6548,97.2127,94.8800,1.5065,9.5398,1.0000,0.0000
O00481,2023-09-13,2019-04-03,12,10,0.5522,0.3019,0.4719,95.1400,92.5000,1.6288,18.5794,1.0000,0.0000
O00560,2026-04-29,2026-04-29,11,11,0.4112,0.2084,0.4544,96.5064,93.4400,1.8000,7.2819,1.0000,0.0000
O05773,2022-07-13,2022-06-29,20,20,0.2244,0.5425,0.4153,97.6220,93.8800,1.7974,2.7822,1.0000,0.0000
O06428,2025-07-09,2025-07-09,16,16,2.2335,2.2647,0.8243,88.7713,56.4700,3.8583,4.5031,1.0000,0.0625
O14733,2020-08-12,2020-08-12,18,18,1.3192,1.1660,0.3018,90.1700,84.0600,1.7680,5.9891,1.0000,0.0000
O14745,2026-01-14,2001-05-23,4,4,1.3257,1.0014,0.5172,83.9075,76.5600,2.1667,20.0899,1.0000,0.0000
O14786,2025-05-14,2022-04-13,15,14,0.3376,0.1935,0.4019,97.0373,95.2500,1.6857,14.9496,1.0000,0.0000
O14936,2021-05-19,2010-04-28,24,21,0.5388,0.4947,0.5209,91.5008,71.8100,2.1920,17.6760,1.0000,0.0000
O15357,2021-01-13,2021-01-13,9,9,0.4756,0.2642,0.4990,96.6311,94.5600,1.2778,11.9365,1.0000,0.0000
O15540,2021-07-14,2020-11-11,24,24,0.5724,0.4062,0.4826,94.8546,84.4400,2.5018,2.8449,1.0000,0.0000
O25151,2025-05-14,2025-05-14,11,11,0.2092,0.3723,0.2724,91.9391,86.7500,2.0909,3.3302,1.0000,0.0000
O26010,2024-10-30,2024-10-30,19,19,0.1221,0.6260,0.6591,94.8258,83.6900,2.1667,2.9138,1.0000,0.0000
O28028,2023-04-12,2006-04-04,25,21,0.9619,0.4207,0.7609,92.9356,76.5000,2.9783,4.0178,1.0000,0.0000
O32504,2025-10-29,2025-10-15,5,5,0.2816,0.2790,0.1854,87.0980,83.6200,1.5500,6.9290,1.0000,0.0000
O35904,2019-09-11,2010-01-12,19,19,0.2311,0.2118,0.3452,95.9932,90.2500,1.8012,5.2737,1.0000,0.0000
O42898,2019-05-22,2019-05-22,25,25,0.7316,0.3741,0.7467,94.6396,75.1200,2.2817,3.3759,1.0000,0.0000
O43598,2025-11-12,2023-08-30,20,19,4.0711,1.0225,4.4731,94.4625,81.5600,1.6737,2.5556,1.0000,0.0000
O43809,2020-07-08,2006-05-04,14,14,1.1524,0.9984,0.3120,95.0764,88.1900,1.6868,2.7073,1.0000,0.0000
O43909,2023-07-12,2023-07-12,13,13,0.2678,0.3355,0.4259,93.5092,86.9400,2.0897,8.3525,1.0000,0.0000
O53547,2021-04-21,2021-04-21,34,30,0.2689,0.2847,0.2133,96.4888,82.6900,1.9572,3.0841,1.0000,0.0000
O53623,2019-02-27,2017-04-26,15,15,0.3261,0.4558,0.3146,97.5220,95.3800,1.4048,2.5574,1.0000,0.0000
O53780,2019-07-24,2019-07-24,23,23,0.9348,0.4126,0.6991,96.4726,81.8100,1.8379,2.7210,1.0000,0.0000
O59413,2019-06-19,2019-05-01,7,7,0.1854,0.1885,0.1426,98.6143,98.0600,1.2381,1.9596,1.0000,0.0000
O59952,2026-08-05,1995-01-26,21,21,1.7738,1.7951,1.1967,94.3748,84.7500,2.6929,3.3278,1.0000,0.0000
O60502,2022-04-13,2017-03-29,18,18,0.2117,0.2998,0.3054,95.8406,89.6900,1.8235,8.8019,1.0000,0.0000
O60674,2023-12-20,2026-07-29,26,26,0.4403,0.7522,0.7947,91.2785,70.1200,3.2431,13.4657,1.0000,0.0000
O60701,2019-01-16,2011-10-12,28,27,1.8159,1.0298,1.3037,94.6621,87.3100,2.4616,4.0201,1.0000,0.0000
O60885,2026-06-17,2025-12-03,18,18,0.4692,0.3671,0.3635,96.7600,92.6900,1.5294,20.2209,1.0000,0.0000
O64527,2021-05-26,2005-07-12,19,19,0.2938,0.4033,0.3193,96.8400,91.4400,2.0088,2.4370,1.0000,0.0000
O66934,2025-06-04,2025-06-04,3,3,0.0264,0.2519,0.2743,96.0400,95.3100,1.6667,4.3358,1.0000,0.0000
O68183,2026-02-11,2012-02-01,13,13,0.2506,0.1972,0.2718,98.0292,95.6200,1.2756,2.7613,1.0000,0.0000
O74036,2021-01-27,2021-03-03,8,8,0.3089,0.5072,0.3642,97.5863,95.5600,1.0536,4.0533,1.0000,0.0000
O75390,2025-06-18,2018-03-07,21,21,1.4819,1.2450,0.4083,93.1071,78.4400,2.4524,4.0143,1.0000,0.0000
O75460,2020-12-09,2020-12-09,26,26,0.8540,0.8601,0.3604,89.0631,73.3100,2.1754,13.7867,1.0000,0.0000
O77404,2019-01-16,2003-04-24,10,10,0.4400,0.4824,0.4434,96.5380,93.8800,1.5889,3.2937,1.0000,0.0000
O94760,2023-08-30,2009-08-25,19,19,0.2993,0.2610,0.3130,97.5768,90.9400,1.5029,2.1645,1.0000,0.0000
O95433,2025-04-23,2025-04-23,14,14,0.4037,0.6628,0.4195,88.6614,79.8800,2.7418,15.2673,1.0000,0.0000
O96013,2019-04-03,2012-09-12,26,26,0.5530,0.4931,0.3601,93.1877,80.8800,2.0800,6.0714,1.0000,0.0000
P00338,2024-07-10,2014-04-30,9,9,0.2236,0.2153,0.1561,97.5000,96.4400,1.1667,3.7783,1.0000,0.0000
P00359,2025-07-30,2013-02-06,19,19,1.4291,1.3889,0.5520,97.9121,95.2500,1.6579,2.3646,1.0000,0.0000
P00374,2022-02-09,2003-12-09,35,35,0.5404,0.4815,0.5373,97.4563,92.3800,1.8328,2.7150,1.0000,0.0000
P00383,2019-05-29,2007-04-24,4,4,0.0452,0.0754,0.0476,98.5450,98.5000,1.0000,1.8384,1.0000,0.0000
P00441,2020-09-16,2009-05-19,5,4,0.1132,0.1302,0.0946,97.8740,96.8100,1.0000,1.9846,1.0000,0.0000
P00489,2022-04-06,1998-07-01,24,24,0.2096,5.1367,5.0698,86.7800,64.5000,5.0670,5.4088,1.0000,0.1250
P00492,2024-05-08,2005-08-02,21,21,1.9544,0.2645,1.9865,95.2367,89.1900,1.6214,2.6892,1.0000,0.0000
P00503,2022-09-28,2017-03-01,25,25,1.3115,0.5400,0.9151,95.4932,84.4400,2.2567,3.1294,1.0000,0.0000
P00509,2022-11-02,2013-02-13,18,17,0.2825,0.1573,0.3444,98.5039,95.6200,1.1340,2.1524,1.0000,0.0000
P00519,2019-03-13,2025-12-03,25,23,1.4850,1.5118,1.0395,89.4932,60.0900,2.9650,9.2030,1.0000,0.0800
P00533,2022-10-19,2008-02-12,24,23,2.2713,1.1154,1.6755,74.8254,46.3400,5.1377,22.8321,1.0000,0.3750
P00558,2025-10-29,2025-11-12,32,32,2.0586,1.9379,0.7223,92.1778,78.1200,2.9476,4.5551,1.0000,0.0000
P00644,2020-08-19,2000-10-18,16,16,0.7892,0.2494,0.8257,97.4913,94.5600,1.5458,9.1123,1.0000,0.0000
P00698,2025-05-28,2012-10-24,6,6,0.1967,0.5025,0.4769,97.7200,95.2500,2.3000,2.6460,1.0000,0.0000
P00711,2023-11-08,2000-12-13,6,6,0.2883,0.6303,0.4534,93.4050,79.5600,2.0333,3.6279,1.0000,0.0000
P00746,2019-04-24,1996-07-11,21,19,1.3109,0.8634,1.2732,90.2671,71.6200,3.0595,3.5554,1.0000,0.0000
P00747,2023-02-08,2000-02-18,22,22,3.3060,0.5867,3.4489,77.5986,49.7200,4.2684,21.3159,1.0000,0.3636
P00751,2019-03-27,2000-12-13,17,17,0.7457,0.5399,0.7158,93.6500,88.5600,1.7610,15.7579,1.0000,0.0000
P00760,2026-08-05,2024-06-05,8,8,0.1474,0.0911,0.1818,98.6025,98.1200,1.0000,1.9203,1.0000,0.0000
P00784,2025-06-04,2025-06-18,19,19,0.1520,0.2337,0.2287,96.3463,94.5600,1.3392,2.5719,1.0000,0.0000
P00791,2021-06-16,1990-04-15,25,25,0.6036,2.0152,1.6659,96.6256,90.9400,2.2033,2.9421,1.0000,0.0000
P00808,2019-03-20,2011-03-02,15,15,1.5268,0.2532,1.6429,98.7107,98.3100,1.1857,1.9298,1.0000,0.0000
P00811,2020-11-18,1998-08-12,20,20,0.3713,0.2602,0.3584,98.2495,95.6200,1.4211,2.0036,1.0000,0.0000
P00918,2020-04-15,2023-12-20,8,8,0.1627,0.3160,0.3146,96.7425,93.9400,1.6607,3.3032,1.0000,0.0000
P00947,2020-09-16,2003-07-24,17,16,0.4617,0.5121,0.2963,98.1165,94.9400,1.3934,1.9453,1.0000,0.0000
P01009,2021-03-10,2019-11-27,20,19,1.2015,1.1687,0.2113,94.9895,83.7500,1.8526,3.2840,1.0000,0.0000
P01033,2025-09-15,2025-09-24,14,14,1.8058,0.6029,1.7489,95.7771,87.1200,2.4396,5.5708,1.0000,0.0000
P01375,2025-07-23,2007-11-13,8,7,0.2406,0.2055,0.1281,98.0625,96.1200,1.3214,6.6497,1.0000,0.0000
P01556,2019-08-14,1997-12-03,3,3,0.0304,0.0444,0.0425,97.6467,96.8100,1.0000,2.4300,1.0000,0.0000
P02649,2019-04-17,2003-06-11,13,13,0.2700,0.1688,0.3413,93.0131,91.6200,1.6090,12.2628,1.0000,0.0000
P02701,2021-03-03,2003-07-15,20,17,1.2807,0.2589,1.2944,96.8095,88.8100,1.6684,4.5083,1.0000,0.0000
P02753,2026-09-16,1994-01-31,25,25,1.2344,0.9512,0.8307,94.4444,76.3100,2.5250,3.1374,1.0000,0.0000
P02754,2022-05-11,2001-05-02,12,12,0.5846,0.3585,0.5206,97.5942,96.2500,1.5000,2.0811,1.0000,0.0000
P02766,2024-01-17,2016-04-13,11,11,0.2636,0.1958,0.2345,98.6255,97.9400,1.0091,1.9048,1.0000,0.0000
P02768,2025-07-02,2022-10-26,13,13,0.3436,0.2869,0.2718,96.5146,95.5000,1.5577,3.8711,1.0000,0.0000
P02791,2022-03-02,2008-01-22,4,4,0.0696,0.1030,0.0594,97.7975,96.8100,1.0000,2.4573,1.0000,0.0000
P02866,2021-06-16,1996-04-03,6,6,1.1719,15.9699,15.6080,89.1033,41.5000,7.3333,5.0408,1.0000,0.1667
P02879,2022-12-21,1998-01-14,15,15,0.3811,0.3393,0.2908,97.7920,95.0600,1.2952,3.4186,1.0000,0.0000
P02883,2025-02-26,2015-07-08,4,4,0.0635,0.0749,0.0964,98.4850,98.2500,1.0000,2.1581,1.0000,0.0000
P04058,2021-10-06,2000-01-28,25,25,0.2481,0.3069,0.2175,98.3724,97.2500,1.5017,2.2854,1.0000,0.0000
P04117,2023-06-14,2023-06-14,12,12,0.0777,0.1900,0.1674,97.9925,94.8100,1.6515,2.2694,1.0000,0.0000
P04629,2019-10-09,2012-09-05,26,26,1.0915,0.8858,1.0476,84.9062,45.3800,3.4708,17.0053,1.0000,0.1154
P04918,2019-08-28,2014-09-03,8,8,0.5999,0.2902,0.3563,96.3287,88.9400,1.3214,4.0151,1.0000,0.0000
P04958,2021-02-17,2005-03-15,8,8,0.1325,0.1221,0.1420,97.4750,95.6200,1.1964,10.3941,1.0000,0.0000
P05042,2020-05-06,2023-11-15,8,8,0.9288,0.1409,0.9290,98.3588,97.1900,1.2321,3.4676,1.0000,0.0000
P05089,2019-12-11,2011-08-31,16,16,0.1758,0.2751,0.2533,98.4138,96.6200,1.2708,2.2699,1.0000,0.0000
P05091,2023-08-30,2007-03-06,28,28,0.3683,0.1868,0.3378,98.5893,97.8800,1.3399,2.1072,1.0000,0.0000
P05121,2021-02-17,2008-08-19,11,11,1.4854,0.5940,1.8110,97.1427,95.1900,1.9000,5.0828,1.0000,0.0000
P05364,2023-01-25,1999-08-27,19,18,0.4166,0.3511,0.6261,98.1237,94.8800,1.4561,2.2455,1.0000,0.0000
P05804,2024-01-10,2010-11-17,12,12,1.1626,0.2023,1.1898,98.0225,96.0000,1.5076,2.8709,1.0000,0.0000
P06744,2025-03-12,2002-06-19,9,9,0.1383,0.3604,0.4231,94.3889,88.7500,1.6111,3.3056,1.0000,0.0000
P06873,2021-05-26,2021-05-26,14,14,0.0648,0.1845,0.1831,98.0886,95.5000,1.3297,6.8182,1.0000,0.0000
P07102,2022-03-16,2000-08-03,16,16,1.3867,0.1974,1.3752,98.1100,92.8800,1.5750,2.3307,1.0000,0.0000
P07148,2022-07-27,2023-06-14,14,14,0.3568,0.4833,0.3951,97.2793,94.8100,2.3571,3.8650,1.0000,0.0000
P07254,2022-07-20,2001-09-26,16,15,0.1548,0.2502,0.2310,98.5938,96.8800,1.3875,2.5094,1.0000,0.0000
P07285,2021-03-17,2021-03-17,8,8,0.1362,0.6323,0.6615,93.3363,87.2500,1.8750,3.3251,1.0000,0.0000
P07320,2025-07-23,2003-05-08,10,9,0.5333,0.5382,0.3213,91.8680,76.5600,3.1222,4.1188,1.0000,0.0000
P07445,2020-09-23,2018-05-23,17,14,0.3572,0.3933,0.3003,96.3753,88.8800,1.6176,2.4257,1.0000,0.0000
P07711,2023-09-20,1999-08-23,25,25,0.3469,0.4120,0.2529,97.0196,93.2500,1.5550,2.9961,1.0000,0.0000
P07738,2022-01-26,2010-11-10,14,14,1.4718,0.3035,1.4754,96.3829,90.4400,1.7473,2.3682,1.0000,0.0000
P07900,2020-10-14,2017-12-06,18,17,0.4805,2.1075,1.7947,93.2228,82.3800,1.8301,8.6822,1.0000,0.0000
P07948,2023-11-22,2019-04-17,7,7,0.1074,0.3878,0.3886,88.0886,81.5600,1.9048,8.7024,1.0000,0.0000
P07954,2020-12-23,2016-08-24,7,7,0.3919,0.3767,0.2282,95.4900,83.5600,1.3571,3.5468,1.0000,0.0000
P08069,2023-09-20,2003-04-29,22,22,1.4630,1.8087,1.0907,88.5827,71.4400,2.6710,23.1602,1.0000,0.0000
P08149,2019-08-07,2019-11-20,24,24,1.4610,0.6450,1.1162,95.8679,87.7500,2.5109,6.6558,1.0000,0.0000
P08191,2020-12-23,2019-01-16,16,16,0.1754,1.4397,1.3395,91.1675,67.8100,2.7583,5.7671,1.0000,0.0625
P08246,2025-12-10,2025-01-15,20,20,0.3546,0.2624,0.2812,96.8565,92.3100,1.4868,2.9248,1.0000,0.0000
P08263,2026-09-30,2023-03-08,11,10,0.1560,0.2092,0.2473,98.3018,96.3800,1.2636,2.2075,1.0000,0.0000
P08515,2019-03-20,2019-01-16,13,13,0.2170,0.2664,0.2055,98.5769,97.4400,1.2821,2.1250,1.0000,0.0000
P08581,2026-02-18,2011-01-19,22,20,0.6938,0.6119,0.4344,81.9532,32.5600,4.9437,23.7543,1.0000,0.1818
P09211,2020-03-11,2000-10-18,12,12,0.1798,0.1628,0.2240,98.5417,97.7500,1.1742,2.0310,1.0000,0.0000
P09382,2022-03-02,2021-03-17,5,5,0.7977,0.5634,0.7275,96.9260,96.2500,1.6500,2.7354,1.0000,0.0000
P09616,2020-03-25,1998-01-14,9,9,0.3816,0.2384,0.4831,94.1189,89.3800,1.1389,4.2229,1.0000,0.0000
P09651,2024-05-08,2002-04-17,7,7,0.1020,0.6977,0.6985,94.8571,90.6200,1.5952,4.2053,1.0000,0.0000
P09850,2024-08-21,1999-06-02,7,7,0.1977,0.1943,0.1774,98.8057,98.5600,1.0000,1.9237,1.0000,0.0000
P0A0Z8,2019-03-06,2001-02-14,24,22,1.3997,0.3827,1.3593,94.6158,77.0600,2.5616,3.5042,1.0000,0.0000
P0A434,2022-08-03,1995-12-01,15,14,6.3180,4.5594,6.3962,96.6167,88.1200,2.5286,2.6338,1.0000,0.0000
P0A6G7,2019-11-13,1998-06-17,11,11,1.2680,0.5061,1.7059,96.1591,81.8800,1.8909,2.9687,1.0000,0.0000
P0A6L0,2020-11-18,2004-06-01,16,16,0.5207,0.3763,0.4374,96.3594,92.0600,1.5042,2.2312,1.0000,0.0000
P0A6R0,2022-06-15,2025-09-10,28,27,0.4507,0.2675,0.4165,97.3057,94.3100,1.7341,2.5106,1.0000,0.0000
P0A6Y8,2026-05-27,2013-04-17,21,21,0.2572,1.4584,1.4789,87.6971,78.1900,3.1381,9.4125,1.0000,0.0000
P0A881,2019-02-06,2011-07-20,6,6,0.3497,0.5852,0.3685,95.6567,95.1900,1.3667,2.6835,1.0000,0.0000
P0A884,2019-01-30,1997-11-12,20,20,1.6086,0.3464,1.4474,95.7930,86.6200,2.1342,2.7124,1.0000,0.0000
P0A8L1,2026-06-24,2025-05-14,13,13,0.4497,0.5271,0.3612,97.9269,94.6900,1.1154,3.3127,1.0000,0.0000
P0A901,2020-09-16,2004-04-06,22,22,1.3414,1.4463,1.1991,94.8605,85.3100,2.4242,2.9116,1.0000,0.0000
P0A9B2,2019-12-11,2000-08-23,12,12,0.3446,0.4463,0.2088,97.8600,95.7500,1.2727,2.4113,1.0000,0.0000
P0AA16,2020-12-23,1997-04-01,3,3,0.0995,0.0953,0.1940,89.6433,88.1200,1.0000,11.0895,1.0000,0.0000
P0ABP8,2024-10-30,1996-06-20,14,14,1.1224,0.2955,0.9082,95.7979,77.9400,1.7363,2.4830,1.0000,0.0000
P0AC59,2021-12-08,2021-12-08,14,14,0.2995,0.2091,0.2820,98.5893,98.1200,1.2253,1.8573,1.0000,0.0000
P0ACT4,2019-03-13,1999-01-13,18,18,1.4282,0.2284,1.4563,98.0167,94.5600,1.5588,2.9869,1.0000,0.0000
P0AD45,2023-03-15,2023-03-15,4,4,0.0631,0.1489,0.1594,93.0775,92.1200,1.1667,6.8206,1.0000,0.0000
P0AD57,2019-02-27,2014-06-18,18,18,0.3768,0.5617,0.5323,93.3750,76.2500,2.2810,3.2805,1.0000,0.0000
P0AD65,2019-05-22,2019-05-22,16,16,0.1555,0.1646,0.1622,96.6831,91.9400,1.4542,5.9974,1.0000,0.0000
P0AD68,2019-11-20,2019-11-20,23,23,1.9195,0.2388,1.8732,94.7257,88.3100,2.5158,7.0540,1.0000,0.0000
P0ADR8,2025-11-12,2019-04-24,8,8,1.5196,0.3028,1.3499,96.0000,85.7500,1.6607,4.0026,1.0000,0.0000
P0AEB2,2019-03-20,2003-01-07,19,19,4.6059,0.4530,4.6881,95.1174,89.3800,1.9211,4.2634,1.0000,0.0000
P0AEG4,2026-03-25,2020-02-05,22,22,0.6612,0.5044,0.4167,98.0255,94.8100,1.3788,2.0074,1.0000,0.0000
P0AEK4,2022-12-14,2015-12-09,31,29,0.9890,0.4039,1.0223,95.8561,83.0000,2.3527,2.9176,1.0000,0.0000
P0AEQ3,2026-01-14,1996-11-08,8,8,0.3563,4.3044,4.1702,93.1488,86.3800,2.5179,3.1574,1.0000,0.0000
P0DOV5,2025-02-12,2025-02-12,31,31,0.1516,0.3499,0.3664,96.8858,87.4400,1.8452,2.5422,1.0000,0.0000
P0DPA9,2024-04-03,2025-04-02,26,23,0.5196,0.4343,0.4506,88.9746,59.6200,3.6662,4.3266,1.0000,0.1154
P0DPI1,2022-07-06,2008-05-20,15,15,1.0121,0.9270,0.6104,96.9907,92.4400,1.6286,7.3319,1.0000,0.0000
P0DW58,2022-10-05,2022-10-05,19,16,3.9774,0.8239,3.6434,92.8053,85.5600,2.3655,4.0434,1.0000,0.0000
P10121,2019-10-23,2007-10-02,17,17,0.6219,0.4357,0.7242,92.9671,86.3100,2.0074,3.7626,1.0000,0.0000
P10721,2023-12-27,2004-06-15,25,25,0.6052,0.8548,0.6822,85.3732,64.6900,3.4833,20.4269,1.0000,0.0800
P11021,2019-04-10,2011-01-26,17,17,0.6952,0.6598,0.8552,97.7018,94.3800,1.4522,4.4346,1.0000,0.0000
P11169,2022-05-18,2015-07-22,15,15,0.3321,0.6119,0.6195,83.9507,70.8800,3.4762,4.9066,1.0000,0.0000
P11172,2025-11-19,2007-03-06,21,20,2.2929,0.1752,2.3111,96.1933,88.3800,1.3357,12.2549,1.0000,0.0000
P11309,2019-02-27,2004-11-09,20,20,0.7770,0.6801,0.3179,95.6795,71.9400,1.8789,2.6118,1.0000,0.0000
P11362,2026-04-01,1997-07-23,20,20,1.0132,0.8939,0.4507,87.4850,62.8400,2.5500,17.7628,1.0000,0.1000
P11838,2020-06-03,2020-06-03,15,15,0.2375,0.1971,0.1620,94.6660,81.1200,1.6857,4.4070,1.0000,0.0000
P11926,2021-12-15,2000-10-25,18,18,0.2739,0.1486,0.2726,96.3017,77.5000,1.6569,3.1680,1.0000,0.0000
P12004,2026-02-25,2017-01-25,17,17,1.8252,1.2715,1.0923,93.4347,87.8800,2.8603,4.6289,1.0000,0.0000
P12758,2022-05-04,2002-06-12,11,11,0.5186,0.5747,0.6644,97.7336,93.9400,1.2636,2.0867,1.0000,0.0000
P12931,2021-09-15,2006-01-27,25,21,0.9091,0.5088,0.7345,93.5400,77.1200,2.5133,5.2091,1.0000,0.0000
P13051,2021-03-03,1997-08-20,19,19,0.4291,0.2845,0.5539,95.8295,88.8100,1.7749,3.7902,1.0000,0.0000
P13835,2024-02-28,2004-03-09,19,19,0.2506,0.3906,0.5031,94.4505,90.3100,2.1023,3.3099,1.0000,0.0000
P14061,2019-04-03,1996-12-07,22,22,0.5130,0.3547,0.4296,97.5168,88.5600,1.4697,2.4897,1.0000,0.0000
P14174,2024-07-24,2023-05-31,8,8,0.2797,0.2843,0.2419,98.4462,97.9400,1.2321,1.8616,1.0000,0.0000
P14489,2021-12-29,2021-12-29,14,14,2.7872,0.4472,2.6764,97.4679,94.2500,1.5330,2.3446,1.0000,0.0000
P14618,2019-08-21,2005-05-17,11,11,2.1979,0.3192,1.9789,95.9545,91.1900,2.5000,3.6061,1.0000,0.0000
P15090,2023-06-14,2011-06-29,16,16,0.2434,0.5558,0.6432,94.7269,85.2500,2.5250,2.9305,1.0000,0.0000
P15121,2019-03-13,2005-03-29,33,32,2.1056,0.1538,2.0802,98.3997,95.0000,1.3835,1.9625,1.0000,0.0000
P15374,2023-04-19,1998-01-28,23,23,1.1722,1.1067,0.4036,95.8330,91.1900,1.7688,3.0423,1.0000,0.0000
P15379,2021-09-22,2007-01-30,9,9,0.2114,0.4713,0.3533,97.0656,93.3800,1.9306,6.9738,1.0000,0.0000
P15531,2023-06-07,2002-04-10,15,15,0.5714,0.3788,0.4439,97.2533,94.1200,1.7048,2.1504,1.0000,0.0000
P16094,2020-11-18,1995-02-07,15,14,0.1728,0.1384,0.2000,98.2747,97.1200,1.2095,1.9119,1.0000,0.0000
P16113,2020-07-15,2016-05-18,17,16,0.2174,0.4981,0.4042,98.0624,95.6200,1.4118,2.4520,1.0000,0.0000
P16234,2020-03-25,2023-12-27,26,26,0.5475,0.4864,0.2463,89.0000,62.2500,2.7185,19.2158,1.0000,0.0385
P16622,2021-11-24,2002-11-20,15,15,1.0603,0.5346,1.2163,92.1033,79.0000,3.1476,3.6529,1.0000,0.0000
P17612,2022-09-28,2012-04-18,25,24,1.4654,0.6751,1.6830,94.8904,80.8800,2.2667,3.3066,1.0000,0.0000
P17706,2024-09-04,2021-12-29,26,26,0.3088,0.3038,0.3546,96.1277,80.7500,2.7708,7.5031,1.0000,0.0000
P17931,2026-07-08,2011-12-14,15,15,0.1920,0.1699,0.1549,98.6953,97.6200,1.2524,1.7355,1.0000,0.0000
P18013,2024-08-21,2006-11-02,10,9,2.1824,1.4009,1.7842,93.8250,90.0000,1.6556,4.3244,1.0000,0.0000
P18031,2023-04-26,2003-06-12,14,14,0.4019,0.2867,0.2966,98.2807,96.9400,1.2582,4.5861,1.0000,0.0000
P19157,2023-05-24,1997-11-12,18,15,0.7883,0.1644,0.7904,98.1706,94.9400,1.4542,2.1222,1.0000,0.0000
P19438,2026-07-01,1995-12-07,9,9,0.1348,0.1866,0.1964,97.8267,97.1900,1.0972,15.5944,1.0000,0.0000
P19491,2020-06-03,2000-11-01,20,20,1.8131,0.6725,1.5129,91.1060,75.8100,2.9579,11.4682,1.0000,0.0000
P19576,2019-10-16,2021-09-15,6,6,22.7067,0.2535,22.7248,97.4383,95.2500,1.6333,2.4231,1.0000,0.0000
P19793,2021-01-06,2001-04-25,12,12,2.0369,5.3368,3.9358,90.8425,81.7500,2.7348,7.6146,1.0000,0.0000
P19909,2019-01-23,2006-04-25,5,5,0.1860,21.6147,21.7211,95.9480,94.6200,11.5500,25.5848,1.0000,0.0000
P20138,2019-04-17,2019-04-17,14,14,0.7140,0.5807,0.3925,93.1429,85.8100,2.5385,7.3829,1.0000,0.0000
P20701,2021-10-06,1996-12-07,17,17,2.0452,1.1170,1.0324,85.6259,63.8400,3.0221,15.8687,1.0000,0.1176
P21836,2024-04-24,2015-10-21,9,9,0.2621,0.3529,0.2934,98.2211,97.5000,1.1667,3.8994,1.0000,0.0000
P22073,2019-07-03,1998-04-15,21,21,0.2114,0.1404,0.1949,98.7200,98.3100,1.4143,1.9088,1.0000,0.0000
P22303,2020-07-01,2019-05-01,10,10,0.4195,0.3552,0.3526,97.0740,94.0000,1.4111,3.8409,1.0000,0.0000
P22392,2023-12-27,2008-09-23,12,11,0.7928,0.4505,0.5471,95.9583,92.2500,1.9621,2.4212,1.0000,0.0000
P22629,2025-09-03,2002-04-03,19,17,4.0695,0.3872,3.8987,93.9016,78.6900,3.9006,4.5159,1.0000,0.0000
P22914,2022-03-23,2022-03-23,7,7,0.2465,0.7404,0.5866,96.0700,94.9400,1.8095,3.2836,1.0000,0.0000
P23360,2020-12-02,2020-12-02,7,7,0.1291,0.3772,0.3298,98.9043,98.8100,1.1190,1.5741,1.0000,0.0000
P23843,2025-08-13,2011-10-12,21,21,5.0233,0.2286,5.0448,98.2343,95.8100,1.7690,2.4742,1.0000,0.0000
P23869,2024-10-09,2026-08-05,12,12,0.3213,0.1556,0.2807,98.1617,95.3100,1.7424,2.1083,1.0000,0.0000
P24182,2019-07-31,2006-07-04,21,19,2.2679,0.4795,2.1366,90.8029,65.0600,4.0452,5.4215,1.0000,0.0952
P24300,2023-10-04,2015-07-08,15,15,0.1743,0.1107,0.2016,98.8893,98.7500,1.1238,1.8726,1.0000,0.0000
P24666,2021-05-19,2017-03-29,11,11,0.3827,0.3202,0.1874,97.6036,95.3800,1.6273,2.4395,1.0000,0.0000
P24670,2019-07-24,2003-11-20,16,16,3.2359,0.2321,3.1803,96.0950,84.1900,2.5708,2.7681,1.0000,0.0000
P24735,2019-10-30,2025-03-19,14,14,0.2003,0.1409,0.1804,98.6829,98.4400,1.1813,1.9036,1.0000,0.0000
P24941,2019-03-20,2013-05-01,20,20,0.5584,1.0160,0.7009,88.8215,70.3800,2.6763,4.3974,1.0000,0.0000
P25321,2025-12-31,2018-10-10,18,18,0.2467,0.4277,0.4435,95.9161,91.7500,1.6503,2.9166,1.0000,0.0000
P25440,2019-11-13,2016-01-20,14,14,0.2323,0.2640,0.2027,96.4379,92.5000,1.8077,20.4484,1.0000,0.0000
P25774,2024-09-04,2002-08-29,21,20,0.3460,0.3534,0.3743,96.8224,92.1900,1.5095,2.6781,1.0000,0.0000
P25906,2024-12-18,2024-12-18,26,26,0.3488,0.5702,0.5452,96.8008,93.2500,1.8015,2.7166,1.0000,0.0000
P26281,2020-12-02,1999-06-08,27,27,2.0112,0.6196,2.0295,94.8304,77.9400,2.5313,2.9721,1.0000,0.0000
P26446,2019-05-01,1998-05-27,16,16,1.0781,0.6903,0.7937,92.3756,68.6900,2.8542,13.5334,1.0000,0.0625
P26572,2026-09-23,2026-09-23,17,15,0.1790,0.2088,0.2422,95.9229,80.9400,1.7243,5.8647,1.0000,0.0000
P26906,2023-02-22,2023-02-22,28,28,2.9321,2.6232,0.8153,91.8764,83.3100,3.5317,4.3909,1.0000,0.0000
P27448,2024-11-06,2008-12-16,20,20,1.7874,9.7766,9.6466,87.6980,69.1200,4.3789,5.7833,1.0000,0.0500
P27540,2024-02-14,2006-10-24,8,8,0.3622,0.3267,0.1424,94.8512,93.3800,1.2143,11.6527,1.0000,0.0000
P27652,2022-06-01,2007-05-22,17,17,0.6783,1.4844,1.6664,94.8094,88.7500,3.4412,4.2432,1.0000,0.0000
P28329,2025-05-21,2006-12-12,19,19,0.2376,0.2363,0.3238,97.8711,92.5000,1.5263,2.5819,1.0000,0.0000
P28482,2022-09-28,2022-03-02,18,18,0.7562,0.8202,0.4089,95.3844,90.6900,1.6242,3.2444,1.0000,0.0000
P28523,2019-02-27,2002-05-31,16,16,0.4157,0.3693,0.5485,97.2431,94.6900,1.5542,2.7517,1.0000,0.0000
P28907,2020-06-03,2005-09-27,19,19,0.5398,0.5607,0.4697,97.5326,94.6200,1.4678,4.1456,1.0000,0.0000
P29218,2020-09-23,1995-02-27,7,7,0.2689,0.1659,0.2055,98.7700,98.5600,1.0000,2.6028,1.0000,0.0000
P29317,2020-01-15,2014-05-14,27,27,2.2418,1.8254,0.6606,89.8789,71.6900,2.6125,20.3171,1.0000,0.0000
P29373,2019-01-30,2008-07-22,13,13,0.8475,0.7040,0.3232,96.1915,92.2500,2.0385,2.5492,1.0000,0.0000
P29768,2020-10-21,1994-08-31,21,21,0.1791,0.2152,0.2020,98.4443,96.6200,1.5500,2.1054,1.0000,0.0000
P30038,2024-05-08,2012-05-02,6,6,0.1306,0.1249,0.1426,98.7600,98.6900,1.0000,2.6214,1.0000,0.0000
P30046,2025-03-12,2024-05-01,11,11,0.1667,0.2519,0.3204,97.7555,95.9400,1.4727,2.2247,1.0000,0.0000
P30235,2022-04-06,2022-06-22,19,19,0.2639,0.8321,0.7024,94.6916,86.6900,2.3333,3.2884,1.0000,0.0000
P30405,2022-08-24,2011-08-24,23,23,0.3178,0.3508,0.2390,97.6817,95.7500,1.6601,2.0430,1.0000,0.0000
P31226,2019-07-10,2026-05-27,15,14,0.2416,1.4831,1.5746,70.6147,56.2200,4.8571,13.9780,1.0000,0.4000
P32021,2019-02-06,2017-08-16,17,17,6.3366,0.7866,5.9842,92.3559,87.0600,2.4081,3.3938,1.0000,0.0000
P32081,2020-02-26,1995-05-12,14,14,0.2065,0.4404,0.3901,96.5964,93.3100,1.2857,2.4171,1.0000,0.0000
P32396,2025-12-10,1997-12-03,14,14,0.2074,0.6441,0.5295,96.9543,93.3100,1.7912,2.4740,1.0000,0.0000
P32557,2021-12-29,1997-10-08,14,14,0.4651,0.3115,0.4874,94.8029,86.6900,2.0495,3.0247,1.0000,0.0000
P32929,2025-11-12,2008-11-18,25,23,2.7670,0.3520,2.6556,96.1040,81.8100,2.0217,2.6203,1.0000,0.0000
P33590,2020-04-08,2004-02-03,9,9,1.7248,1.6161,1.0316,91.8122,82.0600,3.0139,3.9129,1.0000,0.0000
P34897,2022-10-05,2026-09-02,20,17,0.4485,0.1732,0.4509,98.5190,97.5000,1.2368,2.1446,1.0000,0.0000
P35747,2026-02-04,2016-02-24,17,17,0.2286,0.2752,0.1718,97.6618,94.6900,1.4081,3.7916,1.0000,0.0000
P35968,2020-05-27,2000-03-15,29,29,1.7779,1.3455,0.9690,85.9479,67.6900,2.8177,22.4939,1.0000,0.0345
P36217,2020-12-30,1995-08-08,4,4,0.0353,0.0677,0.0761,98.6875,98.5000,1.0000,2.2742,1.0000,0.0000
P36222,2024-03-13,2003-08-26,23,23,0.2532,0.2409,0.1902,98.6287,96.0000,1.4802,2.3093,1.0000,0.0000
P36639,2019-02-20,2020-10-28,24,24,0.3475,0.3981,0.3576,97.4633,91.9400,1.6612,2.1599,1.0000,0.0000
P36776,2021-04-14,2010-05-19,18,18,3.2899,0.8487,2.8840,81.8106,62.4700,3.5229,15.8640,1.0000,0.1111
P36888,2019-11-20,2004-02-03,19,19,0.5981,0.3691,0.3712,90.5889,67.7500,2.4795,19.4974,1.0000,0.0526
P36897,2025-04-02,2016-05-11,25,25,0.4182,0.2845,0.2497,96.3564,90.7500,1.5417,10.1088,1.0000,0.0000
P37231,2021-04-14,2020-09-16,28,28,1.4383,1.4123,0.3130,92.6850,70.8100,2.3664,5.5909,1.0000,0.0000
P37268,2024-05-22,2012-04-11,22,22,0.1964,1.2127,1.1413,94.3582,78.8100,2.3095,3.5314,1.0000,0.0000
P37468,2019-01-30,2019-01-30,29,29,1.2357,0.4831,1.0136,94.5283,83.6200,1.9458,3.3220,1.0000,0.0000
P38947,2023-05-31,2023-05-31,36,36,0.3022,0.5406,0.6972,95.9892,88.9400,2.2238,3.0731,1.0000,0.0000
P40075,2024-01-17,2023-12-27,5,5,0.0758,0.1870,0.2436,98.1880,96.4400,1.1000,5.5566,1.0000,0.0000
P41182,2022-03-09,2003-12-23,10,10,0.1334,0.2324,0.3056,85.4000,83.3100,2.0222,18.8733,1.0000,0.0000
P41222,2026-09-16,2026-09-16,11,9,1.8287,1.9046,0.6136,92.6645,84.6200,3.2364,3.5461,1.0000,0.0000
P41365,2025-04-09,2014-01-29,5,5,0.0807,0.0968,0.1163,98.5360,98.0600,1.0000,2.1575,1.0000,0.0000
P42336,2025-07-23,2021-02-03,14,14,0.9480,0.6293,0.5996,92.7857,84.8100,1.9341,7.2074,1.0000,0.0000
P43155,2026-06-03,2003-03-11,9,9,0.2063,0.1609,0.2470,98.1189,97.1900,1.1944,2.5038,1.0000,0.0000
P43235,2020-02-19,2017-01-18,21,21,0.3496,0.2571,0.3740,97.5676,94.8800,1.3548,2.4873,1.0000,0.0000
P43357,2024-09-18,2014-10-01,9,9,1.8198,1.8140,0.2449,85.2256,62.9700,5.0139,6.8550,1.0000,0.2222
P43405,2021-06-23,2004-11-02,21,21,0.7152,0.7074,1.0209,93.9476,78.9400,2.2405,6.6933,1.0000,0.0000
P43490,2023-03-08,2007-12-25,19,19,0.1808,0.2570,0.2818,97.3153,94.0600,1.6959,3.7602,1.0000,0.0000
P45881,2022-01-05,2008-02-12,14,14,0.9850,0.9958,0.2801,97.3429,93.5600,1.5824,2.4448,1.0000,0.0000
P47811,2019-10-02,2011-03-16,26,26,1.3896,0.9624,0.7615,91.0192,71.1200,3.2908,4.7290,1.0000,0.0000
P47929,2026-09-16,1998-11-04,9,9,0.0986,0.2790,0.2754,98.7500,98.5000,1.0972,2.0278,1.0000,0.0000
P48163,2026-08-26,2005-09-20,28,28,0.5076,0.7740,0.5663,92.7454,83.3800,2.5423,4.1696,1.0000,0.0000
P48730,2026-09-09,2020-02-12,22,22,0.4072,0.5654,0.5482,94.5709,77.0600,1.9610,3.9520,1.0000,0.0000
P49419,2019-07-24,2015-08-26,34,31,0.4949,0.1179,0.5269,98.4574,97.1200,1.3850,2.2515,1.0000,0.0000
P49773,2019-09-25,1996-07-11,16,16,0.5006,0.2626,0.4273,97.0037,94.3800,1.5083,2.3856,1.0000,0.0000
P49789,2022-06-01,1998-03-25,18,18,0.4594,0.3997,0.3410,96.1844,91.2500,1.5980,2.4063,1.0000,0.0000
P50120,2021-03-10,2023-10-18,24,24,1.1930,0.5084,1.2406,95.6050,86.3100,2.3188,2.6556,1.0000,0.0000
P50870,2026-01-28,2003-08-26,14,14,0.5264,0.8936,0.6857,96.8157,93.6200,1.5934,3.2504,1.0000,0.0000
P51452,2024-08-14,2024-08-14,12,12,0.2778,0.2940,0.2015,98.0267,94.9400,1.3258,2.1966,1.0000,0.0000
P51955,2020-06-17,2008-12-23,15,15,0.4950,0.4015,0.2082,93.3280,85.2500,1.8333,9.7707,1.0000,0.0000
P52566,2025-10-29,2016-10-26,16,16,0.2731,1.5533,1.7087,94.9375,92.3100,1.9292,4.1217,1.0000,0.0000
P52682,2025-07-30,2001-01-26,19,19,0.3586,0.4511,0.2581,98.4021,97.0000,1.3480,2.4324,1.0000,0.0000
P53350,2023-08-16,2018-02-21,9,9,0.4065,0.4379,0.3497,91.1522,87.0000,1.5972,7.7085,1.0000,0.0000
P53355,2025-04-02,2002-04-01,19,19,1.0122,1.1449,0.4814,87.6447,67.1200,2.7953,23.2498,1.0000,0.0526
P53667,2022-08-10,2026-07-22,23,23,0.9237,1.1032,0.5887,91.9378,78.1900,2.3162,14.3152,1.0000,0.0000
P53779,2021-07-21,2014-05-21,23,23,0.6251,0.7655,0.4316,93.9287,89.8100,1.9486,3.8159,1.0000,0.0000
P54278,2026-06-03,2001-11-27,20,20,0.8577,0.8320,0.2309,93.5650,85.0600,1.8289,14.5207,1.0000,0.0000
P54577,2022-06-08,2017-06-07,31,30,0.7741,0.3536,0.5306,92.9277,77.0600,2.0398,12.0616,1.0000,0.0000
P54646,2025-09-03,2006-06-27,23,23,4.3767,9.0944,10.1677,88.4196,69.0000,3.0356,8.4400,1.0000,0.0435
P54687,2022-11-02,2025-06-11,25,23,0.3374,0.3901,0.1872,94.2396,66.5000,2.4100,3.0549,1.0000,0.0400
P54956,2021-02-03,2021-03-31,12,12,0.1259,0.1441,0.1584,97.3950,96.1200,1.6061,2.6846,1.0000,0.0000
P55212,2023-12-13,2012-03-28,10,10,0.2544,2.7305,2.7800,64.9750,47.4400,6.4556,9.1637,1.0000,0.5000
P55818,2020-02-26,2002-09-11,28,28,0.7865,0.8677,0.4649,96.6332,91.6900,2.0714,2.8343,1.0000,0.0000
P55915,2020-12-23,2000-01-19,4,4,0.2019,0.2005,0.0791,98.7550,98.3800,1.0833,2.2522,1.0000,0.0000
P56463,2022-05-04,2018-02-14,12,12,0.6552,0.2971,0.6237,94.1600,89.0600,1.4697,2.6356,1.0000,0.0000
P56470,2021-04-07,2015-07-01,14,14,0.1956,0.2232,0.1870,98.3029,97.4400,1.3297,4.3498,1.0000,0.0000
P56689,2020-12-30,2020-12-30,8,8,0.5619,1.1581,0.7477,91.0775,85.0000,2.7321,5.9249,1.0000,0.0000
P56817,2021-07-21,2008-04-22,17,17,1.0426,0.5517,1.3551,94.7582,76.9400,1.9301,4.5819,1.0000,0.0000
P60061,2021-09-08,2016-08-31,8,8,0.1028,0.2484,0.2658,89.9050,76.8100,1.6786,3.4933,1.0000,0.0000
P60174,2025-03-12,2015-02-04,7,7,0.3047,0.8761,0.8123,94.8043,82.8100,1.8810,2.6515,1.0000,0.0000
P60472,2019-03-13,2011-03-09,21,21,0.5652,1.0577,1.0560,96.8195,92.4400,2.0452,3.1552,1.0000,0.0000
P60842,2019-02-20,2006-03-14,7,7,0.8126,0.3991,0.6623,85.4000,68.5600,2.5952,6.6695,1.0000,0.1429
P61316,2022-09-07,2010-10-06,36,36,2.4897,1.9904,0.9806,92.4392,60.2500,2.9556,3.3474,1.0000,0.0556
P61769,2020-12-09,2007-10-30,6,6,6.7331,17.5090,10.9555,91.9783,59.3100,8.3667,6.7804,1.0000,0.1667
P61823,2022-03-16,2001-12-19,9,9,0.1581,0.1626,0.1868,98.7067,98.3100,1.0833,4.4747,1.0000,0.0000
P61964,2019-03-13,2006-07-11,13,13,0.5342,0.1598,0.5633,98.7223,98.3800,1.1346,1.9430,1.0000,0.0000
P62508,2019-07-03,2008-10-07,15,15,0.1545,0.2382,0.2394,97.2333,95.0000,1.3048,9.4016,1.0000,0.0000
P62593,2022-09-07,2005-07-12,15,14,0.2236,0.2173,0.2548,98.6087,97.2500,1.1286,1.7402,1.0000,0.0000
P62937,2024-11-06,2015-12-30,16,16,0.1500,0.3299,0.2704,98.1531,96.8100,1.4417,1.9031,1.0000,0.0000
P62942,2021-03-10,2008-05-27,16,16,0.5963,0.4268,0.4570,95.3544,92.2500,2.9458,3.4861,1.0000,0.0000
P62993,2021-09-22,2019-07-17,15,15,5.2024,0.8361,5.1650,93.6587,88.9400,1.9381,11.1950,1.0000,0.0000
P63086,2019-02-06,2016-01-27,23,23,0.6360,0.6809,1.0223,94.1170,75.1200,2.2470,4.0314,1.0000,0.0000
P68400,2022-10-12,2003-08-26,19,19,0.7387,0.7133,0.4232,96.2500,88.1900,1.8509,2.9850,1.0000,0.0000
P69441,2022-03-02,1996-06-10,25,25,3.7185,0.3993,3.8003,94.2072,88.5000,2.2917,3.2190,1.0000,0.0000
P72583,2021-08-25,2005-05-31,16,16,4.6452,0.6019,4.3062,91.8813,83.6200,2.0875,3.5787,1.0000,0.0000
P78380,2025-07-23,2022-12-07,8,8,0.2704,0.2240,0.1912,97.4688,94.2500,1.3393,12.4775,1.0000,0.0000
P80226,2024-10-09,2021-05-12,21,21,1.8817,1.0920,1.0707,91.4505,83.9400,3.4667,3.9875,1.0000,0.0000
P80884,2020-11-25,2019-04-24,6,6,0.2209,0.2527,0.2841,97.7800,97.1200,1.2333,2.7076,1.0000,0.0000
P82980,2024-04-17,2001-03-07,25,25,0.4297,0.5843,0.6628,95.3776,85.2500,1.9400,2.4995,1.0000,0.0000
P84330,2024-11-06,2011-06-15,10,10,0.3999,0.1907,0.3920,97.8310,93.6200,1.3556,2.5139,1.0000,0.0000
P86325,2022-11-23,2022-11-23,23,23,0.3993,0.6451,0.6070,95.7061,87.3100,2.6897,3.4750,1.0000,0.0000
P96356,2024-02-28,2020-09-16,22,22,2.1076,1.7817,0.5214,92.8009,80.4400,3.0887,3.6562,1.0000,0.0000
P97328,2020-06-03,2023-09-27,24,24,0.8888,0.2309,0.8185,97.2879,90.5600,1.5815,2.6764,1.0000,0.0000
P97784,2021-01-27,2020-04-01,20,20,0.8314,0.8707,0.4778,94.7370,70.9400,2.1132,3.1611,1.0000,0.0000
P98073,2020-10-21,2012-04-18,19,19,0.2001,0.2669,0.2378,82.9037,68.7500,3.0760,18.4608,1.0000,0.1053
P9WFG7,2020-04-08,2006-01-31,25,25,0.2021,0.3274,0.3423,97.8812,94.6200,1.8417,2.5177,1.0000,0.0000
P9WFK7,2021-06-02,2012-07-25,14,14,0.3273,0.5627,0.5637,96.0707,90.4400,2.0385,3.1578,1.0000,0.0000
P9WFT3,2022-02-16,2022-02-16,31,30,1.3609,2.7140,1.9972,91.3958,68.2500,4.1570,4.8282,1.0000,0.0323
P9WFX1,2023-11-15,2007-06-19,18,18,2.7108,0.5980,2.7177,91.9689,77.5600,2.5948,3.6547,1.0000,0.0000
P9WFY7,2019-03-06,2019-03-06,22,22,0.2441,0.3830,0.4083,97.5841,95.6900,1.2511,3.1202,1.0000,0.0000
P9WGR1,2026-07-15,2007-07-24,30,29,0.7549,0.3576,0.7112,94.6953,80.9400,2.6207,3.1822,1.0000,0.0000
P9WHR3,2022-12-07,2022-03-30,16,16,0.1251,0.1473,0.1526,98.6725,98.2500,1.2292,3.0604,1.0000,0.0000
P9WID5,2019-05-01,2007-06-19,20,20,0.9906,0.4243,1.2440,95.4555,87.1900,2.2447,3.2428,1.0000,0.0000
P9WK11,2025-04-16,2016-06-22,19,17,1.1803,0.2639,1.2284,94.4705,85.5600,2.1111,4.3216,1.0000,0.0000
P9WKD3,2021-07-07,2021-04-14,16,16,0.4145,0.4234,0.2649,98.5275,97.1900,1.1167,1.9201,1.0000,0.0000
P9WMC1,2022-02-23,2011-12-21,18,17,0.3486,0.2553,0.3304,97.9967,95.8800,1.6797,2.6454,1.0000,0.0000
P9WN93,2019-09-25,2012-04-25,10,10,0.3810,1.8564,1.7998,98.1440,96.3800,1.5333,3.5575,1.0000,0.0000
P9WNC5,2025-02-19,2005-04-19,7,7,1.7352,0.2080,1.7293,87.6171,81.1900,4.3810,8.1065,1.0000,0.0000
P9WP99,2021-01-20,2006-03-28,14,14,1.2948,0.9439,0.4886,96.1164,89.5000,2.3022,4.1495,1.0000,0.0000
P9WPA5,2020-02-26,2012-04-11,18,18,0.1167,1.2915,1.2767,96.3200,89.9400,1.7484,2.6952,1.0000,0.0000
P9WPC9,2026-08-26,2020-05-13,13,13,0.7513,0.8786,0.7836,85.3169,49.1900,3.5064,23.8631,1.0000,0.0769
P9WPQ5,2021-10-27,2009-06-30,20,20,0.5870,0.3789,0.5415,97.7720,96.0600,1.4342,2.2197,1.0000,0.0000
P9WPY7,2019-02-20,2019-02-06,18,18,0.2189,0.3904,0.3076,98.5039,97.3100,1.2451,3.2952,1.0000,0.0000
P9WPZ9,2021-06-30,2021-06-30,13,13,0.1309,1.0576,1.0673,96.1723,73.4400,2.0769,2.5950,1.0000,0.0000
P9WQ37,2019-04-24,2012-01-25,30,29,0.9206,0.9878,0.7842,88.2333,66.2500,2.9598,6.5353,1.0000,0.0667
P9WQB1,2020-09-09,2008-03-11,18,17,0.5781,0.4394,0.6187,95.2117,79.6200,1.9216,4.0281,1.0000,0.0000
P9WQH5,2020-06-10,2013-07-03,10,10,0.6453,0.6267,0.3352,93.5440,86.1900,1.8778,4.5585,1.0000,0.0000
Q02321,2024-11-20,2024-11-20,8,8,0.0715,0.0563,0.0796,98.5950,98.0600,1.0357,4.7524,1.0000,0.0000
Q02790,2020-05-13,2002-12-30,16,16,0.5209,0.2576,0.5166,96.9531,94.3800,1.8333,8.3821,1.0000,0.0000
Q03181,2022-05-25,2000-03-11,30,30,0.6326,0.8109,0.5489,95.0953,85.3100,1.9655,7.2762,1.0000,0.0000
Q03555,2019-01-16,2014-08-27,21,21,0.8386,0.3462,0.8060,94.3757,77.2500,2.2595,11.5829,1.0000,0.0000
Q04M32,2020-08-12,2020-08-12,27,27,0.4295,0.3634,0.4645,96.2274,91.6900,1.7991,3.1480,1.0000,0.0000
Q05315,2019-06-05,2018-01-24,7,7,0.1407,0.1662,0.0854,98.7057,98.3100,1.0476,1.9069,1.0000,0.0000
Q06124,2021-09-01,2018-11-14,21,21,0.6663,0.4329,0.4719,84.2671,69.6200,4.9071,7.4935,2.0000,0.0476
Q06187,2019-03-20,2002-06-26,28,28,3.9036,0.5203,3.8045,89.4796,71.2500,3.3664,12.9305,1.0000,0.0000
Q06705,2022-07-13,2022-07-13,48,48,0.4208,0.7139,0.6510,96.6352,91.5600,1.9911,3.6245,1.0000,0.0000
Q06994,2021-03-31,2018-03-14,15,15,0.1624,0.2496,0.2961,96.5453,92.0000,1.4333,3.6863,1.0000,0.0000
Q07817,2021-02-24,2004-02-03,22,22,2.2438,2.5737,1.7384,83.4909,66.4400,3.1580,3.9436,1.0000,0.1818
Q07889,2021-03-24,2006-10-31,11,11,0.4690,0.2001,0.3952,95.8809,90.3800,1.4818,13.1575,1.0000,0.0000
Q08467,2025-12-10,2020-04-15,8,8,0.3229,0.3430,0.2942,96.5238,93.1900,1.7321,2.8071,1.0000,0.0000
Q09028,2021-05-12,2009-04-14,11,11,0.3118,0.2369,0.2424,98.5627,97.2500,1.2727,2.5499,1.0000,0.0000
Q09328,2020-08-05,2018-08-01,21,21,1.0230,0.8751,1.1721,85.4133,64.2500,2.9619,7.2028,1.0000,0.0952
Q09734,2023-09-06,2002-06-05,16,16,1.4466,0.8999,0.9973,97.2775,88.4400,1.7583,2.7255,1.0000,0.0000
Q0B4G1,2020-10-28,2011-11-16,16,16,0.2364,0.2361,0.3314,98.5319,96.1200,1.3708,2.0714,1.0000,0.0000
Q0C8G1,2022-12-14,2022-12-14,21,21,0.1630,0.1928,0.1647,98.8410,98.1200,1.1405,1.9613,1.0000,0.0000
Q0CMX0,2021-10-20,2021-10-20,15,15,0.1102,0.1704,0.1524,98.6807,97.6900,1.5095,2.0388,1.0000,0.0000
Q0CMZ1,2024-11-27,2024-11-27,10,10,0.3713,0.2265,0.2678,98.1320,95.3800,1.2444,1.9811,1.0000,0.0000
Q0DPB7,2021-12-08,2021-12-08,22,21,1.6562,0.9185,1.3751,86.6964,52.1200,5.0476,5.1369,1.0000,0.0455
Q0K313,2021-04-21,2021-04-21,18,18,0.1735,0.3367,0.3558,98.0944,93.6200,1.4379,2.3231,1.0000,0.0000
Q0P7K8,2021-05-26,2018-06-27,10,10,1.2630,0.3517,1.1190,95.1330,85.8800,1.8889,2.4146,1.0000,0.0000
Q0P8I4,2021-03-24,2020-10-21,21,21,0.6026,0.5162,0.6177,96.7586,89.3100,2.1381,2.7938,1.0000,0.0000
Q10QA5,2025-05-21,2013-01-30,10,10,0.4128,0.2699,0.2322,97.6630,95.0600,1.5111,2.1321,1.0000,0.0000
Q12852,2025-02-19,2015-10-14,19,19,1.3831,0.7454,0.9845,89.4226,60.0900,2.9825,7.4940,1.0000,0.1053
Q12931,2021-05-26,2016-03-02,16,16,1.1072,0.9693,0.8529,96.0031,88.0000,1.5500,7.7402,1.0000,0.0000
Q12KP2,2023-05-17,2023-05-17,10,9,0.5226,0.3496,0.6439,91.4960,82.8800,1.9778,3.6209,1.0000,0.0000
Q13043,2024-06-26,2008-04-15,19,19,0.2414,0.5818,0.5952,92.5526,75.7500,2.2105,6.3657,1.0000,0.0000
Q13093,2020-12-30,2009-06-23,10,9,0.2197,0.2101,0.1331,97.8870,94.0600,1.3111,2.3517,1.0000,0.0000
Q13153,2025-04-02,2005-05-24,18,18,1.2229,0.5703,1.0037,94.9267,85.8800,1.6993,4.1154,1.0000,0.0000
Q13191,2024-01-10,2026-06-17,16,15,2.7085,24.2219,22.9228,85.8713,76.2500,12.8333,13.9360,2.0000,0.0000
Q13231,2020-11-11,2015-07-08,20,20,0.2442,0.2541,0.1907,98.2895,93.5000,1.3974,5.3001,1.0000,0.0000
Q13451,2021-04-21,2011-06-01,20,20,2.0822,2.0730,0.2916,95.3970,85.6200,2.2342,6.7780,1.0000,0.0000
Q13469,2024-03-06,2024-03-06,11,11,0.3927,0.2935,0.2445,93.2600,89.6200,1.5636,12.6612,1.0000,0.0000
Q13526,2026-03-25,2009-09-22,14,14,0.1770,0.2052,0.2188,98.4836,97.6900,1.2473,2.5733,1.0000,0.0000
Q13572,2026-07-08,2007-02-13,20,20,0.2892,0.5518,0.6062,97.6605,93.6900,1.4316,2.7356,1.0000,0.0000
Q14145,2024-05-22,2005-10-04,19,19,0.3955,0.3347,0.3306,98.0426,96.0000,1.5380,6.8563,1.0000,0.0000
Q14289,2024-01-24,2024-03-13,21,21,0.7512,0.8405,1.1275,89.6719,66.0000,2.4571,19.4687,1.0000,0.0476
Q14914,2025-08-20,2025-08-20,22,22,0.5150,0.5855,0.6358,97.4714,95.0000,1.6299,2.4756,1.0000,0.0000
Q15047,2024-10-02,2008-08-12,16,16,1.2048,0.6271,1.1171,90.8869,79.1200,3.0792,21.2094,1.0000,0.0000
Q15059,2020-02-12,2026-04-08,12,12,0.5118,0.5768,0.3537,96.0767,91.8100,1.4848,19.1049,1.0000,0.0000
Q15119,2020-09-30,2006-02-02,30,28,1.1858,0.8295,0.8058,92.4870,62.2800,2.5816,4.3500,1.0000,0.0667
Q15562,2020-06-24,2015-12-23,22,21,0.6505,0.8285,0.2595,94.5286,89.1200,2.1407,9.4804,1.0000,0.0000
Q15JG1,2024-04-10,2013-01-09,17,17,0.2996,0.3466,0.4114,94.2947,86.3800,1.7941,3.8062,1.0000,0.0000
Q15KI8,2024-05-29,2006-02-28,19,19,1.3196,1.0141,0.3883,90.7079,81.6900,2.2749,3.6782,1.0000,0.0000
Q16531,2024-06-12,2008-09-16,8,8,0.1496,0.2693,0.3789,97.3050,96.1200,1.8036,8.2727,1.0000,0.0000
Q16539,2019-09-11,2012-10-31,30,27,2.1179,2.1549,0.9550,87.7977,57.6200,4.3494,5.3465,1.0000,0.1000
Q16548,2024-12-18,2020-06-03,19,18,0.8146,0.6031,0.9155,90.9711,84.1900,2.2076,3.4846,1.0000,0.0000
Q16552,2025-12-17,2013-05-22,11,11,0.4541,0.4272,0.3896,94.8064,92.4400,1.2455,7.6660,1.0000,0.0000
Q16555,2019-10-09,2017-09-20,7,7,0.1007,0.1340,0.1753,97.0714,96.5000,1.1190,3.8160,1.0000,0.0000
Q16658,2019-02-27,2025-06-25,18,18,2.7563,2.0060,0.9665,93.3967,81.5600,2.1993,4.4981,1.0000,0.0000
Q1KLR5,2024-01-31,2024-01-31,15,15,0.3752,0.5051,0.3140,97.1667,94.9400,1.5429,2.3066,1.0000,0.0000
Q1PBI3,2021-07-28,2021-07-28,18,18,0.9749,0.5699,0.4727,95.0544,89.1900,2.0882,3.3924,1.0000,0.0000
Q1QUN7,2019-09-11,2011-10-26,10,10,0.2416,0.1995,0.2551,98.2070,96.7500,1.1778,2.3096,1.0000,0.0000
Q25252,2025-08-13,2016-06-15,5,5,0.6301,0.4968,0.1753,97.4360,93.8100,1.1000,3.0346,1.0000,0.0000
Q2FDS6,2024-04-17,2024-02-21,16,16,2.4311,1.0110,2.4885,95.4256,88.8100,1.8000,2.8032,1.0000,0.0000
Q2FV39,2025-03-12,2025-08-27,6,6,0.2184,0.3069,0.2673,97.1667,93.8800,1.3667,2.3889,1.0000,0.0000
Q2FXG9,2023-01-18,2023-01-25,23,23,3.1897,0.8890,3.0299,98.0674,95.9400,1.4032,2.2207,1.0000,0.0000
Q2FZ58,2022-03-02,2024-11-06,25,25,2.4609,2.5265,2.0121,90.5404,74.8100,3.2200,8.1279,1.0000,0.0000
Q2FZ94,2024-05-01,2024-05-01,17,17,0.3581,0.4454,0.3492,93.2541,85.1900,2.1801,8.8562,1.0000,0.0000
Q2G036,2023-07-05,2020-03-25,12,12,0.3496,0.2589,0.2974,97.9733,95.5000,1.4697,2.6285,1.0000,0.0000
Q2G0V3,2025-09-03,2026-04-15,19,19,1.5835,0.2748,1.6384,96.1916,88.7500,2.0263,2.9001,1.0000,0.0000
Q2G159,2020-01-22,2020-01-22,18,18,1.5079,0.9348,0.8221,93.5206,78.5600,2.8105,3.8892,1.0000,0.0000
Q2G1P3,2025-07-16,2025-07-16,25,24,0.1799,0.8662,0.9003,96.8660,75.1900,1.8617,2.8353,1.0000,0.0000
Q2HBN6,2020-06-24,2020-06-24,23,23,0.2792,0.1610,0.1833,98.4100,94.8800,1.5296,2.1493,1.0000,0.0000
Q2RRP5,2026-02-04,2026-02-04,21,18,1.9677,0.1552,2.0043,97.0710,89.5000,1.6190,2.6277,1.0000,0.0000
Q2SVY7,2024-11-13,2024-11-13,9,9,0.1307,0.6891,0.6834,92.7989,76.3100,2.5556,3.6402,1.0000,0.0000
Q2T5A3,2020-01-15,2020-01-15,17,16,0.6683,0.1605,0.7030,98.7259,97.9400,1.1728,1.9279,1.0000,0.0000
Q2TR58,2022-11-23,2024-12-11,18,18,0.4573,0.5002,0.4264,96.7878,91.3800,1.8333,2.6270,1.0000,0.0000
Q31KX8,2019-05-08,2019-05-08,8,8,0.5441,0.4757,0.2415,95.8450,92.8800,1.7857,2.8400,1.0000,0.0000
Q31LX1,2019-03-06,2019-03-06,22,22,2.1811,1.1998,2.5238,96.7500,93.5000,1.6299,2.4819,1.0000,0.0000
Q31Q61,2022-08-24,2022-06-01,12,12,0.5262,0.2590,0.4562,93.2767,88.8800,1.9394,2.9853,1.0000,0.0000
Q396C9,2025-04-16,2008-12-30,21,21,0.3368,0.3694,0.3690,98.3581,95.6900,1.5262,2.4233,1.0000,0.0000
Q3T9E4,2021-11-03,2021-11-03,19,18,4.0356,2.0665,2.8208,88.6226,57.9700,3.0322,6.0842,1.0000,0.0526
Q3TBT3,2026-02-11,2013-05-29,13,13,0.4721,2.3943,2.2686,96.9277,92.9400,1.7756,4.8504,1.0000,0.0000
Q45589,2024-03-27,2024-03-27,8,8,0.2784,0.1832,0.1861,97.1950,95.5000,1.3036,10.5940,1.0000,0.0000
Q47943,2023-03-01,2023-01-18,37,32,1.4529,0.4358,1.3544,97.7897,93.9400,1.7350,2.8323,1.0000,0.0000
Q4E4E1,2021-10-06,2021-10-06,5,5,0.1353,0.1268,0.0816,98.2740,98.0000,1.0000,3.1116,1.0000,0.0000
Q4JIX5,2022-02-02,2022-02-02,11,11,3.1201,0.6573,2.9580,93.3700,85.2500,1.9364,3.2621,1.0000,0.0000
Q4K977,2024-02-21,2019-11-20,10,10,0.0953,0.2472,0.2851,98.3560,97.1900,1.2222,1.9649,1.0000,0.0000
Q4R2T2,2022-06-22,2022-06-22,23,22,0.1846,1.1344,1.1313,95.9374,70.9400,2.1087,2.7647,1.0000,0.0000
Q4WAZ0,2019-09-18,2019-09-18,22,22,0.2795,0.4666,0.3940,90.6082,75.6200,2.1883,18.5163,1.0000,0.0000
Q4WQY4,2022-07-27,2022-07-27,29,29,1.1724,0.7577,1.6158,97.0597,90.1900,2.1798,3.8649,1.0000,0.0000
Q4WZB3,2024-03-13,2024-03-13,14,14,0.1582,0.3811,0.4363,96.9379,91.8100,1.7912,2.5720,1.0000,0.0000
Q51947,2022-12-28,2019-05-08,19,19,0.1981,0.5208,0.4473,96.7268,90.3100,1.8743,2.4075,1.0000,0.0000
Q53008,2021-07-21,2019-11-06,26,25,2.8816,0.8513,2.6195,87.4758,68.2500,3.4938,4.7644,1.0000,0.0769
Q53826,2022-05-11,2022-05-11,17,17,0.4321,0.9462,1.0195,94.2059,88.6900,1.8051,3.3445,1.0000,0.0000
Q53RT3,2026-09-02,2026-09-02,16,16,2.3180,1.0905,1.7089,85.0913,68.9400,6.3917,11.4966,1.0000,0.0625
Q55012,2020-08-26,2020-08-26,22,19,0.4139,0.4211,0.6676,94.9173,80.4400,1.9978,2.4611,1.0000,0.0000
Q55650,2020-02-26,2020-01-15,17,17,0.2532,0.1506,0.2305,95.8376,87.1200,1.8235,2.6499,1.0000,0.0000
Q57834,2020-07-01,2021-03-31,14,13,0.2619,0.1697,0.3474,98.0621,93.8100,1.4066,2.4998,1.0000,0.0000
Q58241,2023-07-26,2023-07-19,23,23,0.3016,4.2846,4.4175,95.9048,88.6200,3.8241,5.3379,1.0000,0.0000
Q58380,2021-01-13,2024-01-31,16,16,0.1757,0.2980,0.2136,93.8519,90.1200,2.6292,3.3262,1.0000,0.0000
Q58605,2021-11-17,2021-11-17,13,13,1.0092,0.9615,0.2480,97.5085,87.0600,1.5705,3.2485,1.0000,0.0000
Q58929,2024-05-29,2024-05-29,28,28,0.2277,0.3284,0.3235,97.5139,92.5000,1.6270,2.4543,1.0000,0.0000
Q58993,2020-07-22,2020-07-22,30,27,2.8481,0.8000,2.3041,89.2707,63.3800,3.3782,3.8225,1.0000,0.0667
Q58F21,2022-05-18,2007-10-23,17,16,2.9466,0.9470,2.9645,93.8006,89.0600,1.8456,20.1470,1.0000,0.0000
Q59702,2026-01-14,2026-01-14,15,14,0.1691,0.2528,0.2776,98.0753,95.9400,1.5476,2.6410,1.0000,0.0000
Q5AAJ8,2021-05-19,2021-04-21,27,27,0.3506,0.4524,0.4776,94.1674,81.4400,2.3704,4.7891,1.0000,0.0000
Q5CR64,2025-07-16,2025-04-30,15,15,0.1404,0.4157,0.3502,95.2900,91.2500,2.1381,2.5647,1.0000,0.0000
Q5DQT1,2024-11-06,2024-11-06,4,4,0.5707,0.2277,0.6504,95.1725,93.2500,1.8333,3.2147,1.0000,0.0000
Q5FA94,2020-05-13,2020-05-13,17,17,0.3140,0.4671,0.2925,95.2129,84.3100,1.7941,2.6483,1.0000,0.0000
Q5FI30,2023-05-17,2023-05-17,17,16,0.3685,0.2216,0.3989,97.9988,94.2500,1.4596,2.2016,1.0000,0.0000
Q5HNZ7,2023-12-13,2023-12-13,21,21,0.1997,1.0960,1.0255,89.2143,61.4700,4.0476,9.4716,1.0000,0.1429
Q5JF22,2026-09-30,2014-03-19,10,10,0.1783,0.2394,0.2947,98.6070,97.6900,1.2778,2.8010,1.0000,0.0000
Q5JIY7,2024-06-19,2024-06-19,22,22,0.6019,0.8642,1.0528,91.9350,74.3800,2.8160,3.6539,1.0000,0.0000
Q5KQI6,2021-09-22,2020-06-03,27,27,0.5968,0.4774,0.3313,96.2078,90.6200,1.7849,3.2538,1.0000,0.0000
Q5S6Z9,2025-04-16,2023-09-27,28,26,0.2294,0.2047,0.2886,97.3568,85.0000,1.7831,2.1264,1.0000,0.0000
Q5SHZ3,2020-05-06,2006-08-29,24,24,7.0991,0.4602,7.0658,90.2371,74.0600,3.5833,4.2968,1.0000,0.0000
Q5SL35,2020-07-29,2013-09-25,18,18,2.7485,0.5070,2.6352,94.2633,87.3100,2.5523,3.4790,1.0000,0.0000
Q5SM35,2022-12-07,2007-11-13,17,17,0.1880,0.2299,0.3026,97.6318,94.0000,1.5110,3.1894,1.0000,0.0000
Q5T280,2024-10-23,2024-10-23,24,23,0.3037,0.2547,0.3464,95.5333,90.1200,1.6576,6.5598,1.0000,0.0000
Q5T440,2019-03-13,2019-04-03,8,8,0.0771,0.1004,0.1208,96.8988,94.8800,1.1607,3.1662,1.0000,0.0000
Q5ZRL9,2023-04-12,2023-04-12,27,27,0.2119,0.4434,0.4425,91.2804,70.1900,2.6667,5.1028,1.0000,0.0000
Q5ZSJ1,2023-07-12,2023-07-12,27,27,0.3697,0.5047,0.2760,98.0407,94.5000,1.4687,2.3891,1.0000,0.0000
Q5ZSZ6,2022-06-29,2022-06-29,22,22,0.8622,4.1937,4.6978,81.0064,36.9100,6.4654,6.0774,1.0000,0.2273
Q61091,2020-02-26,2001-07-11,12,12,0.5087,0.4312,0.4074,89.3333,77.6200,1.9621,21.1756,1.0000,0.0000
Q62191,2024-11-27,2008-04-15,3,3,0.0109,0.4722,0.4828,90.3733,90.0600,2.6667,13.6759,1.0000,0.0000
Q643B9,2023-11-22,2023-11-22,17,17,0.1001,0.4133,0.4057,96.9559,94.8800,1.5662,2.6766,1.0000,0.0000
Q67A25,2019-10-09,2017-09-27,20,20,0.3770,0.2951,0.2957,97.5840,95.1200,1.5263,3.0518,1.0000,0.0000
Q6BCB5,2024-03-13,2024-03-13,13,13,0.0992,0.5199,0.4864,96.8877,94.1200,1.7756,2.5042,1.0000,0.0000
Q6BDJ2,2022-07-13,2022-07-13,32,32,0.7352,0.4735,0.5508,96.1887,72.6200,1.9506,2.5367,1.0000,0.0000
Q6DCU6,2024-07-17,2024-07-17,20,20,0.2086,0.3896,0.3487,97.5495,93.9400,1.4868,2.8049,1.0000,0.0000
Q6FWV7,2024-10-30,2024-10-30,14,14,0.3959,0.2953,0.3943,94.9507,90.5600,1.7857,19.1674,1.0000,0.0000
Q6MM15,2021-02-17,2021-02-17,25,24,0.4944,0.7537,0.8279,92.7672,86.2500,2.6633,9.8315,1.0000,0.0000
Q6NZB1,2022-03-23,2020-09-30,27,24,1.7760,0.8029,1.9797,95.4796,86.7500,2.1695,3.2711,1.0000,0.0000
Q6QJ55,2024-10-23,2024-10-23,21,21,0.4321,0.4742,0.2914,97.7352,94.2500,1.6095,2.3878,1.0000,0.0000
Q6SZW1,2022-03-23,2022-09-21,15,15,0.2135,0.4168,0.4989,88.5993,69.0600,2.5905,19.6354,1.0000,0.0667
Q6V1X1,2021-07-07,2018-02-07,24,22,1.5990,1.5571,0.4096,91.4779,57.3800,3.0308,5.0273,1.0000,0.0833
Q6W7J7,2020-06-10,2018-12-12,13,13,0.1985,0.1819,0.2343,97.5438,93.6900,1.4936,2.6840,1.0000,0.0000
Q6WVP7,2022-05-11,2024-07-24,36,36,0.9141,0.6872,0.3659,96.9119,80.9400,1.9603,2.3669,1.0000,0.0000
Q6XEC0,2026-04-01,2015-02-25,15,15,0.2038,0.2348,0.2535,98.5047,96.8100,1.3000,1.8366,1.0000,0.0000
Q6ZXB6,2023-09-20,2014-01-08,18,18,0.4657,0.5197,0.2640,98.6600,97.5000,1.2157,1.9710,1.0000,0.0000
Q6ZZZ2,2025-12-24,2025-12-24,17,17,0.2083,1.7216,1.7698,97.1388,90.6200,1.5993,2.3238,1.0000,0.0000
Q73VN9,2023-12-13,2023-12-13,21,21,0.2397,0.3857,0.3314,97.7852,96.2500,1.2048,3.0452,1.0000,0.0000
Q76NL8,2021-12-01,2012-05-23,17,17,0.5287,1.0146,0.7486,89.9006,78.5000,3.0000,6.4220,1.0000,0.0000
Q79FX8,2022-02-02,2006-01-17,16,14,0.4111,1.5523,1.5212,94.2981,88.0000,1.7333,3.4014,1.0000,0.0000
Q79N53,2022-01-12,2022-01-12,25,25,0.2888,0.2873,0.4183,92.0672,69.1900,2.4667,4.1622,1.0000,0.0400
Q7CTU0,2025-08-20,2020-09-02,24,24,0.6191,0.5475,0.1863,97.1650,93.2500,2.0652,2.6096,1.0000,0.0000
Q7JYX0,2020-01-29,2019-10-02,17,17,0.1795,0.2810,0.2719,97.4294,93.8800,1.5625,2.9663,1.0000,0.0000
Q7MZP1,2025-10-29,2025-10-29,5,5,0.0887,0.0838,0.1445,97.3640,93.6900,1.6000,2.6802,1.0000,0.0000
Q7N8J0,2021-03-17,2021-03-17,9,9,0.0777,0.1497,0.1239,98.6400,98.0000,1.1389,2.5825,1.0000,0.0000
Q7WUJ1,2026-07-29,2004-11-09,14,14,1.0876,0.1506,1.1008,98.2250,95.3800,1.4176,2.0046,1.0000,0.0000
Q7Z4V5,2024-11-06,2008-09-16,8,8,0.1416,0.1872,0.2333,94.4137,91.8800,2.1429,19.1786,1.0000,0.0000
Q7Z739,2023-12-13,2023-12-13,5,5,0.2264,0.2057,0.1020,96.5880,93.9400,1.0000,2.9524,1.0000,0.0000
Q7Z8P9,2020-11-04,2019-03-13,15,15,0.3504,0.3038,0.3764,97.3447,94.2500,1.6333,2.2007,1.0000,0.0000
Q815N5,2026-04-22,2026-04-22,7,7,7.1352,0.9046,7.0178,91.9829,81.7500,2.6190,3.5675,1.0000,0.0000
Q82H41,2020-07-22,2020-06-24,19,19,0.3973,0.7278,0.4489,92.2047,78.8800,2.3012,3.3203,1.0000,0.0000
Q86C09,2020-10-07,2015-04-15,8,8,0.6363,0.3895,0.3288,97.7338,95.1200,1.1607,2.8274,1.0000,0.0000
Q88HJ8,2020-10-14,2020-10-14,19,19,0.5053,0.4472,0.4163,96.9700,91.6900,1.7515,3.1271,1.0000,0.0000
Q8A028,2023-06-14,2023-06-14,21,21,0.2322,0.5188,0.3778,96.9533,90.1900,2.0119,3.2402,1.0000,0.0000
Q8C9A2,2019-09-04,2016-05-04,7,7,0.1418,0.2037,0.1500,98.3657,97.6900,1.0238,2.7776,1.0000,0.0000
Q8DAP0,2021-03-03,2021-03-03,24,24,0.6270,0.2732,0.6007,98.1567,95.7500,1.3406,2.2715,1.0000,0.0000
Q8F424,2026-04-08,2026-04-08,18,15,0.6137,0.8317,0.4338,83.7050,53.4400,2.8595,15.4433,1.0000,0.1667
Q8I6X8,2024-06-05,2024-06-05,14,14,0.1877,0.3540,0.4030,96.4829,88.0000,2.0275,2.7468,1.0000,0.0000
Q8IJ72,2025-04-02,2021-05-26,11,11,0.3235,0.3731,0.4323,92.9727,86.8800,2.7818,20.6562,1.0000,0.0000
Q8IK82,2026-05-13,2014-03-19,15,15,0.4393,0.3344,0.2504,97.7667,96.0600,1.4905,4.7674,1.0000,0.0000
Q8INK6,2021-05-19,2021-05-19,25,23,6.1282,7.3461,1.7684,93.6544,37.1200,4.4333,3.6299,1.0000,0.0800
Q8IW75,2025-10-08,2015-11-11,7,7,2.3166,1.0835,1.8027,85.2871,74.9400,3.9048,5.3718,1.0000,0.0000
Q8KFZ1,2025-07-30,2008-09-30,16,16,0.9886,0.6748,0.7089,94.5069,88.5600,2.0458,3.0988,1.0000,0.0000
Q8KHZ8,2020-05-27,2007-02-13,41,41,0.2015,0.5443,0.5560,95.7790,67.6200,2.3488,3.3325,1.0000,0.0244
Q8KRS7,2026-03-04,2018-11-21,28,28,0.8845,0.8371,0.5686,93.7282,89.3100,2.3532,3.3352,1.0000,0.0000
Q8KVU4,2024-11-20,2024-11-20,16,16,0.1534,0.1545,0.1954,98.6175,96.1900,1.2417,1.9547,1.0000,0.0000
Q8LDU1,2020-12-16,2020-12-16,6,6,0.3987,0.2121,0.2496,93.9167,89.0000,1.4667,3.7364,1.0000,0.0000
Q8LFA9,2021-09-01,2021-09-01,23,21,0.6811,0.6690,0.9275,91.4596,65.0000,4.1047,5.2337,1.0000,0.0435
Q8MYA9,2022-10-26,2022-10-26,24,23,0.3395,0.6953,0.9255,96.4950,91.1200,1.9004,3.3742,1.0000,0.0000
Q8N371,2022-12-21,2018-04-04,13,13,0.8399,0.2261,0.8556,98.4046,97.1200,1.2564,3.3386,1.0000,0.0000
Q8N5Z0,2020-03-04,2018-05-02,16,16,0.7500,0.6222,0.3026,97.3394,92.6200,1.8042,3.1392,1.0000,0.0000
Q8NB16,2020-09-16,2013-10-16,27,27,1.5117,1.4723,0.2367,93.5859,84.1900,1.9245,11.0180,1.0000,0.0000
Q8NFU5,2024-12-11,2017-09-13,17,15,0.2549,0.1804,0.2064,96.5282,90.0000,1.4154,2.5363,1.0000,0.0000
Q8NK89,2020-02-26,2004-09-14,11,11,0.0994,0.1319,0.1389,98.7736,98.5600,1.0000,2.4243,1.0000,0.0000
Q8NNJ2,2021-08-18,2021-08-18,26,26,0.5605,0.3973,0.4826,95.9565,89.7500,2.2185,16.3140,1.0000,0.0000
Q8NQI2,2023-07-26,2023-07-26,22,22,0.6638,1.1288,1.1642,93.2577,82.1200,2.3939,4.3842,1.0000,0.0000
Q8RLA6,2023-04-05,2010-02-23,18,18,0.1849,0.2025,0.1512,97.5244,92.2500,1.4706,2.1749,1.0000,0.0000
Q8TB36,2021-02-24,2023-04-26,10,9,0.3290,0.6581,0.7567,94.7130,82.0600,2.3556,5.7688,1.0000,0.0000
Q8TF42,2024-02-07,2017-08-16,13,13,0.2991,0.5071,0.5401,93.4331,83.8100,1.8462,14.7355,1.0000,0.0000
Q8TF76,2020-06-03,2009-11-10,22,22,0.4233,0.3415,0.3983,94.9600,81.5000,2.3009,3.5694,1.0000,0.0000
Q8TG26,2023-02-15,2002-08-12,7,7,0.1671,0.2467,0.1535,98.4629,98.0000,1.0476,1.9767,1.0000,0.0000
Q8TZI9,2022-02-09,2022-02-09,21,21,0.2328,0.4895,0.4610,95.8514,89.3800,1.8000,2.7558,1.0000,0.0000
Q8VZS8,2024-09-04,2009-12-08,15,15,1.1051,2.2929,2.0365,90.3580,79.0600,3.9714,5.1539,1.0000,0.0000
Q8WSF8,2020-02-12,2011-03-23,8,8,2.0367,0.9965,1.0857,89.2887,76.6900,2.8393,4.8996,1.0000,0.0000
Q8WVM7,2019-08-21,2019-04-10,6,6,0.1357,0.1955,0.2661,90.6567,88.2500,1.0000,7.5752,1.0000,0.0000
Q8X251,2025-11-19,2025-11-19,16,16,1.2747,1.3563,0.4025,97.2262,91.4400,1.6958,2.2557,1.0000,0.0000
Q8XMB9,2019-07-17,2019-07-17,7,7,0.1374,0.6009,0.6298,89.0986,80.9400,3.2143,12.5023,1.0000,0.0000
Q8XNB2,2019-08-28,2016-11-30,15,14,0.1426,0.1965,0.2212,97.7047,91.9400,1.6048,2.0396,1.0000,0.0000
Q8Y8D7,2025-03-19,2016-11-09,19,19,0.7994,0.5409,0.7793,91.7232,70.1200,2.6374,3.9066,1.0000,0.0000
Q8YIN7,2023-12-27,2023-12-27,31,31,1.0399,0.9583,0.5768,97.5084,89.9400,1.7269,2.2526,1.0000,0.0000
Q8YMD9,2020-04-01,2020-04-01,29,29,0.6364,0.3062,0.5910,94.6072,86.7500,1.9532,6.3965,1.0000,0.0000
Q8ZKT7,2021-04-14,2005-08-16,17,16,1.3618,0.1694,1.3503,98.3271,94.6900,1.4449,1.8423,1.0000,0.0000
Q8ZRC9,2024-04-17,2024-04-17,7,7,0.3245,0.2579,0.3447,94.9100,87.1900,2.1667,7.7184,1.0000,0.0000
Q90249,2022-11-09,2010-04-28,18,18,2.5232,2.3505,0.8240,89.9861,73.1900,2.9869,3.3805,1.0000,0.0000
Q91VE3,2019-01-02,2018-06-27,15,15,0.1835,0.2117,0.1610,95.9713,90.1900,1.6714,2.4064,1.0000,0.0000
Q91XB0,2023-11-08,2021-02-17,15,15,1.3108,0.3222,1.3259,97.8427,93.0000,1.3381,2.5801,1.0000,0.0000
Q92830,2019-05-01,2008-07-15,14,14,0.3035,0.2909,0.2853,94.1779,89.6900,2.1044,24.9592,1.0000,0.0000
Q92835,2020-11-11,2019-01-16,6,6,0.0642,0.1325,0.1169,98.3033,97.3800,1.1000,9.4175,1.0000,0.0000
Q92876,2022-11-23,2002-05-16,24,24,4.1220,0.2751,4.1194,96.5058,92.4400,1.6504,2.4801,1.0000,0.0000
Q92918,2026-08-05,2018-12-19,23,22,2.5488,2.7512,1.9436,84.0587,36.9100,4.2411,16.3735,1.0000,0.1739
Q92N06,2020-06-24,2020-06-24,16,16,0.7320,0.8855,0.3837,94.0431,82.9400,2.3083,3.0172,1.0000,0.0000
Q93009,2026-05-20,2003-01-07,23,22,1.0266,2.3924,2.1588,85.3204,64.5000,3.5711,15.2386,1.0000,0.1304
Q93GI5,2023-06-07,2023-06-07,13,13,0.2232,0.2149,0.2543,98.7908,98.3800,1.3974,2.6809,1.0000,0.0000
Q93TK0,2021-01-13,2021-01-13,22,22,0.1952,0.3282,0.2456,90.7864,78.9400,2.1472,3.7719,1.0000,0.0000
Q96DC9,2019-12-18,2004-08-03,11,11,0.4293,0.5543,0.4005,94.9109,88.8800,1.9091,3.1837,1.0000,0.0000
Q96EP0,2024-11-27,2014-05-07,14,14,0.4596,2.2512,2.2167,86.6786,76.1200,3.5275,23.7032,1.0000,0.0000
Q96R05,2019-02-13,2003-01-14,24,24,0.9633,0.6709,0.7054,94.9950,86.7500,2.1449,2.7856,1.0000,0.0000
Q96T88,2021-01-27,2021-02-24,6,6,0.0943,1.3578,1.3469,86.6367,80.9400,2.3000,20.3905,1.0000,0.0000
Q973C7,2021-12-15,2005-12-06,16,16,0.4393,0.5581,0.3790,96.9456,93.3100,1.5250,2.4745,1.0000,0.0000
Q980A5,2019-04-17,2016-08-24,28,27,4.2230,0.6826,4.2634,87.6400,59.3100,3.7619,6.4698,1.0000,0.1071
Q99497,2022-08-10,2008-01-15,14,14,0.3018,0.2561,0.1202,98.6464,98.2500,1.2198,1.8440,1.0000,0.0000
Q99KQ4,2021-11-24,2006-07-25,22,22,0.2198,0.3822,0.2671,98.3645,96.8800,1.4524,2.8048,1.0000,0.0000
Q99ZN4,2021-12-29,2022-01-12,15,14,0.5610,0.2741,0.3971,90.2413,76.9400,2.3333,5.3459,1.0000,0.0000
Q9AIU0,2021-10-06,2010-05-12,14,14,0.1960,0.2065,0.2682,96.8021,90.1200,1.5000,2.5737,1.0000,0.0000
Q9BPX1,2019-07-31,2016-07-13,32,32,1.3737,0.1770,1.2939,98.1228,93.1900,1.5887,2.5620,1.0000,0.0000
Q9BRQ3,2020-07-01,2017-08-02,10,10,0.1769,0.3703,0.3188,93.9260,81.6900,2.0333,3.2511,1.0000,0.0000
Q9BWD1,2026-06-10,2026-06-10,17,17,0.1586,0.3109,0.2707,97.4335,94.2500,1.6912,2.7457,1.0000,0.0000
Q9BYJ9,2022-11-23,2023-03-01,8,8,0.0939,0.1713,0.1373,96.8425,94.2500,1.2857,3.0428,1.0000,0.0000
Q9BZX2,2022-10-12,2004-05-04,6,6,0.1720,0.4740,0.5190,97.5833,96.5600,1.5000,2.6522,1.0000,0.0000
Q9C029,2025-01-15,2022-08-03,21,21,0.3830,0.6392,0.5533,92.9552,85.8800,2.7167,18.7935,1.0000,0.0000
Q9C0D3,2021-07-14,2021-07-14,11,11,0.8916,1.1748,1.8029,90.4509,72.8100,2.7455,6.9852,1.0000,0.0000
Q9F5Q9,2020-01-01,2020-01-01,19,18,0.2547,0.2356,0.3071,94.6442,86.9400,1.9678,3.2550,1.0000,0.0000
Q9F663,2025-07-09,2021-05-26,14,14,0.2085,0.1075,0.2229,98.6564,97.8100,1.1429,1.9716,1.0000,0.0000
Q9GV45,2023-08-23,2016-01-13,12,12,1.7889,0.4780,1.5726,91.2142,86.7500,2.7273,3.8297,1.0000,0.0000
Q9GZQ8,2024-09-04,2017-07-12,4,4,0.1449,0.2415,0.3081,97.6100,97.0000,1.0000,3.0586,1.0000,0.0000
Q9H3L0,2020-09-16,2015-09-23,6,6,0.7828,0.7659,0.2082,93.1983,90.8100,2.6000,9.7517,1.0000,0.0000
Q9H492,2022-01-12,2015-06-03,9,9,0.2954,0.3373,0.2823,96.7156,95.3100,1.3056,2.5524,1.0000,0.0000
Q9H6P5,2025-11-05,2005-11-01,27,27,1.2535,1.1794,0.7256,92.9881,82.6200,2.1923,3.1767,1.0000,0.0000
Q9H8M2,2026-09-16,2009-06-23,12,12,0.5017,0.4756,0.2460,96.9067,94.6900,1.7424,18.3511,1.0000,0.0000
Q9HAC7,2024-08-07,2024-08-07,15,15,0.2967,0.5571,0.4954,96.6087,92.9400,1.9095,3.3623,1.0000,0.0000
Q9HJN6,2025-04-02,2024-11-27,20,20,0.5811,0.7172,0.5273,95.4410,82.7500,2.1421,5.9056,1.0000,0.0000
Q9HT32,2024-08-14,2024-08-14,19,19,0.4076,1.0074,0.8782,94.3274,74.1900,2.1754,2.8200,1.0000,0.0000
Q9HVW9,2025-08-13,2025-01-15,16,16,0.2726,0.3805,0.5533,94.7306,85.9400,2.0125,3.8788,1.0000,0.0000
Q9HW71,2020-05-13,2020-09-16,23,23,0.6462,0.7990,0.7452,93.5770,76.9400,2.6897,3.4092,1.0000,0.0000
Q9HWI0,2023-08-30,2023-08-30,30,29,5.6809,5.0600,2.3928,84.4910,56.4400,7.0839,6.7219,1.0000,0.1667
Q9I1N2,2025-03-05,2016-01-06,11,11,0.2856,0.2115,0.1702,98.7582,98.4400,1.2727,1.9270,1.0000,0.0000
Q9I2C4,2025-01-29,2024-12-11,33,33,0.3990,0.4267,0.3406,98.2948,96.0600,1.7178,2.7628,1.0000,0.0000
Q9I4Z7,2023-03-08,2023-03-08,6,6,0.1440,0.1535,0.1532,96.0933,93.0600,1.2667,3.4715,1.0000,0.0000
Q9I562,2024-05-15,2025-07-09,16,16,0.1681,0.3977,0.3283,97.5106,92.2500,1.7042,3.2892,1.0000,0.0000
Q9JN89,2020-09-30,2021-02-03,14,14,0.2276,0.1910,0.1289,96.5400,91.3100,1.6813,2.4379,1.0000,0.0000
Q9JZ38,2020-12-09,2019-11-13,11,10,0.2890,0.6081,0.5295,96.2564,81.1200,2.0545,3.3743,1.0000,0.0000
Q9K499,2020-12-16,2017-10-18,16,14,0.4936,0.0821,0.5004,98.6875,98.3800,1.2083,1.7250,1.0000,0.0000
Q9KH42,2021-07-28,2009-08-18,14,14,0.5242,0.3395,0.2856,97.8357,95.5600,1.2912,3.0488,1.0000,0.0000
Q9KK62,2023-11-01,2006-09-19,21,21,1.4152,0.8786,0.9646,94.6467,83.3100,2.2643,3.1433,1.0000,0.0000
Q9KKP2,2022-07-20,2022-07-20,18,15,3.0854,0.2878,2.9973,94.1139,76.6200,2.5882,3.0366,1.0000,0.0000
Q9KL03,2019-07-10,2020-12-16,15,14,4.5285,0.3625,4.5801,96.8320,91.3100,1.7952,2.5471,1.0000,0.0000
Q9KR64,2020-12-30,2017-01-25,19,18,2.8545,2.0642,0.8194,94.5237,81.4400,2.9649,3.3830,1.0000,0.0000
Q9L0T8,2022-04-20,2006-12-19,20,20,0.1808,0.3847,0.3589,96.3030,85.8800,2.7132,3.1622,1.0000,0.0000
Q9L1K2,2021-07-14,2011-09-14,17,17,0.2981,0.1588,0.2406,98.2353,96.8100,1.5809,3.2304,1.0000,0.0000
Q9L5C7,2019-11-20,2023-04-05,16,15,0.4912,0.3256,0.4507,98.7037,97.5600,1.1792,1.9339,1.0000,0.0000
Q9NPD8,2024-02-28,2005-02-15,11,11,0.1459,0.2563,0.2428,96.9273,95.9400,1.3091,2.6031,1.0000,0.0000
Q9NSU2,2025-05-21,2022-08-03,21,20,0.5047,0.4476,0.3044,97.6310,95.7500,1.4000,2.6863,1.0000,0.0000
Q9NUW8,2019-11-13,2002-02-20,13,13,0.3064,0.3351,0.4193,97.7308,95.8100,1.2564,3.4499,1.0000,0.0000
Q9NWZ3,2019-02-13,2007-03-20,22,22,0.9254,0.4876,0.6725,94.1900,73.7500,2.2446,6.7058,1.0000,0.0000
Q9NZH8,2019-06-26,2014-06-25,16,16,0.9000,0.8861,0.1324,97.2894,93.5600,1.4292,2.4515,1.0000,0.0000
Q9NZQ7,2025-06-18,2015-11-04,14,14,0.1849,0.1647,0.2393,97.3664,95.6900,1.3297,6.9576,1.0000,0.0000
Q9QY93,2020-01-29,2005-07-19,9,9,1.5400,0.2117,1.6250,98.2711,97.0600,1.5833,3.5840,1.0000,0.0000
Q9QZL0,2025-05-07,2013-10-16,23,23,1.2346,1.1975,0.3258,92.7143,75.1200,2.4071,3.8665,1.0000,0.0000
Q9R5V5,2024-12-04,2000-07-26,17,17,0.2747,0.6596,0.5440,95.8235,89.7500,1.8787,2.3777,1.0000,0.0000
Q9R9S4,2024-10-09,2024-10-09,23,23,2.7621,1.1885,2.4312,93.7135,80.7500,2.6937,3.4682,1.0000,0.0000
Q9RBS3,2019-06-12,2019-06-12,5,5,0.2819,0.4774,0.2411,93.9860,90.8100,1.1500,5.5417,1.0000,0.0000
Q9RN64,2024-08-07,2006-07-18,26,26,1.4137,0.7458,1.2401,96.5927,87.5600,1.9031,2.2760,1.0000,0.0000
Q9RPT0,2021-04-07,2021-04-07,18,18,0.4916,0.5988,0.7398,95.7256,89.0600,1.6471,3.0512,1.0000,0.0000
Q9SQR3,2025-04-23,2024-07-31,17,17,0.3735,0.4608,0.5759,97.6806,95.0600,1.7500,2.3372,1.0000,0.0000
Q9SVP6,2021-06-09,2021-06-09,33,30,3.2599,0.5170,3.1516,91.7027,64.8800,3.8172,4.1197,1.0000,0.0303
Q9SZU7,2024-12-04,2013-05-08,16,16,0.2745,0.2386,0.3028,96.6144,92.8100,1.6417,2.3612,1.0000,0.0000
Q9UBC3,2020-04-08,2009-03-31,8,8,1.5221,0.2906,1.5696,88.8350,81.3800,2.5357,22.3566,1.0000,0.0000
Q9UBH6,2024-06-12,2024-06-12,10,10,0.2422,0.3027,0.3083,90.3690,79.0600,2.8111,15.5175,1.0000,0.0000
Q9UDY8,2026-09-02,2012-03-14,23,23,1.2975,0.9560,1.4842,89.0109,71.2500,2.6779,14.7706,1.0000,0.0000
Q9UIJ7,2020-09-16,2005-05-17,30,30,0.3175,1.9027,1.8161,94.1287,82.6900,3.3713,4.2161,1.0000,0.0000
Q9UKK9,2019-12-25,2006-11-14,4,4,0.2042,0.2285,0.2126,97.6725,97.2500,1.3333,2.4683,1.0000,0.0000
Q9UM07,2025-05-28,2011-01-26,21,21,0.7723,0.9411,0.7953,98.6352,98.2500,1.2476,3.6476,1.0000,0.0000
Q9UUN9,2025-07-30,2023-12-27,27,27,1.6221,0.8029,1.2094,93.7411,75.5000,2.4160,3.1102,1.0000,0.0000
Q9VAA9,2020-07-01,2020-07-01,10,10,0.3671,0.2861,0.3629,93.5870,90.2500,2.2556,22.6982,1.0000,0.0000
Q9VUG1,2020-07-29,2011-07-27,21,21,2.1710,1.6132,0.6980,88.1781,75.5000,3.3762,7.6807,1.0000,0.0000
Q9W138,2023-08-16,2023-08-30,21,20,0.9460,0.4312,0.8459,95.4257,88.0000,1.6214,2.8898,1.0000,0.0000
Q9W469,2021-07-21,2021-07-21,23,23,1.6324,0.5481,1.2261,97.2713,91.2500,1.5791,2.4135,1.0000,0.0000
Q9WYP6,2021-05-05,2004-05-04,10,10,0.7965,0.3990,0.5500,94.1320,83.3800,1.6444,2.6641,1.0000,0.0000
Q9WYT0,2025-01-01,2003-06-24,10,10,0.3540,0.3331,0.3295,97.7750,95.3100,1.2778,2.8418,1.0000,0.0000
Q9WZL1,2021-09-01,2021-09-01,31,31,1.0748,1.1391,0.4045,97.6355,90.6200,1.7613,2.4755,1.0000,0.0000
Q9WZY4,2021-06-23,2021-06-23,21,21,0.1876,0.9988,0.9506,95.7067,73.4400,2.0690,3.1231,1.0000,0.0000
Q9X0C6,2022-08-10,2025-02-19,9,9,0.1192,0.1271,0.1538,97.3478,92.2500,1.4444,2.2328,1.0000,0.0000
Q9X0L2,2021-07-28,2023-03-22,9,9,0.2054,0.1078,0.2250,98.8500,98.7500,1.0000,1.8698,1.0000,0.0000
Q9X1H0,2020-04-01,2017-05-31,8,8,0.2950,0.2438,0.1105,98.8300,98.6900,1.0357,1.8072,1.0000,0.0000
Q9X1X0,2020-06-10,2007-06-26,19,18,1.1445,1.2511,1.8793,94.1089,81.8100,1.8421,5.9664,1.0000,0.0000
Q9X274,2022-03-16,2004-04-13,15,15,0.1536,0.3291,0.3367,96.6747,86.7500,1.9762,2.4806,1.0000,0.0000
Q9X6V6,2019-11-13,2019-11-13,6,6,0.0965,0.2556,0.2775,76.4050,68.8100,1.9000,17.2840,1.0000,0.1667
Q9XB24,2019-10-16,2021-01-20,18,17,0.1762,0.1359,0.1947,98.4372,96.6900,1.3301,2.0737,1.0000,0.0000
Q9XBQ3,2020-02-26,2003-10-07,18,17,0.1949,0.3169,0.2253,98.4589,96.6200,1.5294,2.4282,1.0000,0.0000
Q9Y2J2,2020-11-11,2006-07-04,8,8,0.9543,1.5269,2.1370,92.4313,85.7500,1.9821,8.9623,1.0000,0.0000
Q9Y3R4,2026-07-29,2004-11-02,18,16,0.5243,0.2380,0.4299,98.4028,94.8100,1.4706,2.4117,1.0000,0.0000
Q9Y6E0,2023-11-08,2010-02-02,27,27,1.2569,1.0478,0.5214,91.7007,70.3100,2.5499,8.6628,1.0000,0.0000
Q9Y6W6,2022-10-05,2023-06-21,14,14,1.2072,1.3403,0.2728,90.9157,80.5600,1.1429,11.1405,1.0000,0.0000
Q9Y9L0,2020-12-30,2008-05-27,7,7,0.6693,0.2204,0.6861,97.1871,96.3800,1.2143,2.5174,1.0000,0.0000
Q9YBQ2,2025-10-22,2008-05-20,5,5,0.0842,0.0972,0.0911,97.8260,97.3100,1.0000,4.5112,1.0000,0.0000
Q9Z4P9,2021-04-28,2014-05-28,9,9,0.2258,0.2195,0.1939,98.0611,92.6200,1.2917,5.4733,1.0000,0.0000
Q9ZS17,2020-03-04,2021-05-12,14,12,1.5378,0.6090,2.1053,97.4779,90.2500,1.5055,2.2734,1.0000,0.0000
S0DUX5,2023-10-18,2023-10-11,21,21,1.0709,1.0395,0.3726,95.8633,78.8100,1.9905,2.9919,1.0000,0.0000
S4TKM8,2021-10-06,2021-10-06,36,32,0.5797,0.4081,0.7166,95.7939,83.8800,2.0444,2.7340,1.0000,0.0000
T1KUK4,2023-09-13,2020-07-08,18,18,1.7841,1.6120,1.4984,78.3211,54.6200,5.5065,6.0179,1.0000,0.1667
U6KUE1,2020-09-02,2020-09-02,12,12,0.3911,0.1489,0.4877,94.8892,90.5600,1.2879,4.2190,1.0000,0.0000
V5VHN7,2020-11-18,2020-11-18,33,33,0.7494,0.2516,0.7057,96.3376,76.6900,2.0350,2.5286,1.0000,0.0000
W0TJ64,2021-02-03,2014-12-24,8,8,0.3061,0.3476,0.1015,98.6937,98.3100,1.0536,2.1658,1.0000,0.0000
W8QN64,2019-07-03,2019-06-19,18,18,0.9365,0.3075,0.6976,95.9122,86.6200,1.7582,4.5142,1.0000,0.0000
X2D0L0,2019-04-03,2017-11-08,30,30,0.1607,0.1713,0.1963,98.2520,96.5600,1.4839,2.1203,1.0000,0.0000
