uniprot,site_rmsd,p_protein_plddt,p_site_plddt,p_pocket_gb
A0A059ZRB8,5.2000,0.1173,0.0843,0.3979
A0A085U4N5,0.2270,0.1145,0.0750,0.0831
A0A086RSH0,2.5390,0.1258,0.0839,0.1552
A0A094YZ24,0.3620,0.1134,0.1397,0.1592
A0A0A0RCB5,0.2090,0.1146,0.0788,0.1117
A0A0A1EQY0,1.7780,0.1296,0.0724,0.1142
A0A0A2JK86,0.3160,0.1144,0.0922,0.1180
A0A0B5LB55,0.1560,0.1195,0.0960,0.1032
A0A0F4VK59,0.0770,0.1284,0.0719,0.0482
A0A0G4DBU7,0.3320,0.1160,0.0820,0.1201
A0A0H2US78,0.2610,0.1200,0.0802,0.1616
A0A0H2X5R2,3.2930,0.1274,0.0929,0.1472
A0A0H2Z2I3,0.1340,0.0942,0.2224,0.1722
A0A0H3GJF7,0.8140,0.1102,0.0941,0.0509
A0A0H3KN52,0.1760,0.1108,0.0676,0.0592
A0A0K8P6T7,0.4870,0.1199,0.0674,0.0544
A0A0L0P1H8,1.3130,0.1212,0.0988,0.2189
A0A0M3PNA2,0.1460,0.1256,0.1093,0.1475
A0A0P0XII1,0.3510,0.0926,0.1063,0.0444
A0A0R1ZV46,1.1070,0.1247,0.0736,0.0883
A0A0R6L508,0.1940,0.1181,0.0746,0.0482
A0A0S2UQQ5,0.1000,0.1301,0.0674,0.0225
A0A0S4TLR1,0.4240,0.1256,0.0714,0.0171
A0A0U3IB62,0.2320,0.1189,0.0672,0.0940
A0A125SA15,0.2140,0.1134,0.1868,0.4928
A0A143T1U9,0.4280,0.1245,0.0877,0.2275
A0A171NYA8,0.4510,0.1243,0.0971,0.1467
A0A179UGT5,0.1160,0.1172,0.0666,0.0842
A0A1B0UHJ4,0.3130,0.1214,0.0687,0.0643
A0A1C5HQ65,0.2960,0.1222,0.0815,0.1366
A0A1D7ZZ64,0.4230,0.1272,0.0786,0.3263
A0A1L9TCT0,0.4080,0.1150,0.0819,0.0412
A0A1N7MFN7,0.1380,0.1276,0.0753,0.1822
A0A1W0D7S2,0.2350,0.1208,0.0681,0.1256
A0A1X9T5X9,0.1120,0.1251,0.0717,0.0290
A0A254UBZ6,0.2270,0.1120,0.0689,0.0317
A0A291L8F4,0.0920,0.0846,0.0788,0.0337
A0A2G9HDX9,0.4960,0.1187,0.1186,0.1338
A0A2G9LI54,0.7400,0.1264,0.0820,0.0897
A0A2I1C3W8,2.3560,0.1212,0.0851,0.1055
A0A2I4PGZ0,0.1340,0.1257,0.0670,0.0587
A0A2P2GK84,1.0010,0.1122,0.1064,0.2607
A0A2V2V5V1,0.4730,0.0816,0.0917,0.0996
A0A2Z5XAU0,0.1430,0.1167,0.2064,0.2123
A0A345ILN6,0.2280,0.1144,0.1009,0.1579
A0A345SU67,0.2620,0.1170,0.0922,0.1557
A0A380PV03,0.5250,0.1107,0.1318,0.2478
A0A385Z7H9,0.3810,0.1009,0.1695,0.0961
A0A3Q7HTY9,0.6320,0.1025,0.0951,0.0766
A0A3R7J519,0.2960,0.1221,0.0824,0.1220
A0A447EB45,0.7250,0.1177,0.1009,0.0647
A0A482LWB1,0.1570,0.1197,0.0675,0.0561
A0A485PVH1,0.0400,0.1150,0.1341,0.1132
A0A4P8L7K3,0.2580,0.1248,0.0778,0.1839
A0A4S2B4D9,0.1420,0.1250,0.0664,0.0981
A0A4U7I1I9,2.0020,0.0982,0.1327,0.1789
A0A4Y5R032,0.1080,0.1218,0.0711,0.1268
A0A4Y5R087,0.2480,0.1231,0.0772,0.1547
A0A561UC02,1.1880,0.1208,0.1097,0.2420
A0A562MSV3,0.3790,0.1291,0.0772,0.1410
A0A5A4PV77,0.1410,0.1159,0.1020,0.0932
A0A5B9DJI2,0.4910,0.1172,0.0779,0.0731
A0A5D0ENI3,0.3720,0.1090,0.0843,0.0705
A0A5P8YJX5,1.6060,0.1249,0.0976,0.0999
A0A5Q0H2K6,0.1800,0.1231,0.0806,0.0587
A0A649V088,0.3290,0.1192,0.0675,0.0653
A0A6A5BBK9,0.4460,0.0751,0.1147,0.0505
A0A6G4MPG4,0.0510,0.1301,0.0671,0.0706
A0A6I8WFP3,2.1670,0.1180,0.1171,0.1273
A0A6M5K9A4,0.5780,0.1271,0.0728,0.0405
A0A6N9UBA7,0.2120,0.1181,0.1099,0.1096
A0A6P2QLT8,0.1940,0.1280,0.0730,0.1171
A0A6S6PLJ6,0.2600,0.1223,0.0831,0.1534
A0A7U3Y091,0.3000,0.1116,0.0879,0.0515
A0A7Y0XG39,0.3530,0.1193,0.0743,0.1257
A0A7Z7MWD0,0.6410,0.1170,0.1172,0.2524
A0A831ERP2,0.2460,0.1124,0.1029,0.1580
A0A8I3AZT8,0.2860,0.1260,0.1194,0.3586
A0A8T9DN77,0.2080,0.1234,0.0775,0.0863
A0A915Q9D3,0.5000,0.1233,0.0750,0.1075
A0A915Q9M0,0.2590,0.1234,0.0777,0.0608
A0A977K7H6,0.5420,0.1166,0.0810,0.0417
A0A979GQH9,0.1210,0.0991,0.2165,0.0513
A0A9R0NX94,0.0920,0.1152,0.0698,0.1149
A0A9X0R8I3,0.2020,0.1125,0.1574,0.2856
A0A9X7GT53,0.3330,0.1270,0.0798,0.0494
A0A9X9ZA46,0.9730,0.1256,0.0822,0.0917
A0A9Y2YA81,0.2570,0.1203,0.0717,0.0296
A0AAC9AV98,0.1560,0.1249,0.0711,0.0446
A0AAD0Q9A2,6.2860,0.1222,0.0862,0.1468
A0AAD3RSW3,2.3440,0.1240,0.0984,0.3138
A0AAF0BGE9,0.1830,0.1279,0.0893,0.1401
A0AAV2WF13,0.1130,0.1180,0.0682,0.0483
A0ABD7ANA7,1.0550,0.1177,0.1678,0.3056
A0QU01,11.7420,0.1098,0.1550,0.2103
A0QV40,0.1930,0.1238,0.0707,0.0573
A0R2K6,0.3840,0.1029,0.1525,0.0521
A0R7C6,0.3550,0.1157,0.0825,0.0767
A1A2J8,0.1520,0.1296,0.0669,0.0302
A1TDP1,0.0940,0.1185,0.0776,0.1468
A2EU62,0.1390,0.1247,0.0751,0.0519
A2FQ38,0.0800,0.1093,0.0690,0.0215
A2RP81,0.2900,0.1165,0.0686,0.0792
A2ZEX7,0.4280,0.1259,0.0795,0.0952
A3DCF2,2.8520,0.1113,0.1060,0.1170
A3DJS9,0.1000,0.1143,0.0669,0.0502
A3LWG4,2.3420,0.1248,0.1149,0.3408
A4D1P6,0.9770,0.0792,0.1764,0.1599
A6NJ78,0.5700,0.0908,0.0849,0.0607
A6T5F3,1.7270,0.1135,0.0905,0.1153
A6TDE9,0.1300,0.1240,0.0782,0.0597
A6YEI2,0.7760,0.1225,0.0868,0.1242
A7B555,0.1680,0.1270,0.0678,0.0495
A9CEY6,0.4510,0.1286,0.0784,0.3224
A9WIU3,0.2350,0.1099,0.1254,0.2296
A9Y8T1,2.0080,0.1134,0.1963,0.4582
B0XMC1,0.2380,0.1206,0.0735,0.2883
B0Y813,0.2800,0.1121,0.1676,0.4154
B1MDI3,0.2050,0.1158,0.0705,0.0510
B1MFK2,0.2080,0.1251,0.0933,0.1929
B2CKP3,0.3890,0.1186,0.0813,0.0490
B2FTM1,0.3360,0.1222,0.0681,0.1137
B2RK03,0.3240,0.1263,0.0944,0.2340
B2ZB02,0.3770,0.1253,0.0713,0.0751
B3DQP5,0.2450,0.1299,0.0674,0.0338
B3FHP0,0.4520,0.1142,0.1142,0.1900
B3PCS3,0.2350,0.0907,0.0965,0.0895
B3VHM9,0.4050,0.1222,0.0831,0.0390
B4EH86,0.0790,0.1026,0.0878,0.0747
B4SII9,0.1750,0.1263,0.0673,0.0704
B5YBJ6,0.6320,0.1185,0.0770,0.0609
B6GXZ8,2.0660,0.0841,0.1549,0.0631
B6YWC3,0.4780,0.1293,0.0884,0.1245
B8DWA9,2.4300,0.1117,0.1297,0.2052
B8ZKS5,0.6300,0.1170,0.1242,0.1249
B9UXM0,0.1610,0.1213,0.0868,0.1217
C0IR58,0.7930,0.1273,0.0786,0.2753
C1F2K5,0.3020,0.1244,0.0751,0.1060
C3PTT2,0.9830,0.1181,0.1389,0.2218
C5RYK2,0.4870,0.1123,0.1111,0.1357
C7C422,1.2270,0.1123,0.0902,0.1818
C8CP57,0.6440,0.1175,0.0675,0.0822
C8WV06,1.6070,0.1206,0.1195,0.2554
D1C7A6,0.2050,0.1274,0.0772,0.1751
D2Q7B1,0.1260,0.1193,0.0681,0.0388
D2W2Z5,0.3730,0.1256,0.0977,0.1640
D2YYD7,0.1050,0.1145,0.1170,0.1920
D4Z2G1,1.1350,0.1295,0.0713,0.0746
D5AT91,0.2610,0.0918,0.1909,0.0307
D6D1V7,0.2800,0.1185,0.0676,0.0585
D6RT90,0.1860,0.1096,0.0830,0.0901
D6Y502,0.3980,0.1061,0.1258,0.1676
D7RU28,0.2830,0.1274,0.0822,0.2266
D9ISE0,1.3470,0.1283,0.0865,0.0967
E1V7W1,0.3420,0.1277,0.0788,0.0829
E1WGG9,0.1450,0.1090,0.1390,0.4013
E2PUR9,0.4590,0.1257,0.0763,0.1072
E3RT21,0.2650,0.1072,0.1005,0.0558
E4QC33,0.2560,0.1240,0.0756,0.1147
E5Y7I1,1.4600,0.1173,0.1089,0.4402
E6SHQ4,0.6170,0.1212,0.1375,0.2466
E8MGH8,0.2750,0.1235,0.1026,0.1385
E9JES9,0.2200,0.0595,0.9633,0.2917
E9NWK5,1.4190,0.1125,0.0880,0.1844
F1N015,0.2860,0.1245,0.0713,0.0491
F2LIG4,0.4350,0.1271,0.0774,0.2483
F2QX95,0.6010,0.1169,0.1271,0.3731
F2Z7K9,0.2770,0.1111,0.1083,0.0812
F5ANH9,0.2990,0.1093,0.0872,0.0501
F8JK18,0.1220,0.1202,0.0826,0.1114
F9VNG5,2.8140,0.1265,0.0897,0.3322
G2SLH8,0.4750,0.1255,0.0909,0.1279
G3XD46,3.4610,0.1146,0.0838,0.1133
G3XDA2,0.2250,0.1301,0.0764,0.0775
G4N374,0.6680,0.0992,0.1228,0.0996
G4NHF4,6.0420,0.1037,0.1882,0.3970
G4XDR8,0.8830,0.1260,0.0730,0.0515
G8NTI5,0.7910,0.1295,0.0732,0.0828
G8UIQ1,0.1550,0.1222,0.0670,0.0880
G8X1I4,0.3020,0.1164,0.0899,0.0759
G9BY57,0.1890,0.1170,0.0672,0.0686
G9MAN7,0.2450,0.1002,0.1102,0.0488
H2B3G5,0.1970,0.1107,0.0713,0.0670
H3K419,1.9490,0.1127,0.0915,0.0755
H6UQI0,0.2300,0.1206,0.0676,0.0675
I0AIT9,0.2300,0.1224,0.1123,0.1717
I0BDU9,0.1960,0.1169,0.0720,0.1052
I6WU39,0.4460,0.1244,0.0769,0.0586
I6XFS7,1.3280,0.1171,0.1482,0.3984
I6Y9J2,0.4180,0.1134,0.0681,0.0401
K4FW35,0.1750,0.1292,0.0676,0.0301
K4FZF8,0.3650,0.1290,0.0675,0.0257
K7NBW3,0.4080,0.1188,0.1161,0.0999
K7SIG4,0.1510,0.1231,0.1092,0.2664
K9TVX3,0.2080,0.1214,0.0994,0.1294
M1HE54,1.3060,0.1265,0.1101,0.1856
M4I1C6,0.2140,0.1180,0.0794,0.1112
M9SC49,1.6380,0.1188,0.1369,0.2621
O00214,0.1680,0.1116,0.0694,0.0565
O00255,0.4400,0.0981,0.0695,0.0446
O00299,0.2300,0.1198,0.0699,0.0271
O00327,0.7300,0.0659,0.0770,0.0348
O00481,0.5520,0.1092,0.0923,0.0513
O00560,0.4110,0.0953,0.0819,0.0568
O05773,0.2240,0.1267,0.0742,0.0710
O06428,2.2330,0.1148,0.1576,0.4819
O14733,1.3190,0.0845,0.1406,0.0513
O14745,1.3260,0.0769,0.2296,0.0900
O14786,0.3380,0.0878,0.0782,0.0269
O14936,0.5390,0.0875,0.1259,0.0321
O15357,0.4760,0.0713,0.0810,0.0293
O15540,0.5720,0.1251,0.0946,0.1236
O25151,0.2090,0.1226,0.1214,0.2291
O26010,0.1220,0.1214,0.0948,0.0576
O28028,0.9620,0.1242,0.1115,0.3006
O32504,0.2820,0.1102,0.1800,0.1870
O35904,0.2310,0.1057,0.0857,0.0649
O42898,0.7320,0.1155,0.0964,0.1619
O43598,4.0710,0.1001,0.0979,0.0473
O43809,1.1520,0.1110,0.0928,0.1088
O43909,0.2680,0.0967,0.1062,0.0680
O53547,0.2690,0.1179,0.0820,0.2149
O53623,0.3260,0.1228,0.0749,0.0937
O53780,0.9350,0.0999,0.0821,0.1043
O59413,0.1850,0.1309,0.0679,0.0359
O59952,1.7740,0.1174,0.0986,0.2588
O60502,0.2120,0.0801,0.0868,0.0464
O60674,0.4400,0.1033,0.1283,0.0977
O60701,1.8160,0.1191,0.0962,0.1358
O60885,0.4690,0.0528,0.0801,0.0547
O64527,0.2940,0.1207,0.0795,0.0718
O66934,0.0260,0.1217,0.0853,0.0785
O68183,0.2510,0.1243,0.0716,0.0304
O74036,0.2900,0.1062,0.0745,0.0703
O75390,1.4820,0.1195,0.1099,0.2090
O75460,0.8540,0.0767,0.1539,0.0346
O77404,0.4400,0.1212,0.0817,0.0407
O94760,0.2990,0.1234,0.0745,0.1263
O95433,0.4040,0.0909,0.1590,0.0713
O96013,0.5530,0.0726,0.1092,0.0451
P00338,0.2240,0.1248,0.0750,0.0366
P00359,1.4290,0.1295,0.0723,0.1079
P00374,0.5400,0.1247,0.0753,0.0649
P00383,0.0450,0.1064,0.0684,0.0214
P00441,0.1130,0.1292,0.0726,0.0394
P00489,0.2100,0.1192,0.1846,0.4839
P00492,1.9540,0.1160,0.0915,0.1109
P00503,1.3120,0.1252,0.0895,0.1160
P00509,0.2830,0.1282,0.0686,0.0369
P00519,1.4850,0.0629,0.1486,0.0756
P00533,2.2710,0.0822,0.4155,0.1471
P00558,2.0590,0.1253,0.1189,0.2546
P00644,0.7890,0.0936,0.0751,0.1259
P00698,0.1970,0.1191,0.0736,0.0473
P00711,0.2880,0.1134,0.1072,0.0635
P00746,1.3110,0.1123,0.1395,0.1619
P00747,3.2540,0.0949,0.3528,0.1475
P00751,0.7460,0.1019,0.1049,0.0317
P00760,0.1470,0.1173,0.0680,0.0412
P00784,0.1520,0.1106,0.0831,0.0298
P00791,0.6040,0.1211,0.0810,0.0689
P00808,1.5270,0.1110,0.0674,0.0620
P00811,0.3710,0.1249,0.0702,0.0642
P00918,0.1630,0.1278,0.0802,0.0887
P00947,0.4620,0.1287,0.0710,0.0632
P01009,1.2020,0.1070,0.0935,0.0734
P01033,1.8060,0.1092,0.0873,0.0831
P01375,0.2410,0.0984,0.0714,0.0621
P01556,0.0300,0.1012,0.0741,0.0273
P02649,0.2700,0.0814,0.1108,0.1100
P02701,1.2810,0.1120,0.0797,0.0296
P02753,1.2340,0.1107,0.0980,0.1204
P02754,0.5850,0.1124,0.0744,0.0700
P02766,0.2640,0.1056,0.0679,0.0289
P02768,0.3440,0.1163,0.0818,0.0527
P02791,0.0700,0.1230,0.0731,0.0185
P02866,1.8140,0.1077,0.1534,0.2750
P02879,0.3810,0.1104,0.0731,0.0158
P02883,0.0640,0.1178,0.0687,0.0656
P04058,0.2480,0.1178,0.0694,0.0536
P04117,0.0780,0.1250,0.0718,0.0375
P04629,1.0920,0.0862,0.2131,0.1033
P04918,0.6000,0.1178,0.0832,0.0579
P04958,0.1320,0.1190,0.0752,0.0286
P05042,0.9290,0.1267,0.0695,0.0345
P05089,0.1760,0.1268,0.0692,0.0346
P05091,0.3680,0.1241,0.0681,0.0617
P05121,1.4850,0.1076,0.0774,0.0643
P05364,0.4170,0.1232,0.0710,0.0927
P05804,1.1630,0.1260,0.0716,0.0259
P06744,0.1380,0.1292,0.0985,0.1212
P06873,0.0650,0.1157,0.0712,0.0575
P07102,1.3870,0.1232,0.0711,0.0370
P07148,0.4890,0.1221,0.0903,0.2044
P07254,0.1740,0.1250,0.0681,0.0388
P07285,0.1360,0.1185,0.1078,0.0776
P07320,0.5330,0.1254,0.1221,0.0733
P07445,0.3570,0.1232,0.0828,0.0408
P07711,0.3470,0.1183,0.0783,0.0421
P07738,1.4720,0.1237,0.0828,0.1565
P07900,0.4800,0.0998,0.1088,0.0451
P07948,0.1070,0.0956,0.1664,0.0377
P07954,0.3920,0.1163,0.0895,0.1306
P08069,1.4630,0.0859,0.1600,0.0458
P08149,1.4610,0.1161,0.0866,0.1313
P08191,0.1750,0.1173,0.1295,0.0919
P08246,0.3550,0.1061,0.0794,0.1275
P08263,0.1560,0.1282,0.0699,0.0578
P08515,0.2170,0.1295,0.0682,0.0366
P08581,0.6940,0.0881,0.2643,0.1309
P09211,0.1800,0.1294,0.0684,0.0259
P09382,0.7980,0.1255,0.0789,0.0362
P09616,0.3820,0.0968,0.1008,0.0330
P09651,0.1020,0.0687,0.0946,0.0734
P09850,0.1980,0.1119,0.0668,0.0378
P0A0Z8,1.4000,0.1221,0.0966,0.2102
P0A434,6.3180,0.1156,0.0811,0.3032
P0A6G7,1.2680,0.1164,0.0844,0.1771
P0A6L0,0.5210,0.1253,0.0830,0.2044
P0A6R0,0.4510,0.1288,0.0763,0.0687
P0A6Y8,0.2570,0.1152,0.1717,0.2722
P0A881,0.3500,0.1161,0.0882,0.0568
P0A884,1.6090,0.1286,0.0872,0.2150
P0A8L1,0.4500,0.1263,0.0722,0.0422
P0A901,1.3410,0.1130,0.0945,0.0861
P0A9B2,0.3450,0.1303,0.0727,0.0545
P0AA16,0.1000,0.1016,0.1468,0.0560
P0ABP8,1.1220,0.1270,0.0871,0.2408
P0AC59,0.2990,0.1309,0.0681,0.0497
P0ACT4,1.4280,0.1154,0.0717,0.1423
P0AD45,0.0630,0.0916,0.1102,0.0820
P0AD57,0.3770,0.1174,0.1074,0.2123
P0AD65,0.1550,0.1150,0.0806,0.0964
P0AD68,1.9190,0.1117,0.0957,0.1609
P0ADR8,1.5200,0.1168,0.0856,0.0780
P0AEB2,4.6060,0.1145,0.0925,0.1608
P0AEG4,0.6610,0.1173,0.0716,0.1794
P0AEK4,0.9890,0.1244,0.0867,0.2315
P0AEQ3,0.3560,0.1159,0.1095,0.2862
P0DOV5,0.1520,0.1232,0.0792,0.1210
P0DPA9,0.5200,0.1086,0.1550,0.3737
P0DPI1,1.0120,0.1149,0.0785,0.0543
P0DW58,3.9770,0.1225,0.1128,0.1366
P10121,0.6220,0.0773,0.1112,0.1154
P10721,0.6050,0.0862,0.2057,0.1291
P11021,0.6950,0.1101,0.0737,0.0615
P11169,0.3320,0.1107,0.2288,0.4255
P11172,2.2930,0.1150,0.0842,0.4009
P11309,0.7770,0.1088,0.0880,0.0556
P11362,1.0130,0.0786,0.1746,0.0448
P11838,0.2370,0.1082,0.0962,0.0823
P11926,0.2740,0.1057,0.0834,0.0435
P12004,1.8250,0.1202,0.1069,0.1248
P12758,0.5190,0.1260,0.0735,0.0658
P12931,0.9090,0.0962,0.1059,0.0640
P13051,0.4290,0.0999,0.0869,0.1104
P13835,0.2510,0.1095,0.0980,0.0523
P14061,0.5130,0.1097,0.0749,0.0994
P14174,0.2800,0.1309,0.0690,0.0208
P14489,2.7870,0.1186,0.0752,0.1565
P14618,2.1980,0.1264,0.0860,0.0888
P15090,0.2430,0.1238,0.0956,0.1651
P15121,2.1060,0.1303,0.0693,0.0403
P15374,1.1720,0.1212,0.0869,0.1137
P15379,0.2110,0.0496,0.0780,0.0358
P15531,0.5710,0.1279,0.0767,0.0440
P16094,0.1730,0.1101,0.0700,0.0374
P16113,0.2170,0.1239,0.0714,0.0364
P16234,0.5480,0.0768,0.1547,0.0543
P16622,1.0600,0.1135,0.1197,0.1680
P17612,1.4650,0.1232,0.0943,0.2205
P17706,0.3090,0.1012,0.0847,0.0810
P17931,0.1920,0.0786,0.0675,0.0437
P18013,2.1820,0.1007,0.1034,0.0544
P18031,0.4020,0.0919,0.0700,0.0254
P19157,0.7880,0.1291,0.0707,0.0466
P19438,0.1350,0.0746,0.0729,0.0359
P19491,1.8130,0.0988,0.1301,0.1053
P19576,22.7070,0.1206,0.0754,0.1885
P19793,2.0370,0.0812,0.1330,0.0706
P19909,0.1860,0.0769,0.0860,0.1733
P20138,0.7140,0.0848,0.1096,0.0836
P20701,2.0450,0.0945,0.2018,0.0625
P21836,0.2620,0.1163,0.0704,0.0400
P22073,0.2110,0.1310,0.0673,0.0366
P22303,0.4190,0.1169,0.0779,0.0612
P22392,0.7930,0.1285,0.0859,0.0862
P22629,4.0690,0.0989,0.1027,0.0984
P22914,0.2460,0.1226,0.0851,0.0165
P23360,0.1740,0.1215,0.0662,0.0746
P23843,5.0230,0.1221,0.0703,0.0804
P23869,0.3210,0.1301,0.0707,0.0412
P24182,2.2680,0.1234,0.1334,0.4236
P24300,0.1740,0.1309,0.0663,0.0510
P24666,0.3830,0.1245,0.0743,0.0282
P24670,3.2360,0.1275,0.0849,0.4730
P24735,0.2000,0.1197,0.0675,0.0675
P24941,0.5580,0.1067,0.1569,0.1076
P25321,0.2470,0.1211,0.0862,0.1605
P25440,0.2320,0.0638,0.0824,0.0746
P25774,0.3460,0.1202,0.0796,0.0393
P25906,0.3490,0.1236,0.0798,0.0963
P26281,2.0110,0.1234,0.0948,0.2696
P26446,1.0780,0.0936,0.1170,0.0679
P26572,0.1790,0.1069,0.0862,0.0765
P26906,2.9320,0.1141,0.1220,0.4336
P27448,1.7870,0.0698,0.1717,0.1248
P27540,0.3620,0.0530,0.0946,0.0271
P27652,0.6890,0.1266,0.0950,0.3463
P28329,0.2380,0.0971,0.0726,0.0354
P28482,0.7560,0.1109,0.0903,0.1132
P28523,0.4160,0.1264,0.0767,0.0709
P28907,0.5400,0.1121,0.0748,0.0352
P29218,0.2690,0.1249,0.0670,0.0495
P29317,2.2420,0.0938,0.1440,0.0413
P29373,0.8770,0.1261,0.0842,0.1391
P29768,0.1790,0.1296,0.0690,0.0425
P30038,0.1310,0.1248,0.0671,0.0405
P30046,0.1670,0.1293,0.0733,0.0573
P30235,0.2640,0.1228,0.0959,0.0864
P30405,0.3180,0.1063,0.0738,0.0942
P31226,0.2420,0.0973,0.5154,0.1996
P32021,6.3370,0.1205,0.1172,0.0754
P32081,0.0360,0.1207,0.0928,0.1097
P32396,0.2070,0.1276,0.0787,0.0624
P32557,0.4650,0.1170,0.0950,0.2143
P32929,2.7670,0.1238,0.0848,0.0681
P33590,1.7250,0.1193,0.1227,0.2642
P34897,0.4490,0.1177,0.0685,0.0618
P35747,0.2290,0.1180,0.0740,0.0339
P35968,1.7780,0.0742,0.1968,0.0582
P36217,0.0350,0.1113,0.0675,0.0476
P36222,0.2530,0.1211,0.0679,0.0369
P36639,0.3480,0.1273,0.0753,0.0548
P36776,3.2900,0.0835,0.2670,0.1671
P36888,0.5980,0.0822,0.1358,0.0487
P36897,0.4180,0.0977,0.0830,0.0824
P37231,1.4380,0.0825,0.1139,0.0609
P37268,0.1960,0.1082,0.0987,0.0721
P37468,1.2360,0.1243,0.0973,0.2024
P38947,0.3020,0.1275,0.0857,0.0954
P40075,0.0760,0.0818,0.0706,0.0582
P41182,0.1330,0.0492,0.2053,0.0364
P41222,1.7530,0.1052,0.1141,0.0959
P41365,0.0810,0.1217,0.0684,0.0406
P42336,0.9480,0.1155,0.1130,0.0624
P43155,0.2060,0.1209,0.0710,0.0276
P43235,0.3500,0.1215,0.0746,0.0240
P43357,1.8200,0.0747,0.2080,0.3429
P43405,0.7150,0.0973,0.1023,0.0434
P43490,0.1810,0.1199,0.0763,0.0630
P45881,0.9850,0.1114,0.0761,0.0315
P47811,1.3900,0.1112,0.1311,0.4284
P47929,0.0990,0.1259,0.0671,0.0300
P48163,0.5080,0.1228,0.1134,0.0872
P48730,0.4070,0.0914,0.0969,0.0596
P49419,0.4950,0.1222,0.0689,0.0528
P49773,0.5010,0.1248,0.0784,0.0383
P49789,0.4590,0.1224,0.0842,0.0750
P50120,1.1930,0.1255,0.0886,0.0588
P50870,0.5260,0.1249,0.0797,0.0932
P51452,0.2780,0.1240,0.0716,0.0365
P51955,0.4950,0.0859,0.1079,0.0820
P52566,0.2730,0.1051,0.0939,0.0888
P52682,0.3590,0.1227,0.0692,0.0579
P53350,0.4060,0.0974,0.1296,0.0461
P53355,1.0120,0.0944,0.1724,0.0505
P53667,0.9240,0.0809,0.1214,0.0295
P53779,0.6250,0.0882,0.1025,0.0691
P54278,0.8580,0.0740,0.1057,0.0541
P54577,0.7740,0.1119,0.1116,0.0943
P54646,4.3770,0.0835,0.1621,0.1899
P54687,0.3370,0.1205,0.0998,0.1329
P54956,0.1260,0.1272,0.0757,0.0771
P55212,0.2540,0.0991,0.6460,0.2510
P55818,0.7860,0.1283,0.0810,0.1598
P55915,0.2020,0.1254,0.0671,0.0450
P56463,0.6550,0.1235,0.1004,0.1597
P56470,0.1960,0.1093,0.0699,0.0347
P56689,0.5620,0.1177,0.1304,0.1561
P56817,1.0430,0.1045,0.0954,0.0727
P60061,0.1030,0.1193,0.1437,0.1090
P60174,0.3050,0.1260,0.0950,0.1609
P60472,0.5650,0.1144,0.0797,0.1548
P60842,0.8130,0.1036,0.2053,0.1569
P61316,2.4900,0.1100,0.1163,0.1911
P61769,6.7330,0.1195,0.1210,0.2404
P61823,0.1580,0.1195,0.0674,0.0199
P61964,0.5340,0.1178,0.0673,0.0472
P62508,0.1540,0.0827,0.0768,0.0392
P62593,0.2240,0.1215,0.0680,0.0983
P62937,0.1500,0.1296,0.0708,0.0322
P62942,0.5960,0.1250,0.0906,0.1181
P62993,5.2020,0.1072,0.1049,0.1511
P63086,0.6360,0.1167,0.1008,0.1120
P68400,0.7390,0.1077,0.0838,0.0729
P69441,3.7190,0.1241,0.1000,0.3834
P72583,4.6450,0.1248,0.1219,0.3561
P78380,0.2700,0.1045,0.0752,0.0551
P80226,1.8820,0.1196,0.1264,0.3133
P80884,0.2210,0.1122,0.0732,0.0287
P82980,0.4300,0.1262,0.0904,0.1045
P84330,0.1920,0.1298,0.0701,0.0216
P86325,0.3990,0.1262,0.0878,0.2500
P96356,2.1080,0.1239,0.1128,0.3243
P97328,0.8890,0.1273,0.0764,0.0732
P97784,0.8310,0.0952,0.0956,0.0430
P98073,0.2000,0.0924,0.2470,0.0561
P9WFG7,0.2020,0.1266,0.0725,0.0518
P9WFK7,0.3270,0.1277,0.0851,0.1164
P9WFT3,1.3610,0.1194,0.1270,0.3987
P9WFX1,2.7110,0.1191,0.1210,0.3183
P9WFY7,0.2440,0.1243,0.0745,0.0435
P9WGR1,0.7550,0.1199,0.0959,0.2141
P9WHR3,0.1250,0.1209,0.0676,0.0471
P9WID5,0.9910,0.1257,0.0898,0.2276
P9WK11,1.1800,0.1207,0.0978,0.1044
P9WKD3,0.4140,0.1145,0.0685,0.0595
P9WMC1,0.3490,0.1144,0.0718,0.1231
P9WN93,0.3810,0.1269,0.0709,0.1234
P9WNC5,1.7350,0.1030,0.1728,0.1338
P9WP99,1.2950,0.1198,0.0847,0.2237
P9WPA5,0.1170,0.1216,0.0832,0.0720
P9WPC9,0.7510,0.0949,0.2066,0.1950
P9WPQ5,0.5870,0.1295,0.0732,0.1058
P9WPY7,0.2190,0.1244,0.0686,0.0767
P9WPZ9,0.1310,0.1269,0.0843,0.1448
P9WQ37,0.9210,0.1144,0.1645,0.0988
P9WQB1,0.5780,0.1260,0.0917,0.1647
P9WQH5,0.6450,0.1213,0.1059,0.1649
Q02321,0.0710,0.1083,0.0681,0.0389
Q02790,0.5210,0.1109,0.0787,0.0275
Q03181,0.6330,0.0951,0.0926,0.0804
Q03555,0.8390,0.0923,0.0986,0.0511
Q04M32,0.4290,0.1232,0.0839,0.1480
Q05315,0.1410,0.1270,0.0674,0.0204
Q06124,0.6660,0.1013,0.2235,0.2102
Q06187,3.9040,0.0982,0.1488,0.3319
Q06705,0.4210,0.1095,0.0810,0.0532
Q06994,0.1620,0.1245,0.0816,0.0682
Q07817,2.2440,0.0764,0.2367,0.2973
Q07889,0.4690,0.0829,0.0865,0.0429
Q08467,0.3230,0.1030,0.0818,0.0771
Q09028,0.3120,0.1140,0.0683,0.0176
Q09328,1.0230,0.0961,0.2051,0.0686
Q09734,1.4470,0.1115,0.0765,0.0897
Q0B4G1,0.2360,0.1261,0.0684,0.0113
Q0C8G1,0.1630,0.1284,0.0666,0.0602
Q0CMX0,0.1100,0.1239,0.0675,0.0808
Q0CMZ1,0.3710,0.1120,0.0709,0.0278
Q0DPB7,1.6560,0.1086,0.1858,0.3066
Q0K313,0.1740,0.1279,0.0712,0.0728
Q0P7K8,1.2630,0.1237,0.0923,0.1039
Q0P8I4,0.6030,0.1248,0.0801,0.0442
Q10QA5,0.4130,0.1074,0.0739,0.0820
Q12852,1.3830,0.0575,0.1495,0.0787
Q12931,1.1070,0.1014,0.0856,0.0640
Q12KP2,0.5230,0.1181,0.1259,0.1338
Q13043,0.2410,0.0822,0.1152,0.0803
Q13093,0.2200,0.1053,0.0725,0.0318
Q13153,1.2230,0.0783,0.0940,0.0949
Q13191,2.7090,0.0609,0.1980,0.1611
Q13231,0.2440,0.1133,0.0699,0.0300
Q13451,2.0820,0.1159,0.0902,0.0604
Q13469,0.3930,0.0545,0.1085,0.0510
Q13526,0.1770,0.1138,0.0687,0.0196
Q13572,0.2890,0.0953,0.0740,0.0455
Q14145,0.3960,0.1102,0.0715,0.0165
Q14289,0.7510,0.0827,0.1465,0.0463
Q14914,0.5150,0.1279,0.0752,0.0704
Q15047,1.2050,0.0652,0.1325,0.0713
Q15059,0.5120,0.0678,0.0850,0.0927
Q15119,1.1860,0.1118,0.1159,0.1219
Q15562,0.6510,0.0736,0.0973,0.0526
Q15JG1,0.3000,0.1162,0.0993,0.1611
Q15KI8,1.3200,0.1165,0.1345,0.2030
Q16531,0.1500,0.1147,0.0763,0.0325
Q16539,2.1180,0.1096,0.1703,0.5189
Q16548,0.8150,0.1041,0.1316,0.0404
Q16552,0.4540,0.0980,0.0950,0.0298
Q16555,0.1010,0.1107,0.0779,0.0197
Q16658,2.7560,0.1199,0.1072,0.0482
Q1KLR5,0.3750,0.1169,0.0773,0.1214
Q1PBI3,0.9750,0.1261,0.0930,0.0996
Q1QUN7,0.2420,0.1287,0.0705,0.0359
Q25252,0.6300,0.1296,0.0754,0.0325
Q2FDS6,2.4310,0.1267,0.0900,0.1271
Q2FV39,0.2180,0.1261,0.0773,0.0739
Q2FXG9,3.1900,0.1278,0.0713,0.0971
Q2FZ58,2.4610,0.1070,0.1364,0.1462
Q2FZ94,0.3580,0.1074,0.1086,0.0666
Q2G036,0.3500,0.1256,0.0719,0.0929
Q2G0V3,1.5840,0.1254,0.0842,0.1372
Q2G159,1.5080,0.1247,0.1061,0.4062
Q2G1P3,0.1800,0.1289,0.0793,0.0621
Q2HBN6,0.2790,0.0991,0.0692,0.1512
Q2RRP5,1.9680,0.1276,0.0779,0.1035
Q2SVY7,0.1310,0.1166,0.1128,0.0727
Q2T5A3,0.6680,0.1086,0.0673,0.0724
Q2TR58,0.4570,0.1112,0.0799,0.1374
Q31KX8,0.5440,0.1221,0.0868,0.0353
Q31LX1,2.1810,0.1265,0.0802,0.0799
Q31Q61,0.5260,0.1162,0.1083,0.2077
Q396C9,0.3370,0.1236,0.0695,0.0203
Q3T9E4,4.0360,0.0975,0.1595,0.1021
Q3TBT3,0.4720,0.0982,0.0789,0.0588
Q45589,0.2780,0.1008,0.0771,0.1187
Q47943,1.4530,0.1255,0.0731,0.0454
Q4E4E1,0.1350,0.1233,0.0700,0.0321
Q4JIX5,3.1200,0.1073,0.1075,0.1198
Q4K977,0.0950,0.1290,0.0695,0.0603
Q4R2T2,0.1850,0.1185,0.0861,0.1022
Q4WAZ0,0.2790,0.1145,0.1356,0.0609
Q4WQY4,1.1720,0.1268,0.0780,0.0935
Q4WZB3,0.1580,0.1273,0.0788,0.1080
Q51947,0.1980,0.1253,0.0803,0.1292
Q53008,2.8820,0.1143,0.1747,0.3723
Q53826,0.4320,0.1168,0.1001,0.1945
Q53RT3,2.3180,0.0720,0.2101,0.3498
Q55012,0.4140,0.1177,0.0941,0.1575
Q55650,0.2530,0.1246,0.0868,0.1416
Q57834,0.2660,0.1282,0.0714,0.0831
Q58241,0.3020,0.1258,0.0863,0.4723
Q58380,0.1760,0.1070,0.1031,0.0790
Q58605,1.0090,0.1235,0.0750,0.0995
Q58929,0.2280,0.1291,0.0749,0.0786
Q58993,2.8480,0.1224,0.1513,0.4082
Q58F21,2.9470,0.0616,0.1036,0.1664
Q59702,0.1730,0.1282,0.0713,0.1021
Q5AAJ8,0.3510,0.1067,0.1004,0.0625
Q5CR64,0.1400,0.1077,0.0911,0.0583
Q5DQT1,0.5710,0.1254,0.0920,0.0678
Q5FA94,0.3140,0.1189,0.0917,0.1835
Q5FI30,0.3680,0.1283,0.0718,0.1724
Q5HNZ7,0.2000,0.1063,0.1520,0.3213
Q5JF22,0.1780,0.1252,0.0680,0.0555
Q5JIY7,0.6020,0.1135,0.1214,0.1265
Q5KQI6,0.5970,0.0804,0.0841,0.1173
Q5S6Z9,0.0820,0.1250,0.0697,0.0335
Q5SHZ3,7.0990,0.1226,0.1398,0.5987
Q5SL35,2.7490,0.1188,0.0996,0.3474
Q5SM35,0.1880,0.1283,0.0742,0.0659
Q5T280,0.3040,0.1065,0.0892,0.0592
Q5T440,0.0770,0.0998,0.0791,0.0333
Q5ZRL9,0.2120,0.0902,0.1282,0.0675
Q5ZSJ1,0.3700,0.1028,0.0715,0.0372
Q5ZSZ6,0.8620,0.1118,0.2823,0.4257
Q61091,0.5090,0.0798,0.1506,0.0637
Q62191,0.0110,0.1087,0.1383,0.1109
Q643B9,0.1000,0.1110,0.0787,0.1222
Q67A25,0.3770,0.1038,0.0745,0.1470
Q6BCB5,0.0990,0.1270,0.0792,0.0752
Q6BDJ2,0.7350,0.1242,0.0842,0.1224
Q6DCU6,0.2090,0.1253,0.0747,0.1234
Q6FWV7,0.3960,0.0676,0.0938,0.0626
Q6MM15,0.4940,0.1147,0.1132,0.1165
Q6NZB1,1.7760,0.1120,0.0896,0.0777
Q6QJ55,0.4320,0.1172,0.0735,0.1482
Q6SZW1,0.2140,0.1008,0.1598,0.0715
Q6V1X1,1.5990,0.1110,0.1261,0.1791
Q6W7J7,0.1980,0.1245,0.0747,0.0299
Q6WVP7,0.9140,0.1290,0.0790,0.2326
Q6XEC0,0.2040,0.1199,0.0686,0.2170
Q6ZXB6,0.4660,0.1172,0.0677,0.0863
Q6ZZZ2,0.2080,0.1152,0.0775,0.2216
Q73VN9,0.2400,0.1198,0.0731,0.0836
Q76NL8,0.5290,0.1008,0.1437,0.0982
Q79FX8,0.4110,0.1164,0.0993,0.1508
Q79N53,0.2890,0.0774,0.1201,0.1476
Q7CTU0,0.6190,0.1294,0.0773,0.0913
Q7JYX0,0.1800,0.1173,0.0755,0.0839
Q7MZP1,0.0890,0.1246,0.0759,0.0380
Q7N8J0,0.0790,0.1196,0.0678,0.0477
Q7WUJ1,1.0880,0.1154,0.0703,0.1375
Q7Z4V5,0.1420,0.0584,0.0983,0.0881
Q7Z739,0.2260,0.0588,0.0813,0.0292
Q7Z8P9,0.3500,0.1280,0.0761,0.0588
Q815N5,7.1350,0.1073,0.1209,0.1568
Q82H41,0.3970,0.1111,0.1187,0.2600
Q86C09,0.6360,0.1241,0.0735,0.0313
Q88HJ8,0.5050,0.1258,0.0786,0.1058
Q8A028,0.2320,0.1221,0.0787,0.0796
Q8C9A2,0.1420,0.0901,0.0695,0.0318
Q8DAP0,0.6270,0.1278,0.0708,0.1119
Q8F424,0.6140,0.0959,0.2330,0.3278
Q8I6X8,0.1880,0.1178,0.0821,0.1741
Q8IJ72,0.3230,0.0942,0.1112,0.0688
Q8IK82,0.4390,0.0432,0.0733,0.0436
Q8INK6,6.1280,0.0989,0.1049,0.3117
Q8IW75,2.3170,0.1067,0.2070,0.3938
Q8KFZ1,0.9890,0.1160,0.0975,0.0855
Q8KHZ8,0.2020,0.1259,0.0873,0.1102
Q8KRS7,0.8850,0.1160,0.1042,0.1661
Q8KVU4,0.1530,0.1292,0.0679,0.0382
Q8LDU1,0.3990,0.1010,0.1026,0.1417
Q8LFA9,0.6810,0.0970,0.1263,0.2461
Q8MYA9,0.3390,0.1136,0.0820,0.0975
Q8N371,0.8400,0.1076,0.0692,0.0168
Q8N5Z0,0.7500,0.1277,0.0761,0.1008
Q8NB16,1.5120,0.0955,0.1055,0.0890
Q8NFU5,0.2550,0.0785,0.0817,0.0356
Q8NK89,0.0990,0.1269,0.0670,0.0208
Q8NNJ2,0.5610,0.0887,0.0859,0.0650
Q8NQI2,0.6640,0.1219,0.1085,0.1792
Q8RLA6,0.1850,0.1149,0.0749,0.1710
Q8TB36,0.3290,0.1041,0.0958,0.0906
Q8TF42,0.2990,0.0992,0.1069,0.0463
Q8TF76,0.4230,0.0622,0.0937,0.0357
Q8TG26,0.1670,0.1183,0.0689,0.0818
Q8TZI9,0.2330,0.1261,0.0867,0.2248
Q8VZS8,1.1050,0.1048,0.1384,0.1779
Q8WSF8,2.0370,0.1153,0.1511,0.0935
Q8WVM7,0.1360,0.0868,0.1351,0.0334
Q8X251,1.2750,0.1276,0.0769,0.0589
Q8XMB9,0.1370,0.1080,0.1535,0.1394
Q8XNB2,0.1430,0.1301,0.0737,0.0479
Q8Y8D7,0.7990,0.1213,0.1236,0.3973
Q8YIN7,1.0400,0.1067,0.0750,0.1779
Q8YMD9,0.6360,0.1146,0.0966,0.0779
Q8ZKT7,1.3620,0.1312,0.0697,0.0608
Q8ZRC9,0.3240,0.1269,0.0941,0.0876
Q90249,2.5230,0.1080,0.1427,0.0534
Q91VE3,0.1830,0.1142,0.0858,0.1213
Q91XB0,1.3110,0.0944,0.0728,0.0482
Q92830,0.3030,0.0853,0.1003,0.0538
Q92835,0.0640,0.0744,0.0699,0.0180
Q92876,4.1220,0.1141,0.0819,0.2209
Q92918,2.5490,0.0697,0.2270,0.3000
Q92N06,0.7320,0.1279,0.1015,0.4702
Q93009,1.0270,0.1020,0.2065,0.2084
Q93GI5,0.2230,0.1287,0.0669,0.0314
Q93TK0,0.1950,0.1210,0.1336,0.1195
Q96DC9,0.4140,0.1199,0.0941,0.0861
Q96EP0,0.4600,0.0851,0.1860,0.0877
Q96R05,0.9630,0.1248,0.0935,0.0702
Q96T88,0.0940,0.0891,0.1866,0.0354
Q973C7,0.4390,0.1243,0.0788,0.0368
Q980A5,4.2230,0.1111,0.1725,0.3109
Q99497,0.3020,0.1305,0.0678,0.0472
Q99KQ4,0.2200,0.1244,0.0695,0.0446
Q99ZN4,0.5610,0.0988,0.1398,0.1646
Q9AIU0,0.1960,0.1217,0.0798,0.0796
Q9BPX1,1.3740,0.1257,0.0710,0.0611
Q9BRQ3,0.1770,0.1165,0.1025,0.0979
Q9BWD1,0.1590,0.1274,0.0755,0.0337
Q9BYJ9,0.0940,0.0604,0.0795,0.0287
Q9BZX2,0.1720,0.1017,0.0745,0.0319
Q9C029,0.3830,0.1003,0.1114,0.0738
Q9C0D3,0.8920,0.1154,0.1374,0.0661
Q9F5Q9,0.2550,0.1095,0.0963,0.0865
Q9F663,0.2080,0.1194,0.0677,0.0993
Q9GV45,1.7330,0.0987,0.1289,0.1157
Q9GZQ8,0.1450,0.1134,0.0743,0.0274
Q9H3L0,0.7830,0.0837,0.1091,0.1199
Q9H492,0.2950,0.1130,0.0804,0.0236
Q9H6P5,1.2540,0.1031,0.1110,0.0791
Q9H8M2,0.5020,0.0623,0.0791,0.0682
Q9HAC7,0.2970,0.1142,0.0812,0.0865
Q9HJN6,0.5810,0.1251,0.0899,0.1481
Q9HT32,0.4080,0.1162,0.0990,0.2332
Q9HVW9,0.2730,0.1233,0.0956,0.1741
Q9HW71,0.6460,0.1226,0.1056,0.3089
Q9HWI0,5.6810,0.1086,0.2198,0.3462
Q9I1N2,0.2860,0.1206,0.0671,0.0925
Q9I2C4,0.3990,0.1297,0.0699,0.0455
Q9I4Z7,0.1440,0.1288,0.0849,0.0514
Q9I562,0.1680,0.1228,0.0750,0.1932
Q9JN89,0.2280,0.1145,0.0817,0.1946
Q9JZ38,0.2890,0.1202,0.0837,0.1071
Q9K499,0.4940,0.1224,0.0675,0.0644
Q9KH42,0.5240,0.1105,0.0728,0.0454
Q9KK62,1.4150,0.1255,0.0963,0.2166
Q9KKP2,3.0850,0.1242,0.1008,0.2706
Q9KL03,4.5290,0.1214,0.0796,0.0544
Q9KR64,2.8540,0.1204,0.0973,0.3175
Q9L0T8,0.1810,0.1253,0.0834,0.1659
Q9L1K2,0.2980,0.1250,0.0703,0.0355
Q9L5C7,0.4910,0.1175,0.0674,0.0590
Q9NPD8,0.1460,0.1020,0.0789,0.0425
Q9NSU2,0.5050,0.0899,0.0742,0.0529
Q9NUW8,0.3060,0.0907,0.0735,0.0313
Q9NWZ3,0.9250,0.0971,0.1002,0.0664
Q9NZH8,0.9000,0.1112,0.0764,0.0174
Q9NZQ7,0.1850,0.1062,0.0759,0.0376
Q9QY93,1.5400,0.0953,0.0701,0.0413
Q9QZL0,1.2350,0.0694,0.1137,0.0625
Q9R5V5,0.2750,0.1276,0.0869,0.0851
Q9R9S4,2.7620,0.1250,0.1044,0.2806
Q9RBS3,0.2820,0.1267,0.1020,0.1662
Q9RN64,1.4140,0.1228,0.0813,0.1133
Q9RPT0,0.4920,0.1214,0.0877,0.1432
Q9SQR3,0.3740,0.1266,0.0738,0.0879
Q9SVP6,3.2600,0.1208,0.1238,0.4714
Q9SZU7,0.2750,0.1267,0.0811,0.0995
Q9UBC3,1.5220,0.0765,0.1568,0.0562
Q9UBH6,0.2420,0.0972,0.1383,0.0923
Q9UDY8,1.2970,0.0885,0.1545,0.0497
Q9UIJ7,0.3170,0.1132,0.1007,0.4101
Q9UKK9,0.2040,0.1158,0.0739,0.0944
Q9UM07,0.7720,0.1201,0.0678,0.0295
Q9UUN9,1.6220,0.1222,0.1041,0.1856
Q9VAA9,0.3670,0.0777,0.1055,0.0686
Q9VUG1,2.1710,0.0742,0.1653,0.1408
Q9W138,0.9460,0.1172,0.0900,0.0678
Q9W469,1.6050,0.1236,0.0766,0.1283
Q9WYP6,0.7970,0.1211,0.1007,0.1468
Q9WYT0,0.3540,0.1234,0.0732,0.0552
Q9WZL1,1.0750,0.1291,0.0741,0.0956
Q9WZY4,0.1880,0.1231,0.0878,0.1342
Q9X0C6,0.1190,0.1191,0.0760,0.1904
Q9X0L2,0.2050,0.1286,0.0665,0.0321
Q9X1H0,0.2950,0.1303,0.0667,0.0268
Q9X1X0,1.1440,0.1083,0.1009,0.0955
Q9X274,0.1540,0.1262,0.0807,0.1111
Q9X6V6,0.0970,0.0825,0.3793,0.1391
Q9XB24,0.1760,0.1187,0.0690,0.0826
Q9XBQ3,0.1950,0.1293,0.0689,0.0301
Q9Y2J2,0.9540,0.0567,0.1164,0.0550
Q9Y3R4,0.5240,0.1270,0.0692,0.0288
Q9Y6E0,1.2570,0.0852,0.1238,0.1072
Q9Y6W6,1.2070,0.0712,0.1322,0.0549
Q9Y9L0,0.6690,0.1263,0.0771,0.0680
Q9YBQ2,0.0840,0.1240,0.0729,0.0468
Q9Z4P9,0.2260,0.1084,0.0714,0.0367
Q9ZS17,1.5380,0.1251,0.0752,0.1873
S0DUX5,1.0710,0.1229,0.0866,0.1232
S4TKM8,0.5800,0.1245,0.0872,0.1393
T1KUK4,1.7840,0.1106,0.3371,0.5128
U6KUE1,0.3910,0.0828,0.0943,0.0559
V5VHN7,0.7490,0.1264,0.0831,0.2946
W0TJ64,0.3060,0.1090,0.0675,0.0662
W8QN64,0.9370,0.1132,0.0863,0.1598
X2D0L0,0.1610,0.1284,0.0702,0.1053
