uniprot,dataset,holo_id,apo_id,site_rmsd,ligand,n_heavy,n_rotatable,cofactors,pocket_ca_rmsd_apo,pocket_ca_rmsd_alphafold,receptor,pose_rmsd,best_top3_rmsd,vina_score,success,success_top3,seconds,skipped,error
A0A0F4VK59,external,7mjf,8gek,0.077,E8U A/301,12,6,,,,,,,,,,,covalent ligand,
Q6ZXB6,external,8ehh,3zny,0.466,MK7 A/301,23,6,,,,,,,,,,,covalent ligand,
Q99ZN4,external,7v6k,7s57,0.561,5TI A/301,20,3,,,,,,,,,,,covalent ligand,
P28907,external,6vua,1yh3,0.540,ROJ A/401,35,9,,,,,,,,,,,covalent ligand,
P23360,external,7k4z,7k4t,0.174,6NT A/402,12,1,,0.174,0.377,holo,0.457,0.457,-6.901,True,True,29.600,,
P23360,external,7k4z,7k4t,0.174,6NT A/402,12,1,,0.174,0.377,apo,0.867,0.867,-6.823,True,True,15.300,,
P23360,external,7k4z,7k4t,0.174,6NT A/402,12,1,,0.174,0.377,alphafold,8.488,7.329,-5.576,False,False,14.100,,
Q51947,external,8do5,6dao,0.198,KRN A/402,14,4,,,,,,,,,,,covalent ligand,
P00698,external,8zst,4axt,0.197,DO3 A/1002,28,8,GD GD DO3 NO3,0.197,0.503,holo,,,,,,0.400,,"CalledProcessError: Command '['C:\\Users\\aryan\\AppData\\Local\\flexflag\\vina_1.2.7_win.exe', '--receptor', 'C:\\Users\\aryan\\AppData\\Local\\Temp\"
P00698,external,8zst,4axt,0.197,DO3 A/1002,28,8,GD GD DO3 NO3,0.197,0.503,apo,,,,,,0.400,,"CalledProcessError: Command '['C:\\Users\\aryan\\AppData\\Local\\flexflag\\vina_1.2.7_win.exe', '--receptor', 'C:\\Users\\aryan\\AppData\\Local\\Temp\"
P00698,external,8zst,4axt,0.197,DO3 A/1002,28,8,GD GD DO3 NO3,0.197,0.503,alphafold,,,,,,0.400,,"CalledProcessError: Command '['C:\\Users\\aryan\\AppData\\Local\\flexflag\\vina_1.2.7_win.exe', '--receptor', 'C:\\Users\\aryan\\AppData\\Local\\Temp\"
Q8RLA6,external,8cuo,3g4p,0.185,OZ9 A/301,20,7,,,,,,,,,,,covalent ligand,
Q7Z4V5,external,7hgr,3eae,0.142,A1AM6 B/103,15,2,,0.142,0.187,holo,7.116,1.660,-5.310,False,True,43.200,,
Q7Z4V5,external,7hgr,3eae,0.142,A1AM6 B/103,15,2,,0.142,0.187,apo,1.938,1.718,-5.253,True,True,27.600,,
Q7Z4V5,external,7hgr,3eae,0.142,A1AM6 B/103,15,2,,0.142,0.187,alphafold,10.021,10.021,-3.696,False,False,27.700,,
A0A1L9TCT0,external,9m2y,9m2z,0.408,A1EMO A/201,17,3,,0.408,0.332,holo,0.522,0.522,-8.630,True,True,57.900,,
A0A1L9TCT0,external,9m2y,9m2z,0.408,A1EMO A/201,17,3,,0.408,0.332,apo,1.291,1.181,-8.324,True,True,43.500,,
A0A1L9TCT0,external,9m2y,9m2z,0.408,A1EMO A/201,17,3,,0.408,0.332,alphafold,0.778,0.778,-8.294,True,True,39.100,,
A0A8I3AZT8,external,7atd,7at2,0.286,RXH B/1301,18,3,,0.286,2.399,holo,1.167,1.167,-7.374,True,True,61.700,,
A0A8I3AZT8,external,7atd,7at2,0.286,RXH B/1301,18,3,,0.286,2.399,apo,6.970,0.992,-7.644,False,True,43.700,,
A0A8I3AZT8,external,7atd,7at2,0.286,RXH B/1301,18,3,,0.286,2.399,alphafold,7.287,6.823,-6.536,False,False,45.400,,
P51955,external,6sgd,2w5h,0.495,LD5 A/304,22,4,,,,,,,,,,,covalent ligand,
P26446,external,6i8m,2paw,1.078,H7W A/1101,26,3,,1.078,0.690,holo,0.546,0.546,-10.711,True,True,104.400,,
P26446,external,6i8m,2paw,1.078,H7W A/1101,26,3,,1.078,0.690,apo,4.738,4.738,-10.990,False,False,96.700,,
P26446,external,6i8m,2paw,1.078,H7W A/1101,26,3,,1.078,0.690,alphafold,4.886,4.886,-10.273,False,False,105.100,,
Q973C7,external,7e1p,1wrj,0.439,J03 A/201,20,3,,0.439,0.558,holo,0.356,0.356,-7.014,True,True,88.600,,
Q973C7,external,7e1p,1wrj,0.439,J03 A/201,20,3,,0.439,0.558,apo,0.566,0.566,-6.673,True,True,87.500,,
Q973C7,external,7e1p,1wrj,0.439,J03 A/201,20,3,,0.439,0.558,alphafold,2.840,2.840,-6.144,False,False,93.100,,
P24670,external,6h5g,1gqn,3.236,FQZ A/301,12,1,,,,,,,,,,,covalent ligand,
C7C422,external,5zj1,3pg4,1.227,YT4 A/303,18,5,ZN ZN,1.227,0.343,holo,2.994,2.994,-5.443,False,False,131.300,,
C7C422,external,5zj1,3pg4,1.227,YT4 A/303,18,5,ZN ZN,1.227,0.343,apo,5.487,3.981,-5.190,False,False,103.900,,
C7C422,external,5zj1,3pg4,1.227,YT4 A/303,18,5,ZN ZN,1.227,0.343,alphafold,4.440,3.557,-5.274,False,False,118.600,,
Q8X251,external,9ln3,9ln0,1.275,UMP A/301,20,4,,1.275,1.356,holo,0.701,0.701,-7.121,True,True,135.400,,
Q8X251,external,9ln3,9ln0,1.275,UMP A/301,20,4,,1.275,1.356,apo,6.241,3.666,-7.008,False,False,107.800,,
Q8X251,external,9ln3,9ln0,1.275,UMP A/301,20,4,,1.275,1.356,alphafold,6.024,5.819,-6.962,False,False,124.100,,
P55212,external,8f97,3v6l,0.254,XM6 A/301,22,4,,0.254,2.731,holo,2.693,1.899,-6.447,False,True,137.500,,
P55212,external,8f97,3v6l,0.254,XM6 A/301,22,4,,0.254,2.731,apo,9.299,6.098,-6.689,False,False,128.800,,
P55212,external,8f97,3v6l,0.254,XM6 A/301,22,4,,0.254,2.731,alphafold,6.090,5.904,-5.604,False,False,124.200,,
Q5FA94,external,6jtk,6jti,0.314,C76 A/401,18,2,,0.314,0.467,holo,2.423,1.201,-5.914,False,True,85.900,,
Q5FA94,external,6jtk,6jti,0.314,C76 A/401,18,2,,0.314,0.467,apo,2.740,1.352,-5.644,False,True,95.300,,
Q5FA94,external,6jtk,6jti,0.314,C76 A/401,18,2,,0.314,0.467,alphafold,1.453,1.453,-6.731,True,True,83.600,,
E4QC33,external,8sf6,8sf5,0.256,ETE E/502,14,11,AE3,0.256,0.205,holo,8.476,6.355,-3.419,False,False,152.400,,
E4QC33,external,8sf6,8sf5,0.256,ETE E/502,14,11,AE3,0.256,0.205,apo,8.747,8.747,-3.300,False,False,129.200,,
E4QC33,external,8sf6,8sf5,0.256,ETE E/502,14,11,AE3,0.256,0.205,alphafold,9.840,9.074,-3.243,False,False,128.300,,
Q5SL35,external,7ckj,3w90,2.749,C5P A/301,21,4,,2.749,0.507,holo,6.125,4.764,-8.023,False,False,178.500,,
Q5SL35,external,7ckj,3w90,2.749,C5P A/301,21,4,,2.749,0.507,apo,7.111,5.284,-7.093,False,False,147.700,,
Q5SL35,external,7ckj,3w90,2.749,C5P A/301,21,4,,2.749,0.507,alphafold,4.836,4.836,-8.547,False,False,158.600,,
P9WPC9,external,9q5p,6pba,0.751,RPI A/301,16,6,,0.751,0.879,holo,6.860,5.942,-5.610,False,False,132.700,,
P9WPC9,external,9q5p,6pba,0.751,RPI A/301,16,6,,0.751,0.879,apo,6.513,5.287,-5.364,False,False,141.900,,
P9WPC9,external,9q5p,6pba,0.751,RPI A/301,16,6,,0.751,0.879,alphafold,5.664,4.255,-4.980,False,False,133.400,,
Q8IJ72,external,9hhc,7m97,0.323,I5K A/502,19,1,,0.323,0.373,holo,1.660,1.660,-5.945,True,True,184.300,,
Q8IJ72,external,9hhc,7m97,0.323,I5K A/502,19,1,,0.323,0.373,apo,5.403,5.403,-6.194,False,False,171.600,,
Q8IJ72,external,9hhc,7m97,0.323,I5K A/502,19,1,,0.323,0.373,alphafold,5.608,4.796,-5.716,False,False,168.300,,
A0A179UGT5,external,6ub1,6ub0,0.116,BGC B/301,12,1,,0.116,0.094,holo,5.807,3.714,-4.781,False,False,39.500,,
A0A179UGT5,external,6ub1,6ub0,0.116,BGC B/301,12,1,,0.116,0.094,apo,5.884,2.891,-5.017,False,False,43.200,,
A0A179UGT5,external,6ub1,6ub0,0.116,BGC B/301,12,1,,0.116,0.094,alphafold,3.966,3.545,-4.782,False,False,48.400,,
A0A4U7I1I9,external,9k3g,8snq,2.002,A1EEN A/301,35,8,,,,,,,,,,,covalent ligand,
A2ZEX7,external,9uu9,4yjy,0.428,STL A/401,17,2,,0.428,0.327,holo,0.252,0.200,-9.089,True,True,46.700,,
A2ZEX7,external,9uu9,4yjy,0.428,STL A/401,17,2,,0.428,0.327,apo,8.063,8.009,-4.788,False,False,55.300,,
A2ZEX7,external,9uu9,4yjy,0.428,STL A/401,17,2,,0.428,0.327,alphafold,1.584,1.567,-6.301,True,True,58.900,,
P55915,external,6vb8,1dq0,0.202,IAC A/307,13,2,,0.202,0.200,holo,4.592,3.795,-5.166,False,False,33.100,,
P55915,external,6vb8,1dq0,0.202,IAC A/307,13,2,,0.202,0.200,apo,4.379,4.379,-4.841,False,False,35.300,,
P55915,external,6vb8,1dq0,0.202,IAC A/307,13,2,,0.202,0.200,alphafold,4.839,4.839,-4.955,False,False,31.100,,
A0A0H3KN52,external,7doo,3w4q,0.176,NXL A/301,17,5,,,,,,,,,,,covalent ligand,
Q643B9,external,8tn3,8tn2,0.100,PMP A/501,16,4,,0.100,0.413,holo,1.028,1.028,-7.307,True,True,83.700,,
Q643B9,external,8tn3,8tn2,0.100,PMP A/501,16,4,,0.100,0.413,apo,8.893,7.401,-6.182,False,False,88.000,,
Q643B9,external,8tn3,8tn2,0.100,PMP A/501,16,4,,0.100,0.413,alphafold,2.855,2.855,-7.061,False,False,96.800,,
P28329,external,9f85,2fy2,0.238,A1IAO A/701,19,3,,0.238,0.236,holo,6.847,1.443,-9.357,False,True,55.800,,
P28329,external,9f85,2fy2,0.238,A1IAO A/701,19,3,,0.238,0.236,apo,6.458,4.936,-8.003,False,False,84.600,,
P28329,external,9f85,2fy2,0.238,A1IAO A/701,19,3,,0.238,0.236,alphafold,6.433,4.932,-8.884,False,False,73.100,,
D6RT90,external,7w8y,7w8u,0.186,E9M A/405,16,4,DST,0.186,0.662,holo,2.009,1.082,-8.310,False,True,77.600,,
D6RT90,external,7w8y,7w8u,0.186,E9M A/405,16,4,DST,0.186,0.662,apo,4.913,3.327,-6.777,False,False,75.900,,
D6RT90,external,7w8y,7w8u,0.186,E9M A/405,16,4,DST,0.186,0.662,alphafold,2.145,1.223,-7.774,False,True,73.100,,
O00299,external,7fbq,4jzq,0.230,N70 A/301,23,4,,0.230,0.231,holo,6.619,5.423,-6.257,False,False,130.200,,
O00299,external,7fbq,4jzq,0.230,N70 A/301,23,4,,0.230,0.231,apo,7.033,6.149,-6.655,False,False,147.200,,
O00299,external,7fbq,4jzq,0.230,N70 A/301,23,4,,0.230,0.231,alphafold,5.178,5.178,-6.381,False,False,160.100,,
A2FQ38,external,8ev5,8ev4,0.080,E64 A/201,9,3,,,,,,,,,,,covalent ligand,
P24182,external,6oi9,2gpw,2.268,MQM A/501,26,3,,2.268,0.469,holo,0.531,0.492,-9.107,True,True,163.400,,
P24182,external,6oi9,2gpw,2.268,MQM A/501,26,3,,2.268,0.469,apo,6.957,5.890,-6.427,False,False,142.000,,
P24182,external,6oi9,2gpw,2.268,MQM A/501,26,3,,2.268,0.469,alphafold,5.965,5.936,-6.924,False,False,205.600,,
G4NHF4,external,6jbr,6jbi,6.042,UDP A/501,25,6,G6P,6.042,0.792,holo,4.725,0.980,-9.330,False,True,298.200,,
G4NHF4,external,6jbr,6jbi,6.042,UDP A/501,25,6,G6P,6.042,0.792,apo,8.210,8.210,-7.939,False,False,297.700,,
G4NHF4,external,6jbr,6jbi,6.042,UDP A/501,25,6,G6P,6.042,0.792,alphafold,4.588,4.306,-8.462,False,False,397.600,,
Q82H41,external,6wp9,6wp7,0.397,XVR A/301,17,7,,0.397,0.728,holo,7.636,0.455,-8.666,False,True,150.000,,
Q82H41,external,6wp9,6wp7,0.397,XVR A/301,17,7,,0.397,0.728,apo,7.615,1.778,-8.201,False,True,116.500,,
Q82H41,external,6wp9,6wp7,0.397,XVR A/301,17,7,,0.397,0.728,alphafold,7.688,2.253,-8.054,False,False,116.900,,
Q67A25,external,6rp3,5n8q,0.377,KCZ A/201,20,6,,0.377,0.295,holo,5.217,1.875,-7.299,False,True,168.600,,
Q67A25,external,6rp3,5n8q,0.377,KCZ A/201,20,6,,0.377,0.295,apo,7.983,2.679,-6.654,False,False,218.400,,
Q67A25,external,6rp3,5n8q,0.377,KCZ A/201,20,6,,0.377,0.295,alphafold,6.347,5.553,-6.698,False,False,157.900,,
P53667,external,8aau,9z6e,0.924,LH0 L/702,27,5,MG,0.924,1.103,holo,8.748,2.589,-7.946,False,False,179.800,,
P53667,external,8aau,9z6e,0.924,LH0 L/702,27,5,MG,0.924,1.103,apo,8.275,5.165,-7.328,False,False,166.800,,
P53667,external,8aau,9z6e,0.924,LH0 L/702,27,5,MG,0.924,1.103,alphafold,2.454,2.454,-7.913,False,False,173.800,,
P27448,external,8uoj,3fe3,1.787,X5I A/401,28,3,,1.787,9.777,holo,5.562,0.596,-7.244,False,True,407.300,,
P27448,external,8uoj,3fe3,1.787,X5I A/401,28,3,,1.787,9.777,apo,5.374,3.782,-6.243,False,False,460.100,,
P27448,external,8uoj,3fe3,1.787,X5I A/401,28,3,,1.787,9.777,alphafold,6.690,6.623,-7.439,False,False,522.000,,
Q9R5V5,external,9f09,1f8x,0.275,DCZ A/201,16,2,,0.275,0.660,holo,3.102,3.102,-5.529,False,False,59.500,,
Q9R5V5,external,9f09,1f8x,0.275,DCZ A/201,16,2,,0.275,0.660,apo,5.108,3.048,-5.735,False,False,61.100,,
Q9R5V5,external,9f09,1f8x,0.275,DCZ A/201,16,2,,0.275,0.660,alphafold,3.085,3.085,-5.148,False,False,64.100,,
Q2FV39,external,9dro,9d87,0.218,A1BA1 A/301,14,3,,,,,,,,,,,covalent ligand,
Q7JYX0,external,6t2t,6kem,0.180,GSH A/301,20,9,,0.180,0.281,holo,7.484,2.262,-5.087,False,False,300.400,,
Q7JYX0,external,6t2t,6kem,0.180,GSH A/301,20,9,,0.180,0.281,apo,7.145,7.145,-5.870,False,False,298.300,,
Q7JYX0,external,6t2t,6kem,0.180,GSH A/301,20,9,,0.180,0.281,alphafold,3.969,3.969,-6.005,False,False,306.500,,
O66934,external,9jlv,8zyi,0.026,FLC A/502,13,5,,0.026,0.252,holo,7.506,7.021,-4.517,False,False,62.300,,
O66934,external,9jlv,8zyi,0.026,FLC A/502,13,5,,0.026,0.252,apo,7.709,7.684,-4.312,False,False,64.300,,
O66934,external,9jlv,8zyi,0.026,FLC A/502,13,5,,0.026,0.252,alphafold,7.558,7.399,-4.374,False,False,63.300,,
Q03555,external,6fgc,4pd0,0.839,ADP A/802,27,6,CA,0.839,0.346,holo,2.071,2.071,-7.550,False,False,402.100,,
Q03555,external,6fgc,4pd0,0.839,ADP A/802,27,6,CA,0.839,0.346,apo,2.747,2.747,-6.705,False,False,430.200,,
Q03555,external,6fgc,4pd0,0.839,ADP A/802,27,6,CA,0.839,0.346,alphafold,1.683,1.683,-7.212,True,True,443.500,,
P43235,external,6qlm,5tun,0.350,HFH A/301,38,7,,,,,,,,,,,covalent ligand,
P19157,external,8c5d,1bay,0.788,GTB A/502,30,13,CA,0.788,0.169,holo,1.924,1.924,-7.049,True,True,600.300,,
P19157,external,8c5d,1bay,0.788,GTB A/502,30,13,CA,0.788,0.169,apo,3.913,3.913,-6.120,False,False,717.600,,
P19157,external,8c5d,1bay,0.788,GTB A/502,30,13,CA,0.788,0.169,alphafold,1.872,1.872,-6.928,True,True,722.400,,
Q61091,external,6tfb,1ijy,0.509,N6W A/203,18,0,,0.509,0.431,holo,2.997,0.517,-6.880,False,True,18.700,,
Q61091,external,6tfb,1ijy,0.509,N6W A/203,18,0,,0.509,0.431,apo,3.808,3.579,-5.977,False,False,21.100,,
Q61091,external,6tfb,1ijy,0.509,N6W A/203,18,0,,0.509,0.431,alphafold,5.756,3.507,-5.625,False,False,23.300,,
P04958,external,7by4,1yyn,0.132,BTB A/1401,14,8,,0.132,0.122,holo,7.526,7.425,-4.375,False,False,166.400,,
P04958,external,7by4,1yyn,0.132,BTB A/1401,14,8,,0.132,0.122,apo,7.026,6.765,-4.668,False,False,163.400,,
P04958,external,7by4,1yyn,0.132,BTB A/1401,14,8,,0.132,0.122,alphafold,6.988,6.919,-4.103,False,False,164.300,,
P00760,external,30zs,9bkf,0.147,BDF A/301,12,1,,0.147,0.091,holo,3.224,2.849,-4.142,False,False,51.000,,
P00760,external,30zs,9bkf,0.147,BDF A/301,12,1,,0.147,0.091,apo,12.035,3.211,-4.187,False,False,55.700,,
P00760,external,30zs,9bkf,0.147,BDF A/301,12,1,,0.147,0.091,alphafold,12.439,2.937,-4.240,False,False,49.200,,
Q9JZ38,external,6w9t,6nay,0.289,KHS F/301,29,7,,,,,,,,,,,covalent ligand,
Q59702,external,9jem,9jv6,0.173,A1EBJ A/501,13,2,,0.173,0.250,holo,5.630,1.345,-6.320,False,True,26.500,,
Q59702,external,9jem,9jv6,0.173,A1EBJ A/501,13,2,,0.173,0.250,apo,6.335,6.021,-6.060,False,False,28.100,,
Q59702,external,9jem,9jv6,0.173,A1EBJ A/501,13,2,,0.173,0.250,alphafold,6.124,3.257,-6.690,False,False,31.000,,
O28028,external,7uld,2g9i,0.962,GTP A/305,32,8,MN MN,0.962,0.473,holo,1.959,0.786,-10.979,True,True,778.000,,
O28028,external,7uld,2g9i,0.962,GTP A/305,32,8,MN MN,0.962,0.473,apo,6.519,6.448,-7.533,False,False,809.700,,
O28028,external,7uld,2g9i,0.962,GTP A/305,32,8,MN MN,0.962,0.473,alphafold,1.904,1.904,-9.934,True,True,787.900,,
K7SIG4,external,8yst,8ysp,0.151,A1D7D B/401,16,12,,0.151,0.544,holo,8.879,1.862,-6.394,False,True,201.100,,
K7SIG4,external,8yst,8ysp,0.151,A1D7D B/401,16,12,,0.151,0.544,apo,8.655,4.505,-5.453,False,False,208.000,,
K7SIG4,external,8yst,8ysp,0.151,A1D7D B/401,16,12,,0.151,0.544,alphafold,8.376,1.756,-6.094,False,True,202.700,,
P54646,external,9ic2,2h6d,4.377,A1I1Y A/301,35,4,,4.377,9.094,holo,6.081,1.109,-9.029,False,True,505.300,,
P54646,external,9ic2,2h6d,4.377,A1I1Y A/301,35,4,,4.377,9.094,apo,8.687,8.421,-7.229,False,False,530.700,,
P54646,external,9ic2,2h6d,4.377,A1I1Y A/301,35,4,,4.377,9.094,alphafold,6.277,5.073,-7.395,False,False,463.600,,
Q86C09,external,5qtf,4ryp,0.636,PK7 A/401,10,1,,0.636,0.390,holo,1.882,1.882,-5.198,True,True,18.300,,
Q86C09,external,5qtf,4ryp,0.636,PK7 A/401,10,1,,0.636,0.390,apo,7.980,7.554,-4.405,False,False,22.200,,
Q86C09,external,5qtf,4ryp,0.636,PK7 A/401,10,1,,0.636,0.390,alphafold,8.199,8.199,-4.580,False,False,20.500,,
Q5HNZ7,external,8c5o,8c5b,0.200,4D6 A/701,20,5,,,,,,,,,,,covalent ligand,
Q3T9E4,external,7vex,7ves,4.036,GTP A/501,32,8,,4.036,2.045,holo,0.792,0.792,-7.974,True,True,734.600,,
Q3T9E4,external,7vex,7ves,4.036,GTP A/501,32,8,,4.036,2.045,apo,7.676,7.676,-6.572,False,False,848.100,,
Q3T9E4,external,7vex,7ves,4.036,GTP A/501,32,8,,4.036,2.045,alphafold,2.236,1.080,-10.188,False,True,696.700,,
Q5JIY7,external,8jvf,8jvc,0.602,GTP A/202,32,8,MG,0.602,0.864,holo,3.049,1.243,-8.022,False,True,717.200,,
Q5JIY7,external,8jvf,8jvc,0.602,GTP A/202,32,8,MG,0.602,0.864,apo,8.898,8.898,-7.599,False,False,820.100,,
Q5JIY7,external,8jvf,8jvc,0.602,GTP A/202,32,8,MG,0.602,0.864,alphafold,9.834,4.749,-7.957,False,False,724.400,,
P72583,external,7e2s,1y6i,4.645,BLA A/301,43,11,,4.645,0.602,holo,7.535,1.726,-9.374,False,True,809.500,,
P72583,external,7e2s,1y6i,4.645,BLA A/301,43,11,,4.645,0.602,apo,10.631,10.631,-5.853,False,False,1439.500,,
P72583,external,7e2s,1y6i,4.645,BLA A/301,43,11,,4.645,0.602,alphafold,9.320,7.480,-8.994,False,False,833.600,,
Q6DCU6,external,8w4b,8w4d,0.209,STR A/301,23,1,,0.209,0.390,holo,7.143,4.395,-11.609,False,False,33.800,,
Q6DCU6,external,8w4b,8w4d,0.209,STR A/301,23,1,,0.209,0.390,apo,8.744,4.627,-10.732,False,False,33.300,,
Q6DCU6,external,8w4b,8w4d,0.209,STR A/301,23,1,,0.209,0.390,alphafold,4.724,4.724,-9.720,False,False,39.600,,
O75460,external,6w39,6w3c,0.854,SJG A/1001,37,7,,0.854,0.860,holo,4.129,0.797,-10.575,False,True,620.700,,
O75460,external,6w39,6w3c,0.854,SJG A/1001,37,7,,0.854,0.860,apo,10.846,10.590,-10.269,False,False,721.300,,
O75460,external,6w39,6w3c,0.854,SJG A/1001,37,7,,0.854,0.860,alphafold,6.285,6.027,-9.543,False,False,869.400,,
Q5CR64,external,9pfy,9oba,0.140,ATP C/201,31,8,MG,0.140,0.416,holo,3.308,3.308,-7.968,False,False,670.400,,
Q5CR64,external,9pfy,9oba,0.140,ATP C/201,31,8,MG,0.140,0.416,apo,8.987,3.512,-7.988,False,False,650.200,,
Q5CR64,external,9pfy,9oba,0.140,ATP C/201,31,8,MG,0.140,0.416,alphafold,2.907,2.907,-7.659,False,False,612.300,,
E9JES9,external,7yn2,7yn1,0.220,IYV A/401,16,3,,0.220,7.844,holo,4.832,4.511,-4.904,False,False,96.900,,
E9JES9,external,7yn2,7yn1,0.220,IYV A/401,16,3,,0.220,7.844,apo,5.556,3.215,-4.972,False,False,86.600,,
E9JES9,external,7yn2,7yn1,0.220,IYV A/401,16,3,,0.220,7.844,alphafold,5.396,5.396,-5.140,False,False,93.500,,
O77404,external,6gxy,1o73,0.440,FFN A/201,18,1,,,,,,,,,,,covalent ligand,
M4I1C6,external,6ypf,6ypb,0.214,GPP A/201,19,8,,0.214,0.394,holo,2.754,2.754,-7.823,False,False,231.300,,
M4I1C6,external,6ypf,6ypb,0.214,GPP A/201,19,8,,0.214,0.394,apo,3.123,2.499,-7.992,False,False,170.400,,
M4I1C6,external,6ypf,6ypb,0.214,GPP A/201,19,8,,0.214,0.394,alphafold,2.832,1.941,-7.869,False,True,160.700,,
P97328,external,6p2d,8omg,0.889,ADP A/501,27,6,FRU,0.889,0.231,holo,5.723,4.739,-8.242,False,False,392.900,,
P97328,external,6p2d,8omg,0.889,ADP A/501,27,6,FRU,0.889,0.231,apo,8.593,4.982,-7.895,False,False,440.100,,
P97328,external,6p2d,8omg,0.889,ADP A/501,27,6,FRU,0.889,0.231,alphafold,4.991,4.991,-8.621,False,False,340.800,,
Q396C9,external,9f8n,3ex9,0.337,A1IAD B/201,30,6,,0.337,0.369,holo,6.477,1.452,-8.963,False,True,357.800,,
Q396C9,external,9f8n,3ex9,0.337,A1IAD B/201,30,6,,0.337,0.369,apo,6.923,5.773,-9.831,False,False,356.400,,
Q396C9,external,9f8n,3ex9,0.337,A1IAD B/201,30,6,,0.337,0.369,alphafold,6.104,5.479,-8.089,False,False,315.600,,
P53350,external,8crc,5nn1,0.406,VIH A/602,19,2,,0.406,0.438,holo,6.280,4.901,-5.835,False,False,39.600,,
P53350,external,8crc,5nn1,0.406,VIH A/602,19,2,,0.406,0.438,apo,7.339,7.339,-4.819,False,False,44.100,,
P53350,external,8crc,5nn1,0.406,VIH A/602,19,2,,0.406,0.438,alphafold,9.127,6.802,-6.458,False,False,42.100,,
Q13572,external,13lz,2odt,0.289,A1DHL A/401,16,2,,0.289,0.552,holo,0.614,0.614,-8.179,True,True,26.800,,
Q13572,external,13lz,2odt,0.289,A1DHL A/401,16,2,,0.289,0.552,apo,4.312,0.922,-5.884,False,True,26.900,,
Q13572,external,13lz,2odt,0.289,A1DHL A/401,16,2,,0.289,0.552,alphafold,3.153,3.153,-7.625,False,False,29.300,,
Q15KI8,external,8sv2,2ex0,1.320,C5P A/501,21,4,,1.320,1.014,holo,2.369,0.613,-8.042,False,True,178.900,,
Q15KI8,external,8sv2,2ex0,1.320,C5P A/501,21,4,,1.320,1.014,apo,5.383,4.059,-6.747,False,False,191.300,,
Q15KI8,external,8sv2,2ex0,1.320,C5P A/501,21,4,,1.320,1.014,alphafold,5.240,2.669,-7.384,False,False,188.400,,
Q58605,external,7p8m,7p82,1.009,6IH C/503,40,12,MG 3PO MG,1.009,0.961,holo,7.230,7.230,-8.482,False,False,1182.800,,
Q58605,external,7p8m,7p82,1.009,6IH C/503,40,12,MG 3PO MG,1.009,0.961,apo,6.787,6.787,-7.440,False,False,1312.000,,
Q58605,external,7p8m,7p82,1.009,6IH C/503,40,12,MG 3PO MG,1.009,0.961,alphafold,6.917,6.917,-7.585,False,False,1156.200,,
P07738,external,7thi,3nfy,1.472,PGA A/301,9,3,,1.472,0.304,holo,1.099,1.099,-6.016,True,True,35.000,,
P07738,external,7thi,3nfy,1.472,PGA A/301,9,3,,1.472,0.304,apo,4.394,2.451,-5.100,False,False,35.400,,
P07738,external,7thi,3nfy,1.472,PGA A/301,9,3,,1.472,0.304,alphafold,3.988,1.937,-5.821,False,True,35.000,,
P9WP99,external,6wgs,2g2d,1.295,,,,,,,,,,,,,,,ValueError: ligand SDF could not be parsed
A0A2I4PGZ0,external,6rjo,6rjk,0.134,SA0 A/501,20,4,,0.134,0.148,holo,2.693,2.693,-7.724,False,False,130.500,,
A0A2I4PGZ0,external,6rjo,6rjk,0.134,SA0 A/501,20,4,,0.134,0.148,apo,5.667,5.667,-7.250,False,False,133.400,,
A0A2I4PGZ0,external,6rjo,6rjk,0.134,SA0 A/501,20,4,,0.134,0.148,alphafold,7.083,4.159,-6.880,False,False,134.200,,
P97784,external,7d1c,6kx4,0.831,GOF A/501,35,6,,0.831,0.871,holo,0.725,0.725,-10.363,True,True,292.500,,
P97784,external,7d1c,6kx4,0.831,GOF A/501,35,6,,0.831,0.871,apo,11.447,10.464,-9.150,False,False,316.800,,
P97784,external,7d1c,6kx4,0.831,GOF A/501,35,6,,0.831,0.871,alphafold,1.860,1.860,-10.739,True,True,235.100,,
P02701,external,6xnd,1nqn,1.281,V8M B/201,28,9,,1.281,0.359,holo,1.673,1.673,-9.268,True,True,387.800,,
P02701,external,6xnd,1nqn,1.281,V8M B/201,28,9,,1.281,0.359,apo,9.622,5.552,-7.582,False,False,358.900,,
P02701,external,6xnd,1nqn,1.281,V8M B/201,28,9,,1.281,0.359,alphafold,2.095,2.095,-8.597,False,False,383.000,,
P00918,external,6rob,7y2j,0.163,BGC A/302,12,1,,0.163,0.316,holo,3.560,3.021,-4.563,False,False,43.300,,
P00918,external,6rob,7y2j,0.163,BGC A/302,12,1,,0.163,0.316,apo,3.634,3.150,-4.500,False,False,42.800,,
P00918,external,6rob,7y2j,0.163,BGC A/302,12,1,,0.163,0.316,alphafold,3.479,3.479,-4.468,False,False,42.600,,
P32557,external,7lui,1bed,0.465,TCH A/202,35,7,,0.465,0.311,holo,9.025,4.887,-8.158,False,False,444.500,,
P32557,external,7lui,1bed,0.465,TCH A/202,35,7,,0.465,0.311,apo,7.369,4.664,-7.910,False,False,463.100,,
P32557,external,7lui,1bed,0.465,TCH A/202,35,7,,0.465,0.311,alphafold,4.814,3.123,-8.057,False,False,452.700,,
P04058,external,7ais,1qid,0.248,8UH A/601,38,10,,0.248,0.307,holo,2.869,1.912,-13.403,False,True,798.400,,
P04058,external,7ais,1qid,0.248,8UH A/601,38,10,,0.248,0.307,apo,4.786,4.582,-11.754,False,False,731.900,,
P04058,external,7ais,1qid,0.248,8UH A/601,38,10,,0.248,0.307,alphafold,11.440,4.929,-9.911,False,False,841.500,,
P32021,external,6cba,5v2u,6.337,GGB A/403,12,5,MN AKG,6.337,0.787,holo,0.680,0.680,-6.498,True,True,68.600,,
P32021,external,6cba,5v2u,6.337,GGB A/403,12,5,MN AKG,6.337,0.787,apo,9.602,4.002,-4.654,False,False,69.100,,
P32021,external,6cba,5v2u,6.337,GGB A/403,12,5,MN AKG,6.337,0.787,alphafold,5.590,5.371,-6.559,False,False,77.800,,
P0ADR8,external,9hs1,6gfl,1.520,0O2 B/501,40,12,,1.520,0.303,holo,8.221,7.747,-5.384,False,False,1789.900,,
P0ADR8,external,9hs1,6gfl,1.520,0O2 B/501,40,12,,1.520,0.303,apo,5.984,5.984,-5.273,False,False,1684.700,,
P0ADR8,external,9hs1,6gfl,1.520,0O2 B/501,40,12,,1.520,0.303,alphafold,6.930,6.930,-5.419,False,False,1462.300,,
A0A915Q9D3,external,7fea,7ei3,0.500,3KI B/501,20,8,,,,,,,,,,,covalent ligand,
Q8I6X8,external,8hw8,8hw7,0.188,68X A/401,29,14,,0.188,0.354,holo,9.126,8.613,-6.778,False,False,681.600,,
Q8I6X8,external,8hw8,8hw7,0.188,68X A/401,29,14,,0.188,0.354,apo,8.707,7.657,-6.672,False,False,667.100,,
Q8I6X8,external,8hw8,8hw7,0.188,68X A/401,29,14,,0.188,0.354,alphafold,8.247,8.247,-5.537,False,False,752.700,,
P80226,external,9etc,7o0j,1.882,JN3 A/202,28,4,JN3,1.882,1.092,holo,1.573,1.573,-9.567,True,True,165.700,,
P80226,external,9etc,7o0j,1.882,JN3 A/202,28,4,JN3,1.882,1.092,apo,12.501,11.182,-4.601,False,False,216.900,,
P80226,external,9etc,7o0j,1.882,JN3 A/202,28,4,JN3,1.882,1.092,alphafold,8.231,2.549,-9.138,False,False,182.300,,
P12004,external,9n3l,5mom,1.825,E0G A/301,33,4,,1.825,1.272,holo,6.073,6.073,-7.343,False,False,249.200,,
P12004,external,9n3l,5mom,1.825,E0G A/301,33,4,,1.825,1.272,apo,6.840,6.840,-6.407,False,False,269.200,,
P12004,external,9n3l,5mom,1.825,E0G A/301,33,4,,1.825,1.272,alphafold,2.029,2.029,-7.766,False,False,288.200,,
G3XD46,external,7au1,6hr4,3.461,S08 A/604,26,6,,,,,,,,,,,covalent ligand,
Q16531,external,9bbg,3e0c,0.150,TLA A/1201,10,3,,0.150,0.269,holo,7.036,7.036,-5.084,False,False,63.700,,
Q16531,external,9bbg,3e0c,0.150,TLA A/1201,10,3,,0.150,0.269,apo,7.208,6.783,-4.510,False,False,59.200,,
Q16531,external,9bbg,3e0c,0.150,TLA A/1201,10,3,,0.150,0.269,alphafold,6.531,6.513,-4.770,False,False,59.700,,
P0AD68,external,6i1i,6hzq,1.919,JPP A/701,36,8,,,,,,,,,,,covalent ligand,
D2Q7B1,external,6ldb,6ld6,0.126,SJ5 A/701,11,1,,0.126,0.171,holo,0.567,0.567,-6.479,True,True,37.900,,
D2Q7B1,external,6ldb,6ld6,0.126,SJ5 A/701,11,1,,0.126,0.171,apo,3.652,0.721,-5.773,False,True,36.600,,
D2Q7B1,external,6ldb,6ld6,0.126,SJ5 A/701,11,1,,0.126,0.171,alphafold,0.909,0.909,-5.638,True,True,39.200,,
Q8Y8D7,external,8qgo,5ejf,0.799,UOL A/302,47,8,,0.799,0.541,holo,4.564,3.611,-9.229,False,False,1820.700,,
Q8Y8D7,external,8qgo,5ejf,0.799,UOL A/302,47,8,,0.799,0.541,apo,5.400,5.400,-8.426,False,False,1601.800,,
Q8Y8D7,external,8qgo,5ejf,0.799,UOL A/302,47,8,,0.799,0.541,alphafold,4.578,4.578,-7.917,False,False,1656.800,,
P00746,external,6qmt,1dst,1.311,J7B A/301,27,6,,1.311,0.981,holo,0.356,0.356,-10.073,True,True,235.800,,
P00746,external,6qmt,1dst,1.311,J7B A/301,27,6,,1.311,0.981,apo,11.392,9.875,-7.971,False,False,289.700,,
P00746,external,6qmt,1dst,1.311,J7B A/301,27,6,,1.311,0.981,alphafold,8.868,6.702,-8.069,False,False,245.100,,
P84330,external,9auq,3s60,0.192,CXS A/202,14,5,,0.192,0.244,holo,7.277,7.277,-4.037,False,False,66.200,,
P84330,external,9auq,3s60,0.192,CXS A/202,14,5,,0.192,0.244,apo,11.392,5.121,-3.896,False,False,60.500,,
P84330,external,9auq,3s60,0.192,CXS A/202,14,5,,0.192,0.244,alphafold,7.323,5.774,-4.361,False,False,55.900,,
P25440,external,6dbc,5hfq,0.232,G3J A/508,27,3,,0.232,0.264,holo,6.984,1.063,-8.992,False,True,138.300,,
P25440,external,6dbc,5hfq,0.232,G3J A/508,27,3,,0.232,0.264,apo,7.013,5.832,-8.892,False,False,128.800,,
P25440,external,6dbc,5hfq,0.232,G3J A/508,27,3,,0.232,0.264,alphafold,7.040,1.676,-8.542,False,True,115.900,,
A0A9X7GT53,external,9kau,9k71,0.333,OO0 A/401,11,5,,0.333,0.405,holo,4.394,2.977,-4.616,False,False,45.300,,
A0A9X7GT53,external,9kau,9k71,0.333,OO0 A/401,11,5,,0.333,0.405,apo,3.393,3.393,-4.336,False,False,43.800,,
A0A9X7GT53,external,9kau,9k71,0.333,OO0 A/401,11,5,,0.333,0.405,alphafold,9.814,9.814,-5.028,False,False,43.500,,
Q6NZB1,external,7nud,6sqh,1.776,LRZ A/401,44,9,,1.776,1.093,holo,8.902,8.463,-10.595,False,False,1399.400,,
Q6NZB1,external,7nud,6sqh,1.776,LRZ A/401,44,9,,1.776,1.093,apo,7.209,7.209,-8.266,False,False,1345.000,,
Q6NZB1,external,7nud,6sqh,1.776,LRZ A/401,44,9,,1.776,1.093,alphafold,12.906,12.313,-7.933,False,False,1599.400,,
C8CP57,external,6j2b,6j25,0.644,TSL A/301,15,6,,,,,,,,,,,covalent ligand,
Q9C029,external,9hin,7y3a,0.383,A1IU9 A/602,38,11,TLA,0.383,0.639,holo,0.973,0.973,-9.418,True,True,642.700,,
Q9C029,external,9hin,7y3a,0.383,A1IU9 A/602,38,11,TLA,0.383,0.639,apo,2.180,2.180,-8.029,False,False,795.300,,
Q9C029,external,9hin,7y3a,0.383,A1IU9 A/602,38,11,TLA,0.383,0.639,alphafold,1.353,1.353,-8.262,True,True,626.800,,
V5VHN7,external,6t62,6t60,0.749,NAP A/301,48,13,,0.749,0.252,holo,9.050,3.629,-8.882,False,False,2304.700,,
V5VHN7,external,6t62,6t60,0.749,NAP A/301,48,13,,0.749,0.252,apo,3.267,3.267,-10.025,False,False,2000.600,,
V5VHN7,external,6t62,6t60,0.749,NAP A/301,48,13,,0.749,0.252,alphafold,12.504,5.608,-10.073,False,False,1882.000,,
P0A6G7,external,6nb1,1tyf,1.268,KHS A/301,29,7,,1.268,0.506,holo,9.040,5.777,-6.938,False,False,359.500,,
P0A6G7,external,6nb1,1tyf,1.268,KHS A/301,29,7,,1.268,0.506,apo,7.187,7.187,-5.870,False,False,285.700,,
P0A6G7,external,6nb1,1tyf,1.268,KHS A/301,29,7,,1.268,0.506,alphafold,6.911,6.244,-6.821,False,False,257.900,,
P0A6L0,external,6z9i,1p1x,0.521,G3H B/302,10,4,,0.521,0.376,holo,1.508,1.508,-5.333,True,True,33.900,,
P0A6L0,external,6z9i,1p1x,0.521,G3H B/302,10,4,,0.521,0.376,apo,3.067,3.041,-5.205,False,False,34.600,,
P0A6L0,external,6z9i,1p1x,0.521,G3H B/302,10,4,,0.521,0.376,alphafold,2.825,2.437,-5.431,False,False,33.700,,
Q93GI5,external,8ibs,8ibt,0.223,GLA A/801,12,1,,0.223,0.215,holo,2.642,1.684,-5.808,False,True,34.800,,
Q93GI5,external,8ibs,8ibt,0.223,GLA A/801,12,1,,0.223,0.215,apo,4.002,1.868,-5.739,False,True,34.800,,
Q93GI5,external,8ibs,8ibt,0.223,GLA A/801,12,1,,0.223,0.215,alphafold,8.965,7.685,-4.892,False,False,34.800,,
P14174,external,9bnq,7xvx,0.280,A1AQU B/202,15,5,,,,,,,,,,,covalent ligand,
P11021,external,6cz1,3ldn,0.695,3FD A/501,38,8,,0.695,0.660,holo,1.107,1.107,-9.450,True,True,788.000,,
P11021,external,6cz1,3ldn,0.695,3FD A/501,38,8,,0.695,0.660,apo,9.914,9.109,-7.265,False,False,975.300,,
P11021,external,6cz1,3ldn,0.695,3FD A/501,38,8,,0.695,0.660,alphafold,8.486,8.486,-6.205,False,False,861.100,,
E2PUR9,external,7y8n,7y8k,0.459,NDP A/301,48,13,4IS,0.459,0.314,holo,11.312,1.948,-9.218,False,True,2373.400,,
E2PUR9,external,7y8n,7y8k,0.459,NDP A/301,48,13,4IS,0.459,0.314,apo,4.838,4.838,-8.218,False,False,2024.100,,
E2PUR9,external,7y8n,7y8k,0.459,NDP A/301,48,13,4IS,0.459,0.314,alphafold,10.556,10.556,-8.099,False,False,2001.000,,
A0A7Z7MWD0,external,9g4c,9fzn,0.641,A1IIL B/401,28,4,,0.641,0.931,holo,2.623,2.053,-11.198,False,False,106.200,,
A0A7Z7MWD0,external,9g4c,9fzn,0.641,A1IIL B/401,28,4,,0.641,0.931,apo,7.980,7.980,-10.191,False,False,122.900,,
A0A7Z7MWD0,external,9g4c,9fzn,0.641,A1IIL B/401,28,4,,0.641,0.931,alphafold,7.052,5.552,-8.682,False,False,150.600,,
A0A085U4N5,external,9ht5,9hrj,0.227,NTA A/401,13,6,FE,0.227,0.233,holo,8.933,6.682,-4.851,False,False,61.500,,
A0A085U4N5,external,9ht5,9hrj,0.227,NTA A/401,13,6,FE,0.227,0.233,apo,9.265,8.678,-5.488,False,False,59.900,,
A0A085U4N5,external,9ht5,9hrj,0.227,NTA A/401,13,6,FE,0.227,0.233,alphafold,9.100,7.447,-5.174,False,False,60.400,,
P15379,external,5sbq,2jcp,0.211,K0G A/201,16,2,,0.211,0.471,holo,6.885,6.885,-6.065,False,False,22.800,,
P15379,external,5sbq,2jcp,0.211,K0G A/201,16,2,,0.211,0.471,apo,7.650,6.891,-5.882,False,False,22.500,,
P15379,external,5sbq,2jcp,0.211,K0G A/201,16,2,,0.211,0.471,alphafold,7.523,6.898,-6.132,False,False,23.700,,
P11169,external,7spt,4zwb,0.332,OLC A/501,25,18,,,,,,,,,,,ligand too large or flexible,
O53623,external,6hs0,5n1i,0.326,GNW A/301,14,2,,0.326,0.456,holo,1.060,1.060,-7.258,True,True,21.000,,
O53623,external,6hs0,5n1i,0.326,GNW A/301,14,2,,0.326,0.456,apo,2.046,2.046,-6.357,False,False,21.200,,
O53623,external,6hs0,5n1i,0.326,GNW A/301,14,2,,0.326,0.456,alphafold,2.665,2.337,-5.497,False,False,23.400,,
P00519,external,6npv,9ks5,1.485,STI A/602,37,7,,1.485,2.203,holo,12.907,10.324,-9.078,False,False,413.500,,
P00519,external,6npv,9ks5,1.485,STI A/602,37,7,,1.485,2.203,apo,12.647,6.602,-8.982,False,False,361.600,,
P00519,external,6npv,9ks5,1.485,STI A/602,37,7,,1.485,2.203,alphafold,9.776,9.776,-9.253,False,False,399.000,,
P63086,external,6fle,4s31,0.636,DQ2 A/402,30,9,,0.636,0.681,holo,11.161,8.244,-7.756,False,False,460.000,,
P63086,external,6fle,4s31,0.636,DQ2 A/402,30,9,,0.636,0.681,apo,6.609,3.814,-6.862,False,False,370.600,,
P63086,external,6fle,4s31,0.636,DQ2 A/402,30,9,,0.636,0.681,alphafold,5.308,3.123,-7.793,False,False,389.200,,
P07254,external,7fd6,1ffr,0.174,4QU A/601,28,2,,0.174,0.255,holo,8.096,2.785,-10.662,False,False,63.600,,
P07254,external,7fd6,1ffr,0.174,4QU A/601,28,2,,0.174,0.255,apo,2.788,2.788,-10.613,False,False,61.200,,
P07254,external,7fd6,1ffr,0.174,4QU A/601,28,2,,0.174,0.255,alphafold,2.818,2.818,-10.669,False,False,61.400,,
Q9NZQ7,external,9i0u,5c3t,0.185,A1IZJ B/202,48,13,,0.185,0.165,holo,2.488,2.032,-7.115,False,False,1006.800,,
Q9NZQ7,external,9i0u,5c3t,0.185,A1IZJ B/202,48,13,,0.185,0.165,apo,7.981,6.573,-6.633,False,False,1152.300,,
Q9NZQ7,external,9i0u,5c3t,0.185,A1IZJ B/202,48,13,,0.185,0.165,alphafold,4.169,4.169,-6.976,False,False,877.700,,
P0A6Y8,external,13jg,4f01,0.257,A1DFX A/701,54,16,,,,,,,,,,,ligand too large or flexible,
P11926,external,7s3g,1d7k,0.274,PLP A/501,15,3,,,,,,,,,,,covalent ligand,
P01033,external,9sop,9sos,1.806,P3G A/207,17,14,,1.806,0.603,holo,4.852,4.745,-3.208,False,False,163.600,,
P01033,external,9sop,9sos,1.806,P3G A/207,17,14,,1.806,0.603,apo,4.079,4.079,-3.169,False,False,164.900,,
P01033,external,9sop,9sos,1.806,P3G A/207,17,14,,1.806,0.603,alphafold,4.827,4.434,-3.333,False,False,161.500,,
P00338,external,9bk2,4l4r,0.224,A1AQ0 A/402,32,7,,0.224,0.215,holo,9.084,7.091,-6.258,False,False,292.600,,
P00338,external,9bk2,4l4r,0.224,A1AQ0 A/402,32,7,,0.224,0.215,apo,6.625,6.625,-6.414,False,False,303.500,,
P00338,external,9bk2,4l4r,0.224,A1AQ0 A/402,32,7,,0.224,0.215,alphafold,6.920,4.547,-6.263,False,False,279.400,,
Q55650,external,6k38,6ir4,0.253,CWF A/401,12,7,,,,,,,,,,,covalent ligand,
Q8YMD9,external,6lrg,6lrf,0.636,NAD A/801,44,11,,0.636,0.306,holo,12.105,1.562,-9.014,False,True,1529.000,,
Q8YMD9,external,6lrg,6lrf,0.636,NAD A/801,44,11,,0.636,0.306,apo,11.312,11.165,-6.366,False,False,1822.600,,
Q8YMD9,external,6lrg,6lrf,0.636,NAD A/801,44,11,,0.636,0.306,alphafold,6.908,6.030,-7.894,False,False,1268.400,,
Q9UDY8,external,38go,3v55,1.297,A1DY2 A/804,33,3,,1.297,0.956,holo,0.821,0.821,-12.881,True,True,189.500,,
Q9UDY8,external,38go,3v55,1.297,A1DY2 A/804,33,3,,1.297,0.956,apo,14.257,12.116,-5.145,False,False,384.700,,
Q9UDY8,external,38go,3v55,1.297,A1DY2 A/804,33,3,,1.297,0.956,alphafold,12.874,11.195,-3.990,False,False,360.300,,
P02883,external,8yk6,5avg,0.064,TLA A/301,10,3,,0.064,0.075,holo,7.198,7.118,-2.777,False,False,38.700,,
P02883,external,8yk6,5avg,0.064,TLA A/301,10,3,,0.064,0.075,apo,8.743,7.114,-3.061,False,False,38.900,,
P02883,external,8yk6,5avg,0.064,TLA A/301,10,3,,0.064,0.075,alphafold,4.973,4.973,-3.233,False,False,43.900,,
Q6XEC0,external,9u9t,4s2p,0.204,A1EOK B/301,22,5,,,,,,,,,,,covalent ligand,
O05773,external,7f72,7f70,0.224,FMN A/402,31,7,1JA,0.224,0.542,holo,8.090,8.090,-6.746,False,False,469.000,,
O05773,external,7f72,7f70,0.224,FMN A/402,31,7,1JA,0.224,0.542,apo,10.420,9.783,-6.077,False,False,421.700,,
O05773,external,7f72,7f70,0.224,FMN A/402,31,7,1JA,0.224,0.542,alphafold,2.980,2.726,-7.602,False,False,374.700,,
P09616,external,6u49,7ahl,0.382,,,,,,,,,,,,,,,ValueError: ligand SDF could not be parsed
P15090,external,7fxv,3rzy,0.243,U8H A/202,17,3,,0.243,0.556,holo,2.727,2.026,-6.597,False,False,38.800,,
P15090,external,7fxv,3rzy,0.243,U8H A/202,17,3,,0.243,0.556,apo,2.054,2.054,-6.806,False,False,37.400,,
P15090,external,7fxv,3rzy,0.243,U8H A/202,17,3,,0.243,0.556,alphafold,4.849,4.842,-6.854,False,False,37.000,,
Q08467,external,9tfx,6xx8,0.323,IHP AAAA/501,36,12,,0.323,0.343,holo,5.183,5.183,-5.693,False,False,1287.200,,
Q08467,external,9tfx,6xx8,0.323,IHP AAAA/501,36,12,,0.323,0.343,apo,6.886,6.426,-5.137,False,False,1197.200,,
Q08467,external,9tfx,6xx8,0.323,IHP AAAA/501,36,12,,0.323,0.343,alphafold,5.653,5.265,-5.626,False,False,1044.700,,
Q9HJN6,external,9u46,8x6k,0.581,MTA A/201,20,3,,0.581,0.717,holo,0.713,0.713,-8.725,True,True,82.300,,
Q9HJN6,external,9u46,8x6k,0.581,MTA A/201,20,3,,0.581,0.717,apo,3.692,3.692,-7.495,False,False,84.500,,
Q9HJN6,external,9u46,8x6k,0.581,MTA A/201,20,3,,0.581,0.717,alphafold,6.298,1.813,-6.995,False,True,85.700,,
P60842,external,5zbz,2g9n,0.813,SAU A/301,25,0,,0.813,0.399,holo,9.086,5.549,-7.630,False,False,27.600,,
P60842,external,5zbz,2g9n,0.813,SAU A/301,25,0,,0.813,0.399,apo,8.842,6.174,-7.470,False,False,28.900,,
P60842,external,5zbz,2g9n,0.813,SAU A/301,25,0,,0.813,0.399,alphafold,6.551,5.800,-9.342,False,False,23.700,,
P00558,external,9fdf,9ker,2.059,ATP A/501,31,8,X15,2.059,1.938,holo,3.266,3.266,-8.076,False,False,613.900,,
P00558,external,9fdf,9ker,2.059,ATP A/501,31,8,X15,2.059,1.938,apo,2.250,2.250,-8.431,False,False,446.100,,
P00558,external,9fdf,9ker,2.059,ATP A/501,31,8,X15,2.059,1.938,alphafold,2.437,2.437,-8.400,False,False,525.200,,
Q05315,external,6qrn,5xrh,0.141,RIP A/500,10,0,,0.141,0.166,holo,3.028,3.028,-3.946,False,False,21.400,,
Q05315,external,6qrn,5xrh,0.141,RIP A/500,10,0,,0.141,0.166,apo,3.182,3.182,-4.002,False,False,21.200,,
Q05315,external,6qrn,5xrh,0.141,RIP A/500,10,0,,0.141,0.166,alphafold,8.512,2.791,-3.989,False,False,61.300,,
A0A2I1C3W8,external,7f0y,7f0z,2.356,0BJ A/201,22,3,,2.356,2.495,holo,5.462,2.530,-7.658,False,False,117.100,,
A0A2I1C3W8,external,7f0y,7f0z,2.356,0BJ A/201,22,3,,2.356,2.495,apo,5.641,5.641,-7.270,False,False,131.600,,
A0A2I1C3W8,external,7f0y,7f0z,2.356,0BJ A/201,22,3,,2.356,2.495,alphafold,5.491,5.273,-6.148,False,False,120.600,,
P56470,external,6wab,4ym3,0.196,U61 A/401,34,6,,0.196,0.223,holo,9.970,9.429,-7.549,False,False,294.600,,
P56470,external,6wab,4ym3,0.196,U61 A/401,34,6,,0.196,0.223,apo,9.511,7.189,-7.714,False,False,333.700,,
P56470,external,6wab,4ym3,0.196,U61 A/401,34,6,,0.196,0.223,alphafold,9.606,7.253,-8.043,False,False,335.200,,
P00644,external,6xsf,1ey0,0.789,THP A/201,25,6,,0.789,0.249,holo,4.851,4.851,-7.666,False,False,218.000,,
P00644,external,6xsf,1ey0,0.789,THP A/201,25,6,,0.789,0.249,apo,4.581,4.581,-7.270,False,False,195.900,,
P00644,external,6xsf,1ey0,0.789,THP A/201,25,6,,0.789,0.249,alphafold,4.766,4.280,-7.452,False,False,230.800,,
B2RK03,external,6iox,6iow,0.324,ACO B/401,51,19,,,,,,,,,,,ligand too large or flexible,
Q96R05,external,6e6k,1lpj,0.963,HVD A/201,23,6,,0.963,0.671,holo,1.185,1.185,-8.263,True,True,128.000,,
Q96R05,external,6e6k,1lpj,0.963,HVD A/201,23,6,,0.963,0.671,apo,8.594,8.473,-7.839,False,False,168.900,,
Q96R05,external,6e6k,1lpj,0.963,HVD A/201,23,6,,0.963,0.671,alphafold,4.689,4.689,-8.238,False,False,156.500,,
O15357,external,6squ,6srr,0.476,D7I B/801,46,17,,,,,,,,,,,ligand too large or flexible,
Q9I4Z7,external,8ffd,8ffa,0.144,TLA D/202,10,3,,0.144,0.153,holo,4.032,3.494,-4.042,False,False,50.000,,
Q9I4Z7,external,8ffd,8ffa,0.144,TLA D/202,10,3,,0.144,0.153,apo,4.023,3.608,-4.123,False,False,42.600,,
Q9I4Z7,external,8ffd,8ffa,0.144,TLA D/202,10,3,,0.144,0.153,alphafold,4.291,3.547,-4.164,False,False,43.600,,
P60472,external,5zhe,3qas,0.565,HJX B/301,25,15,,0.565,1.058,holo,5.275,4.551,-6.514,False,False,361.200,,
P60472,external,5zhe,3qas,0.565,HJX B/301,25,15,,0.565,1.058,apo,12.831,8.958,-6.507,False,False,559.100,,
P60472,external,5zhe,3qas,0.565,HJX B/301,25,15,,0.565,1.058,alphafold,4.749,3.587,-7.467,False,False,452.200,,
Q3TBT3,external,9ltf,4kc0,0.472,A1ELY A/400,24,5,,0.472,2.394,holo,7.986,7.986,-7.955,False,False,152.900,,
Q3TBT3,external,9ltf,4kc0,0.472,A1ELY A/400,24,5,,0.472,2.394,apo,3.985,3.985,-7.732,False,False,126.400,,
Q3TBT3,external,9ltf,4kc0,0.472,A1ELY A/400,24,5,,0.472,2.394,alphafold,7.941,3.275,-7.598,False,False,124.600,,
A0A6I8WFP3,external,6lu3,6lu2,2.167,HDH A/601,11,1,,2.167,0.749,holo,0.342,0.342,-6.685,True,True,23.000,,
A0A6I8WFP3,external,6lu3,6lu2,2.167,HDH A/601,11,1,,2.167,0.749,apo,5.382,5.382,-5.764,False,False,22.500,,
A0A6I8WFP3,external,6lu3,6lu2,2.167,HDH A/601,11,1,,2.167,0.749,alphafold,6.347,6.347,-6.438,False,False,23.600,,
A0A0P0XII1,external,9v7e,9wyq,0.351,ADP A/701,27,6,MG,0.351,0.582,holo,6.220,5.866,-7.127,False,False,309.000,,
A0A0P0XII1,external,9v7e,9wyq,0.351,ADP A/701,27,6,MG,0.351,0.582,apo,6.680,5.312,-6.191,False,False,355.900,,
A0A0P0XII1,external,9v7e,9wyq,0.351,ADP A/701,27,6,MG,0.351,0.582,alphafold,4.461,1.544,-7.575,False,True,306.700,,
A0A0H2US78,external,6org,6or4,0.261,BTB A/607,14,8,,0.261,0.346,holo,3.006,3.006,-4.254,False,False,128.100,,
A0A0H2US78,external,6org,6or4,0.261,BTB A/607,14,8,,0.261,0.346,apo,3.064,3.024,-4.672,False,False,127.300,,
A0A0H2US78,external,6org,6or4,0.261,BTB A/607,14,8,,0.261,0.346,alphafold,3.919,3.532,-4.784,False,False,125.500,,
D2W2Z5,external,6vtb,6vt5,0.373,ATP A/401,31,8,MN MN MN,0.373,1.365,holo,4.501,3.089,-9.655,False,False,459.100,,
D2W2Z5,external,6vtb,6vt5,0.373,ATP A/401,31,8,MN MN MN,0.373,1.365,apo,8.004,7.214,-8.048,False,False,608.300,,
D2W2Z5,external,6vtb,6vt5,0.373,ATP A/401,31,8,MN MN MN,0.373,1.365,alphafold,3.155,2.598,-9.861,False,False,528.500,,
P0A434,external,7p85,1pta,6.318,5ZG A/401,14,4,ZN ZN,6.318,5.441,holo,1.695,1.695,-6.746,True,True,49.100,,
P0A434,external,7p85,1pta,6.318,5ZG A/401,14,4,ZN ZN,6.318,5.441,apo,8.386,8.386,-4.815,False,False,58.500,,
P0A434,external,7p85,1pta,6.318,5ZG A/401,14,4,ZN ZN,6.318,5.441,alphafold,4.657,4.205,-6.683,False,False,50.700,,
Q9UM07,external,9dop,3apm,0.772,A1BZK A/702,33,4,,0.772,0.941,holo,1.649,1.649,-9.842,True,True,277.500,,
Q9UM07,external,9dop,3apm,0.772,A1BZK A/702,33,4,,0.772,0.941,apo,10.337,9.307,-7.265,False,False,271.400,,
Q9UM07,external,9dop,3apm,0.772,A1BZK A/702,33,4,,0.772,0.941,alphafold,13.387,8.540,-6.377,False,False,373.800,,
P0AEQ3,external,9p4e,1ggg,0.356,A1C21 C/307,38,14,GD3,0.356,4.304,holo,,,,,,0.500,,"CalledProcessError: Command '['C:\\Users\\aryan\\AppData\\Local\\flexflag\\vina_1.2.7_win.exe', '--receptor', 'C:\\Users\\aryan\\AppData\\Local\\Temp\"
P0AEQ3,external,9p4e,1ggg,0.356,A1C21 C/307,38,14,GD3,0.356,4.304,apo,,,,,,0.400,,"CalledProcessError: Command '['C:\\Users\\aryan\\AppData\\Local\\flexflag\\vina_1.2.7_win.exe', '--receptor', 'C:\\Users\\aryan\\AppData\\Local\\Temp\"
P0AEQ3,external,9p4e,1ggg,0.356,A1C21 C/307,38,14,GD3,0.356,4.304,alphafold,,,,,,0.400,,"CalledProcessError: Command '['C:\\Users\\aryan\\AppData\\Local\\flexflag\\vina_1.2.7_win.exe', '--receptor', 'C:\\Users\\aryan\\AppData\\Local\\Temp\"
P48163,external,9y3a,2aw5,0.508,NAP A/601,48,13,MG,0.508,0.774,holo,12.288,12.269,-9.609,False,False,2251.200,,
P48163,external,9y3a,2aw5,0.508,NAP A/601,48,13,MG,0.508,0.774,apo,9.436,7.917,-10.105,False,False,1930.800,,
P48163,external,9y3a,2aw5,0.508,NAP A/601,48,13,MG,0.508,0.774,alphafold,6.016,4.859,-8.940,False,False,2344.500,,
P12931,external,7ng7,1yoj,0.909,UCW A/602,37,7,,0.909,0.562,holo,2.837,1.775,-10.623,False,True,446.400,,
P12931,external,7ng7,1yoj,0.909,UCW A/602,37,7,,0.909,0.562,apo,9.842,4.525,-7.055,False,False,501.800,,
P12931,external,7ng7,1yoj,0.909,UCW A/602,37,7,,0.909,0.562,alphafold,10.452,4.213,-8.758,False,False,557.200,,
O00481,external,8ize,6ita,0.552,S9R A/502,16,7,,0.552,0.353,holo,1.162,1.162,-5.668,True,True,138.800,,
O00481,external,8ize,6ita,0.552,S9R A/502,16,7,,0.552,0.353,apo,6.686,6.686,-4.867,False,False,131.900,,
O00481,external,8ize,6ita,0.552,S9R A/502,16,7,,0.552,0.353,alphafold,6.330,5.686,-5.106,False,False,134.300,,
Q5ZSZ6,external,7wcf,7vkc,0.862,ACP A/401,31,8,MG MG,0.862,4.194,holo,2.256,0.698,-8.202,False,True,558.200,,
Q5ZSZ6,external,7wcf,7vkc,0.862,ACP A/401,31,8,MG MG,0.862,4.194,apo,7.777,7.221,-7.064,False,False,794.000,,
Q5ZSZ6,external,7wcf,7vkc,0.862,ACP A/401,31,8,MG MG,0.862,4.194,alphafold,1.867,1.867,-6.891,True,True,593.600,,
Q9H3L0,external,6x8z,5cv0,0.783,,,,,,,,,,,,,,,ValueError: ligand SDF could not be parsed
P02753,external,13ah,1brq,1.234,A1DE1 A/301,32,2,,1.234,0.951,holo,1.710,1.710,-10.870,True,True,199.200,,
P02753,external,13ah,1brq,1.234,A1DE1 A/301,32,2,,1.234,0.951,apo,4.907,4.877,-8.424,False,False,207.600,,
P02753,external,13ah,1brq,1.234,A1DE1 A/301,32,2,,1.234,0.951,alphafold,2.108,2.108,-9.476,False,False,246.200,,
Q9SZU7,external,8y9o,4jyp,0.275,IB0 A/301,17,0,,0.275,0.239,holo,2.378,2.378,-7.010,False,False,41.400,,
Q9SZU7,external,8y9o,4jyp,0.275,IB0 A/301,17,0,,0.275,0.239,apo,9.502,9.502,-6.100,False,False,40.100,,
Q9SZU7,external,8y9o,4jyp,0.275,IB0 A/301,17,0,,0.275,0.239,alphafold,9.296,9.296,-5.943,False,False,38.900,,
Q9NUW8,external,6n0d,1jy1,0.306,K8J A/701,13,2,,0.306,0.335,holo,2.858,0.736,-6.703,False,True,29.400,,
Q9NUW8,external,6n0d,1jy1,0.306,K8J A/701,13,2,,0.306,0.335,apo,6.705,3.436,-6.275,False,False,29.900,,
Q9NUW8,external,6n0d,1jy1,0.306,K8J A/701,13,2,,0.306,0.335,alphafold,1.951,1.951,-6.327,True,True,33.600,,
P36776,external,6x27,2x36,3.290,BO2 B/1001,28,9,,,,,,,,,,,covalent ligand,
Q8MYA9,external,7zvr,7ztr,0.339,ZEX A/301,20,4,,0.339,0.681,holo,2.484,2.484,-8.779,False,False,56.300,,
Q8MYA9,external,7zvr,7ztr,0.339,ZEX A/301,20,4,,0.339,0.681,apo,2.931,2.931,-8.644,False,False,62.700,,
Q8MYA9,external,7zvr,7ztr,0.339,ZEX A/301,20,4,,0.339,0.681,alphafold,3.409,2.217,-8.721,False,False,58.800,,
P45881,external,7rji,2oqd,0.985,STE A/201,20,16,,,,,,,,,,,ligand too large or flexible,
P02754,external,7q19,1b8e,0.585,DSM AAA/201,20,4,,0.585,0.359,holo,3.621,1.166,-5.931,False,True,237.700,,
P02754,external,7q19,1b8e,0.585,DSM AAA/201,20,4,,0.585,0.359,apo,5.928,5.568,-4.429,False,False,253.700,,
P02754,external,7q19,1b8e,0.585,DSM AAA/201,20,4,,0.585,0.359,alphafold,9.183,8.399,-3.236,False,False,267.000,,
Q9I562,external,8khl,9nzb,0.168,COA B/301,48,18,,,,,,,,,,,ligand too large or flexible,
P05089,external,6q92,3tf3,0.176,ABH A/403,13,6,MN MN,0.176,0.275,holo,,,,,,0.600,,"CalledProcessError: Command '['C:\\Users\\aryan\\AppData\\Local\\flexflag\\vina_1.2.7_win.exe', '--receptor', 'C:\\Users\\aryan\\AppData\\Local\\Temp\"
P05089,external,6q92,3tf3,0.176,ABH A/403,13,6,MN MN,0.176,0.275,apo,,,,,,0.600,,"CalledProcessError: Command '['C:\\Users\\aryan\\AppData\\Local\\flexflag\\vina_1.2.7_win.exe', '--receptor', 'C:\\Users\\aryan\\AppData\\Local\\Temp\"
P05089,external,6q92,3tf3,0.176,ABH A/403,13,6,MN MN,0.176,0.275,alphafold,,,,,,0.500,,"CalledProcessError: Command '['C:\\Users\\aryan\\AppData\\Local\\flexflag\\vina_1.2.7_win.exe', '--receptor', 'C:\\Users\\aryan\\AppData\\Local\\Temp\"
P62937,external,9ghy,5f66,0.150,A1ILH A/201,44,3,,0.150,0.330,holo,6.963,6.963,-7.752,False,False,1089.700,,
P62937,external,9ghy,5f66,0.150,A1ILH A/201,44,3,,0.150,0.330,apo,7.073,7.073,-8.328,False,False,1041.000,,
P62937,external,9ghy,5f66,0.150,A1ILH A/201,44,3,,0.150,0.330,alphafold,9.532,9.428,-8.125,False,False,1173.000,,
Q7N8J0,external,7b7c,7b7e,0.079,FUL A/401,11,0,,0.079,0.150,holo,4.045,0.993,-4.926,False,True,24.700,,
Q7N8J0,external,7b7c,7b7e,0.079,FUL A/401,11,0,,0.079,0.150,apo,4.046,1.534,-4.865,False,True,24.100,,
Q7N8J0,external,7b7c,7b7e,0.079,FUL A/401,11,0,,0.079,0.150,alphafold,10.637,10.566,-4.467,False,False,22.500,,
Q9K499,external,7kjg,6axo,0.494,BTM A/406,14,5,MG MG MG POP,0.494,0.109,holo,0.922,0.922,-7.030,True,True,41.600,,
Q9K499,external,7kjg,6axo,0.494,BTM A/406,14,5,MG MG MG POP,0.494,0.109,apo,1.243,1.195,-6.460,True,True,42.500,,
Q9K499,external,7kjg,6axo,0.494,BTM A/406,14,5,MG MG MG POP,0.494,0.109,alphafold,0.877,0.865,-8.120,True,True,33.900,,
A0A6P2QLT8,external,9bwl,9bwk,0.194,COA A/500,48,18,,,,,,,,,,,ligand too large or flexible,
A0A3R7J519,external,8jwm,8xr3,0.296,TYK G/402,64,13,,,,,,,,,,,ligand too large or flexible,
C8WV06,external,5z8t,5gj7,1.607,FAD A/401,53,13,,1.607,0.767,holo,10.248,8.753,-10.820,False,False,3239.700,,
C8WV06,external,5z8t,5gj7,1.607,FAD A/401,53,13,,1.607,0.767,apo,11.486,11.486,-9.004,False,False,3163.700,,
C8WV06,external,5z8t,5gj7,1.607,FAD A/401,53,13,,1.607,0.767,alphafold,12.006,11.371,-9.591,False,False,2434.700,,
P41222,external,26rw,26jh,1.753,A1MG3 A/201,33,6,A1MG3,1.753,2.145,holo,0.882,0.882,-12.263,True,True,143.600,,
P41222,external,26rw,26jh,1.753,A1MG3 A/201,33,6,A1MG3,1.753,2.145,apo,9.663,5.890,-8.911,False,False,170.600,,
P41222,external,26rw,26jh,1.753,A1MG3 A/201,33,6,A1MG3,1.753,2.145,alphafold,7.960,7.960,-8.603,False,False,215.900,,
Q9YBQ2,external,9s6b,2qr5,0.084,1AX C/601,9,6,,0.084,0.097,holo,7.783,7.612,-3.711,False,False,47.700,,
Q9YBQ2,external,9s6b,2qr5,0.084,1AX C/601,9,6,,0.084,0.097,apo,7.545,6.815,-3.354,False,False,47.000,,
Q9YBQ2,external,9s6b,2qr5,0.084,1AX C/601,9,6,,0.084,0.097,alphafold,7.440,6.888,-2.940,False,False,43.900,,
B0XMC1,external,6l2c,6l2g,0.238,COA B/501,48,18,,,,,,,,,,,ligand too large or flexible,
Q9KH42,external,6x6x,2wn4,0.524,UTG A/503,17,3,,0.524,0.339,holo,2.699,2.699,-6.387,False,False,39.100,,
Q9KH42,external,6x6x,2wn4,0.524,UTG A/503,17,3,,0.524,0.339,apo,4.160,3.051,-6.316,False,False,37.400,,
Q9KH42,external,6x6x,2wn4,0.524,UTG A/503,17,3,,0.524,0.339,alphafold,4.882,3.515,-6.450,False,False,38.400,,
S0DUX5,external,8erb,8eqw,1.071,WBJ A/501,22,7,,1.071,1.039,holo,0.735,0.735,-7.856,True,True,212.400,,
S0DUX5,external,8erb,8eqw,1.071,WBJ A/501,22,7,,1.071,1.039,apo,7.688,7.688,-5.973,False,False,210.800,,
S0DUX5,external,8erb,8eqw,1.071,WBJ A/501,22,7,,1.071,1.039,alphafold,4.637,4.401,-7.825,False,False,193.800,,
Q8A028,external,7y4g,7y4f,0.232,715 A/801,28,4,,0.232,0.519,holo,8.975,4.478,-8.048,False,False,252.700,,
Q8A028,external,7y4g,7y4f,0.232,715 A/801,28,4,,0.232,0.519,apo,8.890,8.890,-7.945,False,False,231.400,,
Q8A028,external,7y4g,7y4f,0.232,715 A/801,28,4,,0.232,0.519,alphafold,8.818,8.818,-8.035,False,False,240.000,,
Q980A5,external,6h6k,5dsz,4.223,GCP A/501,32,8,,4.223,1.476,holo,1.260,1.260,-9.583,True,True,557.700,,
Q980A5,external,6h6k,5dsz,4.223,GCP A/501,32,8,,4.223,1.476,apo,7.037,6.934,-7.057,False,False,662.600,,
Q980A5,external,6h6k,5dsz,4.223,GCP A/501,32,8,,4.223,1.476,alphafold,1.036,1.036,-9.393,True,True,499.200,,
P96356,external,8xhr,6y5u,2.108,CTP A/401,29,8,,2.108,1.782,holo,2.405,2.405,-9.073,False,False,460.300,,
P96356,external,8xhr,6y5u,2.108,CTP A/401,29,8,,2.108,1.782,apo,4.322,3.486,-7.565,False,False,392.300,,
P96356,external,8xhr,6y5u,2.108,CTP A/401,29,8,,2.108,1.782,alphafold,8.742,2.833,-7.534,False,False,342.700,,
Q55012,external,6wkd,6wkg,0.414,FDF A/401,26,13,MG MG,0.414,0.499,holo,0.866,0.866,-8.578,True,True,355.700,,
Q55012,external,6wkd,6wkg,0.414,FDF A/401,26,13,MG MG,0.414,0.499,apo,3.976,3.945,-7.300,False,False,369.700,,
Q55012,external,6wkd,6wkg,0.414,FDF A/401,26,13,MG MG,0.414,0.499,alphafold,4.553,4.507,-9.057,False,False,273.800,,
A9CEY6,external,7bc1,7bbz,0.451,NAP A/401,48,13,,0.451,0.320,holo,4.167,4.167,-9.764,False,False,2421.000,,
A9CEY6,external,7bc1,7bbz,0.451,NAP A/401,48,13,,0.451,0.320,apo,11.877,11.839,-8.001,False,False,2470.200,,
A9CEY6,external,7bc1,7bbz,0.451,NAP A/401,48,13,,0.451,0.320,alphafold,12.186,4.680,-9.570,False,False,2124.500,,
A0A0A1EQY0,external,6d4b,8ivj,1.778,NAD A/501,44,11,AZI,1.778,0.163,holo,5.193,0.737,-10.925,False,True,1547.400,,
A0A0A1EQY0,external,6d4b,8ivj,1.778,NAD A/501,44,11,AZI,1.778,0.163,apo,8.348,6.709,-8.352,False,False,1585.800,,
A0A0A1EQY0,external,6d4b,8ivj,1.778,NAD A/501,44,11,AZI,1.778,0.163,alphafold,5.280,5.280,-10.201,False,False,1349.800,,
Q04M32,external,6l2i,6l2r,0.429,NAP B/401,48,13,MG MG,0.429,0.363,holo,12.820,10.222,-8.819,False,False,1990.200,,
Q04M32,external,6l2i,6l2r,0.429,NAP B/401,48,13,MG MG,0.429,0.363,apo,11.613,11.613,-8.001,False,False,2209.800,,
Q04M32,external,6l2i,6l2r,0.429,NAP B/401,48,13,MG MG,0.429,0.363,alphafold,8.153,8.153,-7.787,False,False,1473.900,,
P62942,external,6yf3,2ppn,0.596,OOZ A/201,55,5,CD,0.596,0.427,holo,,,,,,3600.500,,"TimeoutExpired: Command '['C:\\Users\\aryan\\AppData\\Local\\flexflag\\vina_1.2.7_win.exe', '--receptor', 'C:\\Users\\aryan\\AppData\\Local\\Temp\\tmp"
P62942,external,6yf3,2ppn,0.596,OOZ A/201,55,5,CD,0.596,0.427,apo,7.442,7.361,-6.146,False,False,3137.300,,
P62942,external,6yf3,2ppn,0.596,OOZ A/201,55,5,CD,0.596,0.427,alphafold,9.634,7.833,-6.163,False,False,3193.100,,
Q8ZRC9,external,8k5q,8k4i,0.324,C2E A/501,44,2,,0.324,0.258,holo,9.627,4.820,-4.575,False,False,1930.400,,
Q8ZRC9,external,8k5q,8k4i,0.324,C2E A/501,44,2,,0.324,0.258,apo,8.042,7.780,-3.574,False,False,1917.700,,
Q8ZRC9,external,8k5q,8k4i,0.324,C2E A/501,44,2,,0.324,0.258,alphafold,6.799,3.825,-4.477,False,False,1122.900,,
A0A086RSH0,external,8jfm,8jfj,2.539,NAD A/301,44,11,,2.539,0.214,holo,2.584,2.584,-11.483,False,False,1079.800,,
A0A086RSH0,external,8jfm,8jfj,2.539,NAD A/301,44,11,,2.539,0.214,apo,3.934,3.934,-10.000,False,False,1005.200,,
A0A086RSH0,external,8jfm,8jfj,2.539,NAD A/301,44,11,,2.539,0.214,alphafold,3.610,2.833,-10.933,False,False,555.300,,
P17931,external,9rr6,3zsj,0.192,A1JIR A/302,46,9,SCN,0.192,0.170,holo,11.660,11.660,-8.709,False,False,961.100,,
P17931,external,9rr6,3zsj,0.192,A1JIR A/302,46,9,SCN,0.192,0.170,apo,11.572,11.572,-7.161,False,False,811.100,,
P17931,external,9rr6,3zsj,0.192,A1JIR A/302,46,9,SCN,0.192,0.170,alphafold,12.125,11.532,-7.638,False,False,589.100,,
A0A2G9HDX9,external,9ufi,9uei,0.496,A1EO9 A/501,44,10,,0.496,1.143,holo,6.834,5.702,-9.538,False,False,1123.400,,
A0A2G9HDX9,external,9ufi,9uei,0.496,A1EO9 A/501,44,10,,0.496,1.143,apo,6.213,6.213,-8.813,False,False,807.300,,
A0A2G9HDX9,external,9ufi,9uei,0.496,A1EO9 A/501,44,10,,0.496,1.143,alphafold,9.039,7.127,-8.637,False,False,609.100,,
A0A447EB45,external,8kbm,8kbi,0.725,C2E A/201,46,2,,0.725,0.682,holo,5.053,4.715,-6.271,False,False,2154.200,,
A0A447EB45,external,8kbm,8kbi,0.725,C2E A/201,46,2,,0.725,0.682,apo,6.518,4.935,-5.139,False,False,1295.900,,
A0A447EB45,external,8kbm,8kbi,0.725,C2E A/201,46,2,,0.725,0.682,alphafold,4.991,4.991,-5.088,False,False,763.000,,
P49419,external,6o4c,4zvx,0.495,NAD A/601,44,11,,0.495,0.122,holo,5.719,5.422,-8.777,False,False,1391.800,,
P49419,external,6o4c,4zvx,0.495,NAD A/601,44,11,,0.495,0.122,apo,6.217,4.612,-8.632,False,False,867.700,,
P49419,external,6o4c,4zvx,0.495,NAD A/601,44,11,,0.495,0.122,alphafold,6.166,6.166,-8.776,False,False,579.000,,
Q6WVP7,external,7eji,8kcn,0.914,NAP A/304,48,13,J66,0.914,0.687,holo,0.918,0.918,-12.050,True,True,1884.700,,
Q6WVP7,external,7eji,8kcn,0.914,NAP A/304,48,13,J66,0.914,0.687,apo,5.111,4.935,-9.907,False,False,1045.100,,
Q6WVP7,external,7eji,8kcn,0.914,NAP A/304,48,13,J66,0.914,0.687,alphafold,1.152,1.152,-10.596,True,True,592.900,,
