uniprot,n_ligands,frac_moving,max_rmsd,median_rmsd,site_plddt_mean,dataset
A0A078SUX9,1,0.0000,1.9320,1.9320,98.2185,apobind
A0A0F6AY66,5,0.0000,1.7430,0.6812,94.3685,apobind
A0A0H2UPS5,1,0.0000,0.5310,0.5310,95.4967,apobind
A0A0H2UPT5,1,0.0000,0.5990,0.5990,96.8125,apobind
A0A0H2URD6,2,1.0000,3.5220,3.5137,91.0422,apobind
A0A0H2ZD27,3,0.0000,0.3251,0.1710,98.5687,apobind
A0A0H2ZD98,1,0.0000,1.4180,1.4180,85.3525,apobind
A0A0H3AHP1,1,0.0000,1.6980,1.6980,88.4738,apobind
A0A0H3K6A3,1,0.0000,0.1820,0.1820,97.4578,apobind
A0A0H3K9U6,2,0.5000,3.0366,1.6043,97.6556,apobind
A0A0M3KKW7,3,0.0000,0.2300,0.1537,94.7600,apobind
A0A0M3PNA2,1,0.0000,0.6570,0.6570,93.2090,apobind
A0A0X1KHF9,1,0.0000,1.4380,1.4380,89.3924,apobind
A0A125SA29,3,0.0000,0.3700,0.3367,95.9525,apobind
A0A1C9J6A7,2,0.0000,0.2684,0.2337,97.3294,apobind
A0A2X3IBQ3,1,0.0000,0.5480,0.5480,92.5067,apobind
A0A3Q7HTY9,1,0.0000,1.1320,1.1320,93.9542,apobind
A0A8U0WQC3,3,0.0000,0.5150,0.2489,94.9188,apobind
A0A9Q4WVB1,1,0.0000,0.0780,0.0780,97.2717,apobind
A0AAI7ZGM1,1,0.0000,0.1560,0.1560,96.6016,apobind
A0QU89,1,0.0000,0.3750,0.3750,90.6905,apobind
A0R5M8,1,0.0000,0.2800,0.2800,96.7963,apobind
A3FQ16,1,0.0000,0.6180,0.6180,90.5600,apobind
A3N294,3,1.0000,4.1054,3.9747,97.0693,apobind
A4GRE3,2,0.0000,0.2211,0.2081,96.7057,apobind
A5H1I6,2,0.0000,0.2215,0.1963,97.6280,apobind
A5K1A2,10,0.0000,0.2059,0.1185,93.9883,apobind
A5K4U6,7,0.0000,0.8600,0.5256,97.1767,apobind
A5W4E3,1,0.0000,0.1330,0.1330,87.1393,apobind
A7B557,2,0.0000,0.1530,0.1489,98.4944,apobind
A7UNK4,1,0.0000,0.1900,0.1900,84.1691,apobind
A8EVM5,1,0.0000,0.3120,0.3120,96.3150,apobind
A9CGA5,1,1.0000,2.0090,2.0090,94.7380,apobind
A9JQL9,11,0.0000,1.4530,0.3038,97.5923,apobind
A9LI60,1,0.0000,0.1990,0.1990,98.0375,apobind
B0B0V1,2,0.5000,2.3038,2.0999,94.9812,apobind
B1WBP0,2,0.0000,0.8298,0.6929,96.1158,apobind
B2ZB02,3,0.0000,0.2191,0.1980,97.5236,apobind
B3EY95,1,0.0000,1.0060,1.0060,96.4514,apobind
B3PBE0,1,0.0000,0.1430,0.1430,98.7164,apobind
B3PEE6,7,0.0000,0.3380,0.1660,96.0375,apobind
B4EA43,1,0.0000,0.3900,0.3900,91.2155,apobind
B6AA20,1,0.0000,0.2350,0.2350,93.1779,apobind
B7QK46,2,0.0000,0.0950,0.0907,97.6294,apobind
B8GZM2,1,0.0000,0.5400,0.5400,95.1422,apobind
B9KDD4,1,0.0000,0.4270,0.4270,95.4248,apobind
C1JZ07,4,0.2500,2.0505,0.6488,90.3592,apobind
C3T3U2,1,0.0000,0.2640,0.2640,91.1365,apobind
C5YH12,1,0.0000,0.2530,0.2530,94.9133,apobind
C7C422,1,0.0000,0.4310,0.4310,97.3120,apobind
C7Q5P8,2,0.0000,0.4820,0.4553,92.2981,apobind
C9Z6T8,2,0.0000,0.3362,0.3016,97.5507,apobind
C9ZP98,2,0.0000,0.6400,0.6394,92.1675,apobind
D0C9L6,2,0.0000,0.2280,0.1845,95.0815,apobind
D1AWE0,4,1.0000,5.3026,4.9028,93.5214,apobind
D4Z2G1,2,0.0000,0.1330,0.1276,98.2785,apobind
D6D1V7,8,0.0000,0.3870,0.2779,98.6675,apobind
D6R8X8,4,0.2500,2.5960,1.8848,86.0335,apobind
E0SJQ4,1,0.0000,1.7810,1.7810,88.8179,apobind
E0TW95,1,0.0000,1.3840,1.3840,87.5618,apobind
E1VBK1,2,1.0000,2.1998,2.1974,98.5167,apobind
E3NZ06,1,0.0000,0.8450,0.8450,90.5309,apobind
E8MF12,2,0.5000,2.2740,1.3531,92.3015,apobind
F0V9W9,2,0.0000,0.2500,0.2375,92.4425,apobind
F6BL85,3,0.0000,0.6766,0.6382,98.6575,apobind
G0S8H7,3,0.3333,3.8350,0.2761,53.0060,apobind
G3XD33,1,1.0000,3.4990,3.4990,97.3833,apobind
G5EBR3,1,0.0000,0.5030,0.5030,94.0278,apobind
G8JZS4,2,0.0000,0.1240,0.1175,98.7720,apobind
H9TUK5,1,0.0000,0.1780,0.1780,98.2041,apobind
J7HJM3,1,0.0000,0.5270,0.5270,92.1614,apobind
J9U5U9,2,0.0000,0.5339,0.5299,97.1868,apobind
O00170,1,0.0000,0.1720,0.1720,94.5075,apobind
O00214,1,0.0000,0.1350,0.1350,98.1880,apobind
O00255,11,0.0000,0.5540,0.4160,98.3242,apobind
O00481,1,0.0000,0.1050,0.1050,95.1033,apobind
O00482,1,0.0000,1.3610,1.3610,89.1062,apobind
O00625,2,0.0000,0.5090,0.3466,96.9428,apobind
O00764,2,0.0000,0.6090,0.4552,95.1392,apobind
O05205,1,0.0000,0.3020,0.3020,98.3512,apobind
O05701,1,0.0000,0.3450,0.3450,92.4704,apobind
O06842,1,0.0000,0.2010,0.2010,98.1093,apobind
O08760,1,0.0000,1.0770,1.0770,94.1635,apobind
O13833,1,0.0000,0.3350,0.3350,97.4300,apobind
O14684,8,0.1250,2.0561,1.8120,98.3956,apobind
O14757,11,0.0000,1.4707,0.3760,84.9256,apobind
O14786,3,0.0000,0.2159,0.2100,97.3800,apobind
O14965,11,0.0000,0.9961,0.8394,93.3090,apobind
O15151,1,0.0000,0.6800,0.6800,90.9414,apobind
O15164,11,0.0000,0.6160,0.2961,92.3292,apobind
O15264,4,0.0000,1.7458,1.0369,93.1816,apobind
O15357,1,0.0000,0.4130,0.4130,91.4158,apobind
O15382,1,0.0000,0.7870,0.7870,95.8175,apobind
O15389,2,0.0000,0.3370,0.3258,91.0000,apobind
O15530,6,0.0000,0.4530,0.1573,92.4962,apobind
O15540,3,0.0000,0.8000,0.6072,94.5629,apobind
O22321,1,0.0000,0.1700,0.1700,98.6710,apobind
O25363,1,0.0000,0.8470,0.8470,95.4609,apobind
O25743,1,0.0000,0.1400,0.1400,90.4679,apobind
O25776,1,0.0000,0.4020,0.4020,92.2200,apobind
O26232,1,1.0000,2.8200,2.8200,97.3790,apobind
O28524,1,0.0000,0.8070,0.8070,92.8287,apobind
O28625,1,0.0000,0.6090,0.6090,96.3120,apobind
O32243,4,0.0000,1.1130,0.8170,93.4277,apobind
O32449,1,0.0000,0.3320,0.3320,98.2460,apobind
O32462,1,0.0000,0.2120,0.2120,96.0593,apobind
O35795,1,0.0000,0.2450,0.2450,93.6300,apobind
O43293,1,0.0000,0.6100,0.6100,92.7078,apobind
O43314,2,0.0000,0.3545,0.2468,93.4711,apobind
O43353,10,0.2000,3.1216,0.4250,93.5445,apobind
O43809,1,0.0000,0.4460,0.4460,95.9545,apobind
O43813,1,0.0000,0.2390,0.2390,96.6787,apobind
O44049,2,0.0000,0.2120,0.1939,98.6533,apobind
O49235,1,0.0000,1.8300,1.8300,96.4641,apobind
O53638,1,0.0000,0.2560,0.2560,95.5981,apobind
O54438,11,0.0000,1.8900,1.7475,98.5610,apobind
O57728,1,1.0000,2.1670,2.1670,61.6814,apobind
O58328,1,1.0000,3.4760,3.4760,93.6023,apobind
O59010,2,0.0000,1.4230,0.9244,93.1207,apobind
O60341,2,0.0000,0.5730,0.5510,98.2816,apobind
O60502,4,0.0000,0.5983,0.5756,95.9488,apobind
O60658,1,0.0000,0.1510,0.1510,95.3918,apobind
O60674,6,0.0000,0.5738,0.4052,92.9546,apobind
O60760,1,0.0000,0.3580,0.3580,97.2294,apobind
O60885,10,0.0000,0.6160,0.2494,95.8608,apobind
O67854,6,0.0000,1.0094,0.3098,94.0050,apobind
O68183,2,0.0000,0.8684,0.8022,94.7581,apobind
O74718,1,0.0000,0.9260,0.9260,92.1970,apobind
O75116,1,0.0000,0.6450,0.6450,93.6671,apobind
O75164,1,0.0000,0.3300,0.3300,87.3122,apobind
O75311,1,0.0000,0.6140,0.6140,96.2000,apobind
O75460,3,0.0000,1.9563,1.2240,87.9941,apobind
O75469,3,0.0000,0.5717,0.5140,92.6106,apobind
O75530,3,0.0000,0.4894,0.4550,98.2209,apobind
O75608,1,0.0000,0.6930,0.6930,95.4945,apobind
O75874,1,0.0000,0.1780,0.1780,95.2380,apobind
O76074,11,0.3636,7.1505,0.4932,94.6726,apobind
O77421,1,0.0000,0.2340,0.2340,98.3542,apobind
O80992,1,1.0000,2.4380,2.4380,94.6121,apobind
O85465,8,0.0000,1.5200,0.1610,96.6136,apobind
O88622,1,0.0000,1.0410,1.0410,96.0315,apobind
O93655,1,0.0000,0.2890,0.2890,92.3916,apobind
O94760,5,0.0000,0.3224,0.2212,98.0820,apobind
O94925,1,0.0000,1.7330,1.7330,82.5786,apobind
O95271,11,0.0000,1.3339,0.5084,53.3230,apobind
O95363,1,0.0000,0.1270,0.1270,98.7171,apobind
O95445,1,0.0000,0.7930,0.7930,94.4200,apobind
O95696,1,0.0000,0.5370,0.5370,95.8953,apobind
O95819,8,0.1250,2.0341,1.7653,87.3275,apobind
O96013,1,0.0000,1.5830,1.5830,95.4787,apobind
O96935,7,0.0000,0.8828,0.2600,98.1605,apobind
P00338,3,0.0000,0.5081,0.4971,91.2463,apobind
P00352,1,0.0000,0.0830,0.0830,98.7150,apobind
P00441,1,0.0000,0.1490,0.1490,98.2875,apobind
P00489,9,0.1111,4.3092,0.4922,91.2658,apobind
P00491,1,1.0000,2.2020,2.2020,95.4846,apobind
P00517,1,0.0000,0.5050,0.5050,96.9700,apobind
P00519,2,0.0000,1.7000,1.5762,92.4380,apobind
P00520,2,0.0000,1.2570,1.2461,89.9321,apobind
P00523,10,0.3000,2.7789,1.1949,94.5635,apobind
P00533,8,0.0000,1.0065,0.9243,85.1816,apobind
P00558,1,0.0000,1.3430,1.3430,93.7613,apobind
P00634,2,0.0000,0.1750,0.1540,98.6527,apobind
P00636,1,0.0000,0.1610,0.1610,95.4389,apobind
P00669,1,0.0000,0.0550,0.0550,98.2369,apobind
P00690,1,0.0000,0.1040,0.1040,98.7971,apobind
P00693,1,0.0000,0.4270,0.4270,97.2342,apobind
P00722,6,0.0000,0.3560,0.2384,97.8680,apobind
P00730,8,0.0000,0.5630,0.3686,97.9406,apobind
P00735,2,0.0000,0.4859,0.4660,83.1967,apobind
P00742,11,0.0909,3.0822,1.9017,84.7844,apobind
P00746,8,0.0000,1.7620,1.4318,90.2059,apobind
P00747,2,0.0000,0.4170,0.3648,96.0156,apobind
P00760,11,0.0000,0.3610,0.2574,96.6979,apobind
P00763,4,0.0000,0.3114,0.2533,94.5482,apobind
P00766,6,0.0000,0.2342,0.1725,86.4767,apobind
P00775,1,0.0000,0.1790,0.1790,97.7707,apobind
P00797,11,0.0000,0.8316,0.5955,85.7183,apobind
P00800,11,0.0000,0.3610,0.3069,96.3319,apobind
P00811,3,0.0000,0.2670,0.2142,98.0967,apobind
P00883,3,0.0000,0.3420,0.3242,97.0609,apobind
P00889,1,0.0000,1.8840,1.8840,93.1200,apobind
P00915,11,0.0000,0.3439,0.2158,97.6881,apobind
P00918,2,0.0000,0.1371,0.1271,98.6417,apobind
P00940,1,1.0000,2.3650,2.3650,94.8088,apobind
P00942,1,1.0000,2.4560,2.4560,92.1238,apobind
P00947,1,0.0000,0.4780,0.4780,98.1088,apobind
P00959,2,0.0000,0.2383,0.1971,96.6300,apobind
P01112,1,0.0000,0.9480,0.9480,94.2550,apobind
P01116,1,0.0000,0.1390,0.1390,92.2928,apobind
P01139,1,0.0000,0.6690,0.6690,92.4643,apobind
P02754,7,0.0000,0.5744,0.5331,97.9625,apobind
P02766,1,0.0000,0.1330,0.1330,98.7233,apobind
P02768,1,0.0000,0.3280,0.3280,95.0247,apobind
P02769,1,0.0000,0.2600,0.2600,97.6616,apobind
P02787,1,0.0000,0.4590,0.4590,94.0430,apobind
P02791,1,0.0000,0.0770,0.0770,98.3811,apobind
P02829,8,0.0000,0.4888,0.3735,92.6224,apobind
P02866,1,0.0000,1.3570,1.3570,98.5500,apobind
P02879,3,0.0000,0.4232,0.4140,97.8221,apobind
P02919,3,0.0000,0.7979,0.5690,88.8892,apobind
P02920,1,0.0000,0.2990,0.2990,85.2225,apobind
P02925,3,1.0000,2.6740,2.6577,98.4238,apobind
P03069,1,0.0000,0.2480,0.2480,97.7933,apobind
P03372,2,0.0000,0.8440,0.7530,96.3367,apobind
P03951,11,0.0000,0.4140,0.3170,88.0869,apobind
P03956,1,0.0000,0.4800,0.4800,97.2905,apobind
P03962,1,0.0000,1.7690,1.7690,96.4854,apobind
P04036,1,0.0000,0.7530,0.7530,94.5258,apobind
P04058,11,0.0000,0.4054,0.3056,98.5422,apobind
P04062,5,0.2000,2.4410,1.7541,86.7947,apobind
P04117,2,0.0000,0.9270,0.8790,95.0857,apobind
P04190,2,0.0000,0.8960,0.4963,95.3838,apobind
P04191,3,0.0000,1.4472,0.6549,81.0652,apobind
P04271,1,0.0000,0.2810,0.2810,91.0325,apobind
P04273,1,0.0000,0.7960,0.7960,84.9050,apobind
P04574,1,0.0000,0.3780,0.3780,95.0425,apobind
P04629,7,0.0000,1.6705,0.9600,86.5574,apobind
P04632,2,0.0000,0.4915,0.4267,94.5100,apobind
P04637,11,0.0000,0.5142,0.3416,96.5685,apobind
P04746,5,0.0000,0.4201,0.2598,96.5527,apobind
P04789,1,0.0000,1.0610,1.0610,96.8750,apobind
P04818,1,0.0000,0.4120,0.4120,97.0573,apobind
P04825,7,0.0000,0.3274,0.1765,96.1855,apobind
P04905,3,0.0000,0.2521,0.1590,98.4113,apobind
P04951,1,1.0000,2.4490,2.4490,88.3194,apobind
P04995,1,0.0000,0.4290,0.4290,98.0942,apobind
P05024,1,1.0000,2.7320,2.7320,84.5374,apobind
P05091,5,0.0000,0.2834,0.2249,98.4200,apobind
P05121,1,0.0000,0.2970,0.2970,93.1300,apobind
P05132,1,1.0000,2.3450,2.3450,94.7972,apobind
P05164,3,0.0000,0.1700,0.1591,95.0740,apobind
P05413,6,0.0000,0.9536,0.9180,94.8108,apobind
P05543,1,0.0000,0.4090,0.4090,96.5992,apobind
P05804,1,0.0000,1.0020,1.0020,94.9531,apobind
P06026,3,0.0000,0.2885,0.2440,89.9431,apobind
P06202,2,0.0000,0.1540,0.1420,98.4106,apobind
P06213,3,0.0000,0.9555,0.2544,85.0626,apobind
P06239,2,0.5000,2.1930,1.9874,92.2260,apobind
P06276,1,0.0000,0.2530,0.2530,97.7326,apobind
P06730,3,0.0000,1.3672,0.8080,97.7900,apobind
P06737,2,0.0000,0.2259,0.2130,97.3642,apobind
P06875,7,0.0000,0.1802,0.1650,94.2969,apobind
P07097,1,0.0000,0.5430,0.5430,97.7933,apobind
P07254,4,0.0000,0.2020,0.1609,98.7938,apobind
P07267,6,1.0000,2.7016,2.5928,83.7403,apobind
P07333,5,0.0000,0.8653,0.6487,80.3028,apobind
P07339,1,0.0000,0.4910,0.4910,79.2488,apobind
P07379,1,0.0000,0.3270,0.3270,95.4725,apobind
P07445,2,0.0000,0.4950,0.4523,96.3822,apobind
P07584,1,0.0000,0.3910,0.3910,96.9836,apobind
P07650,1,0.0000,1.4810,1.4810,92.0621,apobind
P07711,11,0.0000,0.2933,0.2440,97.2155,apobind
P07741,1,0.0000,0.5490,0.5490,95.9276,apobind
P07813,3,0.0000,1.3297,1.2862,90.4795,apobind
P07858,1,0.0000,0.2940,0.2940,89.3000,apobind
P07900,11,0.0000,1.4898,1.0555,93.1528,apobind
P08069,11,0.0000,1.7999,0.9372,82.1371,apobind
P08185,1,0.0000,0.7210,0.7210,94.2260,apobind
P08191,1,0.0000,0.4410,0.4410,90.7764,apobind
P08200,2,0.5000,2.0286,1.4418,96.8140,apobind
P08246,1,0.0000,0.3880,0.3880,93.0989,apobind
P08254,11,0.2727,2.8606,0.6658,91.6080,apobind
P08263,2,0.0000,0.3966,0.3728,97.2765,apobind
P08567,1,0.0000,0.4440,0.4440,83.7654,apobind
P08581,11,0.4545,2.6172,1.6818,85.3014,apobind
P08659,2,0.0000,1.3120,0.9826,91.8062,apobind
P08661,3,1.0000,2.5082,2.4987,96.0629,apobind
P08709,11,1.0000,5.1723,4.2153,77.2275,apobind
P09038,1,0.0000,0.2230,0.2230,96.4357,apobind
P09211,1,0.0000,0.2000,0.2000,98.5677,apobind
P09382,3,0.0000,0.3340,0.2254,97.6740,apobind
P09391,6,0.0000,1.6327,0.9870,87.4050,apobind
P09464,2,0.0000,0.3610,0.3475,97.2440,apobind
P09598,2,0.0000,0.1447,0.1433,91.8657,apobind
P09838,2,0.0000,1.5350,0.8468,96.2147,apobind
P09874,2,0.0000,0.4792,0.4211,95.1956,apobind
P09955,11,0.0000,0.4650,0.3070,98.2979,apobind
P09958,1,0.0000,0.2040,0.2040,93.5073,apobind
P09960,11,0.0000,0.2536,0.1747,95.1300,apobind
P09989,1,0.0000,0.2860,0.2860,98.1440,apobind
P0A0N3,1,1.0000,2.3260,2.3260,92.4840,apobind
P0A1C1,2,0.0000,0.9663,0.9087,93.2225,apobind
P0A434,1,0.0000,0.1980,0.1980,98.7475,apobind
P0A6D3,10,1.0000,7.9907,7.0303,96.0700,apobind
P0A6K3,4,0.0000,0.4346,0.3080,97.9052,apobind
P0A6L4,1,0.0000,0.1840,0.1840,98.8050,apobind
P0A6R0,5,0.0000,0.4550,0.2747,97.4105,apobind
P0A7D4,4,1.0000,2.6003,2.4046,90.3065,apobind
P0A8I8,1,0.0000,0.6190,0.6190,96.0222,apobind
P0A8M3,4,0.0000,1.1208,1.0960,95.2296,apobind
P0A953,5,0.0000,0.3796,0.3147,97.5047,apobind
P0A988,2,0.0000,0.5240,0.4379,95.4736,apobind
P0A9H3,1,0.0000,0.8610,0.8610,95.2120,apobind
P0A9J4,1,0.0000,0.6370,0.6370,95.7527,apobind
P0A9M5,1,0.0000,0.7660,0.7660,95.5581,apobind
P0AB71,1,0.0000,1.0600,1.0600,87.3381,apobind
P0ABP8,1,0.0000,1.3160,1.3160,96.4665,apobind
P0AD64,11,0.0000,1.6601,1.5554,95.2256,apobind
P0AE18,11,0.0000,0.3435,0.2763,98.2344,apobind
P0AEB2,2,0.0000,0.9902,0.8981,94.6217,apobind
P0AES2,2,0.0000,0.2150,0.1970,98.2827,apobind
P0AEY8,1,1.0000,2.3230,2.3230,96.0426,apobind
P0AG80,1,0.0000,1.7410,1.7410,97.3412,apobind
P0AGF4,2,0.5000,2.4560,1.4466,92.6975,apobind
P0AGJ7,1,0.0000,0.6620,0.6620,96.4743,apobind
P0AGL2,1,0.0000,0.7770,0.7770,96.3933,apobind
P0C6E9,2,0.0000,0.3410,0.3272,92.4105,apobind
P0CB51,1,0.0000,0.3270,0.3270,98.7760,apobind
P0CY29,1,1.0000,2.1070,2.1070,92.6207,apobind
P0DMV8,2,1.0000,2.7090,2.5925,96.4192,apobind
P0DPI1,1,0.0000,1.2510,1.2510,96.1272,apobind
P10121,2,0.0000,0.2847,0.2769,96.0617,apobind
P10153,6,0.0000,0.6010,0.2908,93.8592,apobind
P10253,2,0.0000,0.1680,0.1512,98.4147,apobind
P10275,7,0.0000,0.3870,0.3055,95.7767,apobind
P10384,1,0.0000,0.2460,0.2460,98.6693,apobind
P10415,3,0.0000,1.9972,1.9400,85.7943,apobind
P10619,2,0.0000,0.9930,0.9599,95.4321,apobind
P10721,2,0.0000,0.5491,0.5006,84.9955,apobind
P10844,4,0.0000,0.2181,0.2066,85.2395,apobind
P10987,1,0.0000,1.3160,1.3160,94.5840,apobind
P11086,1,0.0000,0.2830,0.2830,98.4724,apobind
P11172,11,1.0000,2.3321,2.2368,96.5288,apobind
P11309,11,0.0000,0.7113,0.3809,95.6433,apobind
P11362,11,0.0909,2.0280,0.4661,87.7740,apobind
P11439,1,0.0000,0.2610,0.2610,98.0625,apobind
P11456,2,1.0000,2.4438,2.3569,92.7086,apobind
P11797,8,0.0000,0.4420,0.2527,98.4471,apobind
P12821,1,0.0000,0.1770,0.1770,94.2078,apobind
P12931,1,0.0000,0.1720,0.1720,91.8122,apobind
P13051,5,0.0000,0.5783,0.4157,94.6213,apobind
P13513,1,0.0000,0.5640,0.5640,97.7522,apobind
P13689,1,0.0000,0.2280,0.2280,98.5606,apobind
P13956,2,0.0000,0.4945,0.4623,93.8593,apobind
P14174,2,0.0000,0.2702,0.2496,98.4810,apobind
P14207,4,0.0000,1.4495,1.4219,93.8811,apobind
P14210,5,0.0000,0.5247,0.3033,94.2875,apobind
P14262,1,0.0000,0.3660,0.3660,98.2618,apobind
P14555,5,0.0000,0.7652,0.5960,94.1114,apobind
P14618,1,0.0000,0.0960,0.0960,94.2641,apobind
P14735,8,0.0000,0.2810,0.1659,96.4460,apobind
P14740,4,0.0000,0.2147,0.1993,98.3850,apobind
P14751,2,0.0000,0.3193,0.2642,94.1953,apobind
P14756,2,0.0000,1.4843,0.7942,97.5740,apobind
P14769,1,1.0000,5.5960,5.5960,95.4371,apobind
P14900,9,1.0000,6.3834,6.2817,94.4511,apobind
P15056,1,1.0000,2.7240,2.7240,82.8184,apobind
P15090,11,0.0000,0.4913,0.3120,95.4845,apobind
P15145,1,0.0000,0.1160,0.1160,95.2993,apobind
P15273,4,0.0000,1.8540,1.7588,93.1569,apobind
P15309,2,0.0000,0.3193,0.2937,98.1445,apobind
P15328,2,1.0000,2.5262,2.5111,94.2265,apobind
P15379,1,0.0000,0.3200,0.3200,96.6433,apobind
P15494,1,0.0000,0.1940,0.1940,94.1936,apobind
P15917,11,0.0000,1.6837,0.5541,92.9655,apobind
P16218,1,0.0000,1.0480,1.0480,97.0337,apobind
P16442,3,0.0000,0.2410,0.1500,98.2785,apobind
P17109,2,0.0000,0.7100,0.5450,96.3252,apobind
P17427,1,0.0000,0.0340,0.0340,83.7300,apobind
P17870,1,0.0000,0.0580,0.0580,96.0900,apobind
P18031,1,0.0000,0.1550,0.1550,98.2986,apobind
P18206,2,0.0000,0.5060,0.4520,90.4300,apobind
P18429,1,0.0000,0.5200,0.5200,98.1831,apobind
P18654,3,0.0000,1.3720,1.2845,88.8117,apobind
P18902,1,0.0000,0.6210,0.6210,95.0207,apobind
P19156,2,0.0000,1.5494,0.9937,96.7700,apobind
P19440,1,0.0000,0.3880,0.3880,94.6560,apobind
P19491,5,0.0000,0.2660,0.2204,93.8500,apobind
P19492,1,0.0000,0.2740,0.2740,92.8631,apobind
P19493,1,0.0000,0.3180,0.3180,92.6256,apobind
P19793,2,0.0000,0.4230,0.4085,93.1809,apobind
P19999,1,0.0000,0.1600,0.1600,98.0300,apobind
P20273,1,0.0000,0.6490,0.6490,83.7880,apobind
P20582,1,0.0000,0.5390,0.5390,98.1021,apobind
P20701,2,0.0000,0.9401,0.8810,81.6805,apobind
P21146,4,0.0000,0.7360,0.6866,90.9838,apobind
P21447,1,0.0000,1.5090,1.5090,90.7460,apobind
P21802,1,0.0000,0.1680,0.1680,90.6767,apobind
P21836,2,0.0000,0.2570,0.2503,96.9036,apobind
P21964,2,0.0000,0.3560,0.3539,97.7659,apobind
P21980,1,0.0000,0.4610,0.4610,95.1922,apobind
P22102,11,0.0000,1.0867,0.9786,92.1829,apobind
P22262,3,0.0000,1.7085,1.5973,95.6895,apobind
P22303,1,0.0000,0.0900,0.0900,97.0267,apobind
P22340,1,0.0000,0.0970,0.0970,98.3512,apobind
P22392,1,0.0000,0.6250,0.6250,96.7059,apobind
P22411,6,0.0000,0.2251,0.1674,98.7736,apobind
P22455,2,0.0000,1.8230,1.7102,89.6060,apobind
P22498,2,0.0000,0.1584,0.1492,98.7237,apobind
P22505,1,0.0000,0.1360,0.1360,98.7782,apobind
P22629,1,0.0000,0.2350,0.2350,93.5938,apobind
P22734,11,1.0000,4.0865,4.0193,96.6131,apobind
P22736,1,0.0000,0.3970,0.3970,89.5411,apobind
P22756,5,0.4000,2.4942,0.2828,92.7312,apobind
P23360,1,0.0000,0.2750,0.2750,98.9043,apobind
P23470,2,0.0000,1.1530,1.1290,96.1131,apobind
P23687,11,0.0000,0.2540,0.1357,98.6729,apobind
P23874,1,0.0000,0.8920,0.8920,94.5828,apobind
P23921,1,0.0000,0.1810,0.1810,92.1950,apobind
P23946,4,0.0000,0.3998,0.2914,96.2852,apobind
P24182,11,1.0000,3.0615,2.8317,92.0061,apobind
P24186,1,0.0000,1.4340,1.4340,93.2931,apobind
P24630,1,0.0000,0.1590,0.1590,94.4185,apobind
P24666,2,0.0000,0.5486,0.5463,97.9500,apobind
P24941,11,0.0000,0.8305,0.4686,90.5532,apobind
P25098,6,0.0000,0.8111,0.6543,91.4622,apobind
P25440,1,0.0000,0.4310,0.4310,96.2550,apobind
P25774,1,0.0000,0.1320,0.1320,97.3125,apobind
P25910,2,0.0000,0.8595,0.6837,96.6693,apobind
P25911,2,0.0000,0.3960,0.3452,92.4141,apobind
P26276,1,0.0000,1.3760,1.3760,93.4994,apobind
P26281,4,0.2500,4.3850,1.1620,93.1000,apobind
P26514,5,0.0000,0.3130,0.2544,98.8150,apobind
P26918,1,1.0000,8.6220,8.6220,97.9700,apobind
P27115,1,0.0000,0.1610,0.1610,94.5804,apobind
P27338,1,0.0000,0.4640,0.4640,98.4674,apobind
P27487,10,0.0000,0.3268,0.1808,98.5178,apobind
P27652,1,0.0000,0.1580,0.1580,95.2646,apobind
P27694,3,0.0000,0.2990,0.2333,88.8540,apobind
P27707,11,0.0000,0.7203,0.4858,96.2583,apobind
P28482,4,0.0000,0.9160,0.7443,93.1062,apobind
P28720,6,0.0000,0.5901,0.3745,93.6246,apobind
P28907,4,0.0000,0.4135,0.3698,97.4405,apobind
P29317,11,0.0000,0.6703,0.5621,91.9059,apobind
P29320,1,0.0000,0.5780,0.5780,91.9227,apobind
P29373,1,1.0000,2.3120,2.3120,94.7613,apobind
P29466,2,0.0000,0.3924,0.3652,70.8033,apobind
P29965,1,0.0000,1.5650,1.5650,97.2119,apobind
P30044,3,1.0000,2.5987,2.4920,97.4111,apobind
P30305,2,0.0000,0.1320,0.1094,96.6082,apobind
P30405,6,0.0000,0.3394,0.2311,97.9095,apobind
P30626,1,0.0000,1.0800,1.0800,92.9000,apobind
P30838,1,0.0000,0.0420,0.0420,98.5171,apobind
P30920,1,0.0000,0.5210,0.5210,98.4233,apobind
P31151,2,0.0000,0.2660,0.2318,98.5000,apobind
P31153,1,0.0000,0.7830,0.7830,94.2017,apobind
P31335,4,0.0000,1.6890,1.4955,91.6878,apobind
P31645,3,0.0000,0.4320,0.1970,93.5633,apobind
P31677,1,1.0000,3.0040,3.0040,88.8348,apobind
P31749,1,0.0000,1.3170,1.3170,74.6954,apobind
P31947,10,0.0000,0.4790,0.3069,96.8839,apobind
P31992,2,0.0000,0.3680,0.2567,97.3017,apobind
P32019,1,1.0000,2.0120,2.0120,65.3600,apobind
P32324,1,0.0000,0.1170,0.1170,86.4032,apobind
P32396,1,0.0000,0.3160,0.3160,93.1927,apobind
P32477,1,0.0000,0.1800,0.1800,94.7010,apobind
P33038,2,1.0000,3.3910,2.7970,88.9988,apobind
P33247,11,0.0000,0.2033,0.1736,97.6871,apobind
P33981,11,0.0000,1.1205,0.8760,94.1144,apobind
P34752,1,0.0000,0.2430,0.2430,98.2553,apobind
P34884,1,0.0000,0.3920,0.3920,98.4620,apobind
P34897,1,1.0000,4.0910,4.0910,95.9857,apobind
P34913,11,0.0000,0.6223,0.4892,97.4867,apobind
P34914,3,0.0000,0.3368,0.3174,96.1878,apobind
P34948,1,0.0000,1.3190,1.3190,96.1165,apobind
P35031,3,0.0000,0.2815,0.2470,95.0907,apobind
P35120,8,1.0000,4.3591,4.2421,98.5948,apobind
P35247,5,0.0000,0.1947,0.1897,97.2129,apobind
P35439,5,0.0000,1.5940,0.2431,93.6154,apobind
P35747,1,0.0000,0.1480,0.1480,97.4569,apobind
P35790,1,0.0000,0.5580,0.5580,90.2030,apobind
P35844,1,1.0000,3.2620,3.2620,87.6488,apobind
P35968,11,0.2727,2.1985,1.8284,87.2467,apobind
P36186,2,0.5000,2.1110,1.9522,92.0775,apobind
P36639,11,0.0000,0.9743,0.7658,97.8343,apobind
P36897,11,0.0000,1.2224,0.7258,95.3926,apobind
P37025,4,0.0000,0.4930,0.2584,96.3573,apobind
P37028,3,0.3333,2.0270,1.9676,94.3441,apobind
P37173,2,0.0000,0.5477,0.4843,95.3010,apobind
P37231,11,0.0000,1.4605,0.3599,94.7834,apobind
P37268,3,0.0000,0.5129,0.3420,94.2500,apobind
P38998,1,0.0000,0.4230,0.4230,96.6673,apobind
P39086,7,0.0000,0.3700,0.2557,92.6839,apobind
P39265,1,1.0000,2.9720,2.9720,97.8233,apobind
P40409,2,1.0000,2.6590,2.5804,94.5872,apobind
P40416,1,0.0000,0.5170,0.5170,90.8886,apobind
P41007,1,0.0000,0.8000,0.8000,92.4671,apobind
P41182,8,0.0000,0.5740,0.2527,79.2036,apobind
P42260,1,0.0000,0.4160,0.4160,93.1631,apobind
P42262,1,0.0000,1.7840,1.7840,92.4713,apobind
P42264,9,0.0000,0.7494,0.2271,92.5936,apobind
P42336,1,0.0000,0.7080,0.7080,94.3117,apobind
P42527,1,0.0000,0.9940,0.9940,50.9006,apobind
P42574,3,0.0000,0.2830,0.2781,94.3733,apobind
P42575,1,0.0000,0.2820,0.2820,84.2980,apobind
P42676,1,0.0000,0.5980,0.5980,96.6217,apobind
P43166,5,0.0000,0.3437,0.2093,98.5524,apobind
P43378,2,0.0000,0.1668,0.1529,96.0989,apobind
P43405,11,0.0000,1.1938,0.6934,93.5068,apobind
P43490,1,0.0000,0.1820,0.1820,97.2276,apobind
P43912,1,0.0000,0.2720,0.2720,97.4668,apobind
P44539,1,0.0000,0.5200,0.5200,98.5186,apobind
P45452,11,0.0000,0.8371,0.6611,89.7276,apobind
P45796,1,1.0000,2.0940,2.0940,94.3375,apobind
P45983,3,0.0000,1.7125,1.1970,91.1029,apobind
P45984,1,1.0000,2.6360,2.6360,86.9261,apobind
P46107,1,0.0000,0.1230,0.1230,97.7350,apobind
P46881,2,0.0000,0.6030,0.5402,96.5643,apobind
P46925,11,0.0909,2.0469,0.7448,84.4632,apobind
P46934,1,0.0000,0.5600,0.5600,86.8257,apobind
P46959,1,0.0000,0.6060,0.6060,96.7936,apobind
P47811,7,0.0000,1.7806,1.5215,92.1548,apobind
P47929,2,0.0000,0.4260,0.2752,98.6764,apobind
P48632,6,0.0000,0.3054,0.2760,98.7560,apobind
P48729,1,0.0000,0.6130,0.6130,94.9005,apobind
P48730,5,0.0000,1.5754,0.6924,94.0805,apobind
P48736,11,0.0000,0.5759,0.4050,92.9070,apobind
P49235,1,0.0000,0.2950,0.2950,98.6756,apobind
P49419,1,0.0000,0.2970,0.2970,98.6245,apobind
P49427,1,0.0000,0.9730,0.9730,95.4321,apobind
P49642,1,0.0000,0.3350,0.3350,97.9570,apobind
P49761,4,0.0000,1.1750,0.8081,95.1314,apobind
P49773,7,0.0000,0.3914,0.2595,97.1211,apobind
P49841,11,0.0000,1.3866,0.7910,96.1160,apobind
P49902,1,0.0000,0.4970,0.4970,97.2079,apobind
P50053,11,0.4545,3.1241,1.8337,96.7278,apobind
P50225,2,0.0000,0.2340,0.2186,98.5262,apobind
P50750,1,0.0000,0.7110,0.7110,91.0253,apobind
P51161,1,0.0000,0.2670,0.2670,86.1200,apobind
P51449,11,0.0000,0.6037,0.4421,94.8657,apobind
P52209,1,0.0000,1.8700,1.8700,90.6529,apobind
P52679,1,0.0000,0.2240,0.2240,94.3082,apobind
P52699,4,0.0000,0.4209,0.3759,96.2043,apobind
P52700,6,0.0000,0.3663,0.2259,98.5400,apobind
P52704,2,0.0000,0.2040,0.2040,98.5258,apobind
P52732,6,0.1667,2.0639,0.2853,91.5863,apobind
P53350,5,0.0000,0.6429,0.4123,81.1150,apobind
P53582,11,0.0000,0.1940,0.1712,98.7315,apobind
P53686,1,0.0000,0.6110,0.6110,91.1672,apobind
P54646,1,1.0000,2.5960,2.5960,91.8139,apobind
P54753,2,0.0000,0.5074,0.4272,86.5328,apobind
P54762,2,0.0000,0.3420,0.3404,91.6633,apobind
P54818,7,0.0000,0.1545,0.1227,97.9782,apobind
P54829,1,0.0000,0.2950,0.2950,87.9231,apobind
P55201,3,0.0000,0.3220,0.3101,93.3831,apobind
P55210,6,0.0000,0.2794,0.2520,95.2500,apobind
P55212,7,0.0000,0.6190,0.4704,70.2640,apobind
P55859,2,0.0000,1.3690,1.3675,95.8595,apobind
P56073,1,0.0000,0.9910,0.9910,89.7662,apobind
P56109,2,1.0000,2.8230,2.7574,91.0318,apobind
P56221,2,0.0000,0.9030,0.8384,93.3058,apobind
P56273,5,0.0000,0.6445,0.5850,96.0420,apobind
P56470,1,0.0000,0.7320,0.7320,98.2478,apobind
P56524,4,0.0000,0.6345,0.3391,96.7707,apobind
P56658,11,0.0000,0.9800,0.8456,98.5464,apobind
P56690,1,0.0000,0.4410,0.4410,94.5360,apobind
P56817,11,0.0000,1.5672,0.9756,95.5627,apobind
P58154,11,0.0000,1.1700,0.8557,97.9275,apobind
P58687,3,1.0000,2.5352,2.2908,96.8013,apobind
P59071,9,0.0000,1.0704,0.5470,96.9288,apobind
P60061,1,0.0000,0.3510,0.3510,94.0956,apobind
P60174,1,0.0000,1.9070,1.9070,93.4707,apobind
P60472,7,0.0000,1.1772,0.8520,96.1994,apobind
P60568,1,0.0000,0.5530,0.5530,87.2050,apobind
P61626,1,0.0000,0.2380,0.2380,97.8900,apobind
P61823,1,0.0000,0.1710,0.1710,98.7500,apobind
P61964,3,0.0000,0.1873,0.1468,98.8280,apobind
P62136,1,0.0000,0.3660,0.3660,95.7330,apobind
P62508,7,0.2857,3.0470,0.3460,97.2137,apobind
P62593,5,0.0000,1.5892,0.2219,98.5295,apobind
P62694,1,0.0000,0.2320,0.2320,98.6790,apobind
P62937,3,0.0000,0.6323,0.6033,98.1850,apobind
P62942,3,0.0000,0.4038,0.3460,96.3322,apobind
P62965,1,1.0000,2.8080,2.8080,94.5681,apobind
P63000,2,0.0000,1.3030,0.9074,97.1668,apobind
P63086,6,0.1667,3.2137,0.9149,96.7612,apobind
P63104,1,0.0000,0.6510,0.6510,97.2990,apobind
P63279,3,0.0000,0.1183,0.1135,98.6562,apobind
P68135,2,0.0000,0.6049,0.5434,94.5594,apobind
P68175,1,0.0000,0.4200,0.4200,98.0787,apobind
P68400,5,0.0000,1.6071,1.0000,96.6285,apobind
P68826,1,0.0000,0.1820,0.1820,97.9445,apobind
P69441,2,1.0000,5.6610,5.4607,94.6993,apobind
P71447,3,0.0000,1.9994,1.9120,96.7400,apobind
P72583,2,1.0000,3.8356,3.8133,91.5938,apobind
P74325,1,1.0000,2.2470,2.2470,97.4688,apobind
P76015,1,0.0000,0.2350,0.2350,96.1587,apobind
P76141,1,0.0000,0.5930,0.5930,96.9071,apobind
P77173,1,0.0000,0.4420,0.4420,98.2908,apobind
P80188,2,0.0000,0.3350,0.3237,98.0750,apobind
P81245,7,0.0000,0.1820,0.1512,98.1317,apobind
P83512,1,0.0000,0.5610,0.5610,95.3572,apobind
P96856,2,0.0000,1.6300,1.4970,96.8542,apobind
P96884,1,1.0000,2.7190,2.7190,97.7590,apobind
P96965,1,0.0000,0.2220,0.2220,98.0433,apobind
P97571,4,0.0000,0.6250,0.3055,91.3043,apobind
P97612,10,0.0000,0.3503,0.2648,97.5835,apobind
P9WFX1,6,1.0000,2.8517,2.7127,91.3553,apobind
P9WFX5,11,0.9091,3.2669,3.0710,87.6193,apobind
P9WFX9,1,0.0000,0.0260,0.0260,94.7256,apobind
P9WG43,1,1.0000,2.2670,2.2670,93.2024,apobind
P9WH43,1,0.0000,0.6970,0.6970,86.2350,apobind
P9WHK9,1,0.0000,1.0130,1.0130,86.6658,apobind
P9WIL5,1,0.0000,0.2360,0.2360,97.9693,apobind
P9WK19,8,0.0000,0.3650,0.2900,98.1017,apobind
P9WKD3,1,0.0000,0.5290,0.5290,98.4808,apobind
P9WKE1,1,0.0000,0.3590,0.3590,97.5962,apobind
P9WNG3,3,0.0000,0.4498,0.3339,97.5156,apobind
P9WNH5,3,0.0000,0.3201,0.2919,98.3080,apobind
P9WNP1,2,0.0000,0.3047,0.2749,92.1631,apobind
P9WPC9,3,0.0000,1.0660,0.9331,81.4643,apobind
P9WPQ5,1,0.0000,0.4960,0.4960,98.0368,apobind
P9WPX7,1,0.0000,1.6540,1.6540,92.5035,apobind
P9WPY3,2,0.0000,0.4984,0.4622,92.6056,apobind
P9WQD9,6,0.0000,0.1348,0.0979,98.3200,apobind
P9WQH5,1,0.0000,1.8820,1.8820,95.9047,apobind
P9WQN9,1,1.0000,2.3910,2.3910,79.5980,apobind
Q00534,3,0.3333,2.5360,1.4952,91.5278,apobind
Q00987,2,0.0000,0.6315,0.5908,95.4787,apobind
Q01064,5,0.0000,1.7310,0.5997,94.5895,apobind
Q01217,1,0.0000,0.2080,0.2080,91.4995,apobind
Q01469,4,0.0000,1.1217,0.6471,95.6982,apobind
Q01693,1,0.0000,0.3070,0.3070,96.5321,apobind
Q02083,1,1.0000,7.3950,7.3950,95.6293,apobind
Q02763,2,0.5000,4.7810,2.8349,86.7646,apobind
Q02834,1,0.0000,0.3300,0.3300,98.7544,apobind
Q03137,2,0.0000,0.6546,0.6098,90.7537,apobind
Q03479,1,1.0000,3.1000,3.1000,86.0450,apobind
Q04609,11,0.3636,2.2288,1.7639,92.0503,apobind
Q04724,1,0.0000,0.3400,0.3400,97.8685,apobind
Q05097,1,0.0000,0.1740,0.1740,85.2020,apobind
Q05397,1,0.0000,1.6960,1.6960,92.7737,apobind
Q05769,2,0.0000,0.9930,0.9465,97.8120,apobind
Q05816,1,0.0000,1.4880,1.4880,95.4436,apobind
Q05823,2,0.0000,0.3110,0.2823,97.9689,apobind
Q06124,3,0.0000,0.3268,0.2680,95.3200,apobind
Q06135,7,0.0000,0.3869,0.3648,97.6224,apobind
Q06187,11,1.0000,5.0710,4.7802,89.4818,apobind
Q06GJ0,3,0.0000,0.4464,0.1740,97.9810,apobind
Q07075,2,0.0000,0.1400,0.1293,98.0869,apobind
Q07343,1,0.0000,0.2200,0.2200,96.9127,apobind
Q07412,1,0.0000,0.3600,0.3600,97.1750,apobind
Q07785,2,0.0000,1.3940,0.8880,91.2065,apobind
Q07817,2,1.0000,3.0590,2.7441,83.3268,apobind
Q07820,1,0.0000,0.6650,0.6650,87.4450,apobind
Q08345,8,0.0000,1.9499,1.2354,86.0029,apobind
Q08638,11,0.0000,0.1707,0.1096,98.7847,apobind
Q09JX9,1,0.0000,0.0810,0.0810,98.7736,apobind
Q0P8Q4,1,0.0000,1.2280,1.2280,95.6100,apobind
Q0PA47,1,0.0000,0.3840,0.3840,98.1035,apobind
Q0PC20,3,1.0000,2.1048,2.0899,95.5333,apobind
Q10471,1,0.0000,0.2730,0.2730,95.2233,apobind
Q10QA5,3,0.0000,0.3236,0.2960,98.0367,apobind
Q12051,9,0.0000,1.9588,0.2498,94.0836,apobind
Q12314,1,1.0000,3.6840,3.6840,83.0221,apobind
Q12852,5,0.0000,1.4473,1.4130,86.5015,apobind
Q12866,2,0.0000,0.3350,0.3081,89.4311,apobind
Q12QS6,1,0.0000,0.4530,0.4530,98.5327,apobind
Q13093,11,0.0000,0.3344,0.2730,95.8879,apobind
Q13153,7,0.2857,4.7950,1.5178,92.9771,apobind
Q13164,2,1.0000,2.5240,2.5160,87.3614,apobind
Q13231,8,0.0000,0.4686,0.2008,98.2967,apobind
Q13394,1,0.0000,0.7130,0.7130,94.6753,apobind
Q13432,1,0.0000,1.3260,1.3260,94.7437,apobind
Q13451,11,0.0000,1.4237,0.3899,96.0847,apobind
Q13490,4,0.0000,0.2754,0.1875,90.6429,apobind
Q13501,1,0.0000,0.2160,0.2160,91.6350,apobind
Q13523,1,0.0000,0.6860,0.6860,91.7595,apobind
Q13526,1,0.0000,0.2530,0.2530,98.3133,apobind
Q13882,2,0.0000,1.9413,1.0896,91.7194,apobind
Q14145,1,0.0000,0.2450,0.2450,98.0568,apobind
Q14289,9,0.0000,1.6792,1.4172,89.7195,apobind
Q14397,11,0.0000,0.6362,0.5340,91.7003,apobind
Q14416,1,0.0000,1.5230,1.5230,91.8995,apobind
Q14680,11,0.0000,1.7944,0.6605,90.7560,apobind
Q14790,1,0.0000,0.4110,0.4110,85.6345,apobind
Q15119,1,0.0000,0.2220,0.2220,96.5676,apobind
Q15274,1,0.0000,1.3180,1.3180,98.3131,apobind
Q15382,1,0.0000,0.4530,0.4530,94.3108,apobind
Q15562,2,0.0000,0.3050,0.2851,94.8439,apobind
Q15KI8,1,1.0000,3.1520,3.1520,91.3717,apobind
Q16512,3,0.0000,0.7510,0.6976,90.7914,apobind
Q16539,11,0.7273,4.6772,2.4620,90.9835,apobind
Q16620,3,0.3333,2.3687,0.9970,85.1255,apobind
Q16769,3,0.0000,0.5396,0.1948,98.5000,apobind
Q16853,3,0.0000,0.3847,0.3253,97.8083,apobind
Q16875,1,0.0000,0.2490,0.2490,95.8481,apobind
Q17U16,2,0.0000,0.2415,0.1693,92.3880,apobind
Q1D4I5,1,0.0000,1.6130,1.6130,90.5618,apobind
Q24451,11,0.0000,0.2095,0.1227,98.6447,apobind
Q26966,1,0.0000,0.3560,0.3560,98.7522,apobind
Q26997,3,0.3333,2.5479,1.4930,90.8210,apobind
Q28175,1,0.0000,1.0110,1.0110,90.6247,apobind
Q28372,1,0.0000,0.7330,0.7330,72.8224,apobind
Q2CEE3,1,0.0000,1.4720,1.4720,95.8253,apobind
Q2FXC2,2,0.0000,0.4660,0.3025,95.0463,apobind
Q2QEH4,1,0.0000,0.3180,0.3180,97.4080,apobind
Q2YIM3,1,0.0000,0.2240,0.2240,95.4091,apobind
Q2YQ76,1,0.0000,0.7580,0.7580,92.6658,apobind
Q38C91,11,0.0000,1.4975,1.4150,92.5714,apobind
Q38CL4,3,0.0000,0.2882,0.2781,98.1573,apobind
Q393A1,1,0.0000,0.2270,0.2270,96.8800,apobind
Q39761,1,0.0000,0.3590,0.3590,94.4863,apobind
Q45222,1,0.0000,0.1940,0.1940,93.5004,apobind
Q46085,1,0.0000,0.6400,0.6400,92.7075,apobind
Q460N3,1,0.0000,0.2190,0.2190,94.3527,apobind
Q46389,2,0.0000,0.3090,0.3059,98.1636,apobind
Q46822,2,0.0000,0.3765,0.3392,97.3953,apobind
Q47066,1,0.0000,0.3700,0.3700,98.6184,apobind
Q47212,1,0.0000,0.4350,0.4350,97.5517,apobind
Q4DA73,4,0.0000,1.9276,1.8921,93.3485,apobind
Q4JH30,1,0.0000,0.3720,0.3720,92.7425,apobind
Q4QDU3,1,0.0000,0.2930,0.2930,91.6830,apobind
Q4VSJ8,1,0.0000,0.2020,0.2020,94.0186,apobind
Q4WW81,1,0.0000,0.1900,0.1900,98.7336,apobind
Q51578,1,0.0000,0.1670,0.1670,97.9926,apobind
Q51815,1,0.0000,0.1800,0.1800,92.7192,apobind
Q53685,1,0.0000,0.6370,0.6370,92.6695,apobind
Q54276,5,0.0000,0.4003,0.2190,98.8047,apobind
Q54727,4,0.0000,0.2890,0.2507,98.7540,apobind
Q54873,2,0.0000,0.2460,0.2200,95.6775,apobind
Q54S83,2,0.0000,0.9190,0.5395,94.4171,apobind
Q584S0,1,0.0000,1.8770,1.8770,94.1658,apobind
Q58F21,1,1.0000,3.0310,3.0310,94.6969,apobind
Q59310,1,0.0000,0.2820,0.2820,97.2215,apobind
Q5A4W8,1,0.0000,0.5310,0.5310,95.6180,apobind
Q5HEB7,1,0.0000,0.3050,0.3050,94.8721,apobind
Q5HSJ4,1,0.0000,1.9230,1.9230,96.5404,apobind
Q5JD38,1,1.0000,2.2190,2.2190,79.9381,apobind
Q5M4H8,4,0.0000,0.2490,0.2318,97.0190,apobind
Q5SKC5,1,0.0000,0.1640,0.1640,98.0112,apobind
Q5SL84,1,0.0000,0.3610,0.3610,91.3557,apobind
Q5SMG8,1,0.0000,0.3250,0.3250,96.3493,apobind
Q5TCY1,2,0.0000,0.9950,0.6445,96.5471,apobind
Q5VWZ2,1,0.0000,0.3050,0.3050,98.4017,apobind
Q5WPU9,1,0.0000,0.1450,0.1450,97.0263,apobind
Q5ZUA2,1,0.0000,0.5370,0.5370,95.9665,apobind
Q60187,1,0.0000,0.5300,0.5300,96.6993,apobind
Q63226,1,0.0000,0.7170,0.7170,91.3079,apobind
Q6GG09,2,0.0000,0.5979,0.5675,92.0689,apobind
Q6L8Q7,1,0.0000,0.8990,0.8990,97.3210,apobind
Q6MPX4,1,0.0000,1.1090,1.1090,93.4795,apobind
Q6P179,3,0.0000,0.2384,0.2250,97.4682,apobind
Q6PL18,10,0.0000,0.4406,0.2398,84.5078,apobind
Q6Q3H7,1,0.0000,0.2620,0.2620,97.9444,apobind
Q6WY08,5,0.0000,0.5241,0.3107,95.3733,apobind
Q6XEC0,11,0.0000,0.5238,0.3624,98.3017,apobind
Q6ZMT4,1,0.0000,0.2140,0.2140,95.1288,apobind
Q71QF2,1,0.0000,0.0780,0.0780,96.5157,apobind
Q72CX3,1,0.0000,0.6000,0.6000,98.3864,apobind
Q72J47,2,0.0000,0.1211,0.1015,98.0432,apobind
Q75I93,5,0.0000,0.2165,0.1610,98.6088,apobind
Q7CX36,1,0.0000,0.2720,0.2720,98.7329,apobind
Q7DAU8,1,1.0000,3.3690,3.3690,84.5836,apobind
Q7KZF4,2,0.0000,0.3150,0.3037,96.4357,apobind
Q7LIJ0,2,0.0000,0.3950,0.3335,98.6450,apobind
Q7M4F9,1,0.0000,0.1550,0.1550,93.7575,apobind
Q7NDN8,1,0.0000,0.1590,0.1590,96.2782,apobind
Q7SIG4,1,0.0000,0.2030,0.2030,98.7912,apobind
Q7VL18,2,1.0000,3.2590,3.2345,98.1087,apobind
Q7X9A9,1,0.0000,0.1810,0.1810,97.5629,apobind
Q7Z8V1,1,0.0000,0.3270,0.3270,94.8187,apobind
Q80Z29,3,0.0000,1.4030,1.0795,97.9213,apobind
Q836J0,1,1.0000,2.0490,2.0490,92.4924,apobind
Q869C3,1,0.0000,0.1200,0.1200,98.6476,apobind
Q86PT9,1,0.0000,0.1580,0.1580,98.4059,apobind
Q86W56,1,0.0000,0.5850,0.5850,96.2152,apobind
Q86WV6,10,0.0000,1.2315,0.6990,95.2600,apobind
Q873X9,10,0.0000,0.1465,0.1209,97.2900,apobind
Q89GW5,1,0.0000,0.1320,0.1320,97.2546,apobind
Q89U61,1,0.0000,0.3330,0.3330,98.0371,apobind
Q8A325,1,0.0000,0.2920,0.2920,95.8156,apobind
Q8A712,1,0.0000,0.2180,0.2180,98.1238,apobind
Q8BHN3,2,0.0000,0.1501,0.1426,98.5669,apobind
Q8G9Q0,1,0.0000,0.4490,0.4490,96.4158,apobind
Q8GKX2,1,0.0000,0.4950,0.4950,94.5877,apobind
Q8I5R7,1,1.0000,3.9190,3.9190,92.7874,apobind
Q8IB67,1,0.0000,1.2780,1.2780,93.7157,apobind
Q8IDQ9,1,0.0000,0.1970,0.1970,98.0779,apobind
Q8IWA4,2,0.5000,2.5123,2.2297,89.0905,apobind
Q8IXJ6,2,1.0000,3.5640,3.3429,91.2092,apobind
Q8J0K6,1,0.0000,0.4140,0.4140,98.4000,apobind
Q8KNP3,1,0.0000,0.4630,0.4630,95.1433,apobind
Q8KRS7,1,0.0000,0.8840,0.8840,91.7244,apobind
Q8LPW4,1,0.0000,0.1120,0.1120,97.8757,apobind
Q8MNY2,3,0.0000,0.4450,0.4321,97.2335,apobind
Q8N371,1,0.0000,0.8540,0.8540,98.4046,apobind
Q8N6T7,3,0.0000,0.1740,0.1721,98.1296,apobind
Q8N884,1,0.0000,0.5240,0.5240,96.3720,apobind
Q8N8S7,1,0.0000,0.3020,0.3020,97.1514,apobind
Q8NB16,1,0.0000,0.4340,0.4340,92.3924,apobind
Q8NEB9,6,0.0000,0.4300,0.3651,94.5272,apobind
Q8TF76,10,0.0000,0.6338,0.2225,95.8347,apobind
Q8TL28,1,0.0000,0.3490,0.3490,97.9559,apobind
Q8WQX9,5,0.0000,0.6060,0.4954,87.7227,apobind
Q8WSF8,1,0.0000,0.7030,0.7030,89.2887,apobind
Q8WTS6,3,0.3333,2.4830,1.3623,90.3826,apobind
Q8WUI4,4,0.0000,0.3990,0.3765,96.9755,apobind
Q8Y8D7,5,0.0000,0.9965,0.9710,95.6533,apobind
Q8ZKB0,1,0.0000,0.0010,0.0010,85.4181,apobind
Q8ZNP4,1,0.0000,0.9280,0.9280,97.0460,apobind
Q90249,1,0.0000,0.2040,0.2040,93.8200,apobind
Q91VE3,1,0.0000,0.1480,0.1480,96.0040,apobind
Q92630,4,0.0000,0.6213,0.3764,97.2071,apobind
Q92830,1,0.0000,0.2640,0.2640,94.1779,apobind
Q92831,9,0.0000,1.5087,0.4354,93.6646,apobind
Q92876,1,1.0000,3.9910,3.9910,96.6690,apobind
Q92918,1,0.0000,1.1390,1.1390,86.9874,apobind
Q92UV8,1,0.0000,0.1800,0.1800,94.6136,apobind
Q93J45,1,0.0000,0.2000,0.2000,96.6725,apobind
Q93UV0,2,0.0000,1.4400,1.2426,97.7624,apobind
Q96AC1,1,1.0000,2.2610,2.2610,76.3975,apobind
Q96CA5,5,0.0000,0.1171,0.0986,96.5000,apobind
Q96EB6,1,1.0000,13.8820,13.8820,88.0130,apobind
Q96ES7,1,0.0000,0.1610,0.1610,96.6467,apobind
Q96IY4,1,0.0000,0.3130,0.3130,95.2663,apobind
Q96KQ7,3,0.0000,0.4540,0.2543,96.7657,apobind
Q96RI1,1,0.0000,0.9860,0.9860,85.1663,apobind
Q96SB4,3,0.0000,0.9280,0.8923,93.0233,apobind
Q96Y14,1,0.0000,0.2810,0.2810,95.5712,apobind
Q973T5,1,0.0000,0.1670,0.1670,89.1547,apobind
Q99497,11,0.0000,0.1835,0.1682,98.7183,apobind
Q99523,4,0.0000,1.9483,0.3008,96.6340,apobind
Q99558,1,0.0000,0.3370,0.3370,93.9783,apobind
Q99685,2,0.0000,0.2878,0.2424,93.1343,apobind
Q99QC1,2,0.0000,0.2010,0.1868,98.1960,apobind
Q99YP5,1,0.0000,0.0960,0.0960,97.7271,apobind
Q9AIU0,2,0.0000,0.2940,0.2842,96.2767,apobind
Q9AJS0,3,0.0000,0.3180,0.2910,97.8824,apobind
Q9ALJ4,1,0.0000,0.7570,0.7570,98.0847,apobind
Q9AMP1,6,0.0000,0.1742,0.1268,98.3650,apobind
Q9AXT8,1,0.0000,0.2580,0.2580,97.6837,apobind
Q9BJF5,1,0.0000,0.6150,0.6150,92.5629,apobind
Q9BV86,2,0.0000,0.1251,0.1196,98.5096,apobind
Q9BX68,2,0.0000,0.4370,0.4367,96.7789,apobind
Q9BY41,1,0.0000,0.3890,0.3890,97.4633,apobind
Q9BZP6,6,0.0000,0.3642,0.2713,97.5265,apobind
Q9C171,1,0.0000,0.2280,0.2280,95.3500,apobind
Q9CCZ4,1,0.0000,0.6440,0.6440,90.9806,apobind
Q9CPU0,2,0.0000,0.5730,0.5356,94.2587,apobind
Q9FD73,6,0.1667,2.6804,0.2831,94.7820,apobind
Q9FUZ2,6,0.0000,0.9558,0.8567,98.0352,apobind
Q9FV53,1,0.0000,0.2330,0.2330,97.0632,apobind
Q9GK12,11,0.3636,4.2466,0.6258,98.4900,apobind
Q9GPQ4,4,0.0000,0.9410,0.9015,98.8211,apobind
Q9H2K2,11,0.0000,0.3139,0.2350,72.7669,apobind
Q9H7B4,2,0.0000,0.5310,0.4896,98.2050,apobind
Q9H8M2,11,0.0000,0.4138,0.3089,97.3017,apobind
Q9H9B1,7,0.0000,0.4864,0.3735,95.5565,apobind
Q9HBH9,8,0.0000,1.8355,1.1789,93.0312,apobind
Q9HC16,1,0.0000,0.0690,0.0690,96.8114,apobind
Q9HGR1,2,0.0000,0.4385,0.3663,97.5930,apobind
Q9HGT2,1,0.0000,0.6150,0.6150,92.4352,apobind
Q9HUK6,1,0.0000,0.9250,0.9250,94.0795,apobind
Q9HV14,1,0.0000,0.3270,0.3270,98.1971,apobind
Q9HVB9,1,0.0000,0.1110,0.1110,97.7900,apobind
Q9HWY4,1,0.0000,0.2380,0.2380,95.1200,apobind
Q9HXM1,3,0.0000,0.5117,0.1916,96.8275,apobind
Q9HZ64,1,0.0000,1.1470,1.1470,97.1789,apobind
Q9HZE7,2,0.0000,0.5810,0.5350,86.9085,apobind
Q9I000,1,0.0000,0.0950,0.0950,97.3573,apobind
Q9I194,8,0.0000,0.2050,0.1619,97.2592,apobind
Q9I4L4,2,0.0000,0.1565,0.1353,94.8567,apobind
Q9I6J0,1,1.0000,3.0220,3.0220,97.1836,apobind
Q9I6J1,1,1.0000,2.8530,2.8530,96.1855,apobind
Q9I7C4,1,0.0000,0.1880,0.1880,95.2180,apobind
Q9JLS3,1,0.0000,0.4030,0.4030,93.2763,apobind
Q9JN36,1,0.0000,0.1490,0.1490,97.7000,apobind
Q9JYL2,1,0.0000,0.1540,0.1540,92.5594,apobind
Q9K169,1,0.0000,0.0930,0.0930,97.2081,apobind
Q9K2N0,6,0.0000,0.7305,0.5837,97.6208,apobind
Q9KAX3,1,0.0000,0.2360,0.2360,87.2150,apobind
Q9KDT3,1,0.0000,0.1510,0.1510,97.9722,apobind
Q9KQU8,1,1.0000,2.4510,2.4510,96.3067,apobind
Q9KU37,3,0.0000,0.3401,0.2880,94.8335,apobind
Q9KVG7,2,0.0000,0.4591,0.4351,89.4861,apobind
Q9L1K2,3,0.0000,0.3634,0.2540,98.2567,apobind
Q9L387,1,0.0000,0.1730,0.1730,98.6650,apobind
Q9L5C8,1,0.0000,0.0950,0.0950,98.6764,apobind
Q9N1E2,2,0.0000,1.3747,1.2273,95.6105,apobind
Q9NPD8,1,0.0000,0.2340,0.2340,98.2045,apobind
Q9NQG6,1,0.0000,0.3570,0.3570,95.4663,apobind
Q9NQR1,1,0.0000,0.2280,0.2280,97.5154,apobind
Q9NR97,3,0.0000,1.8789,1.4930,91.0700,apobind
Q9NTG7,3,0.3333,2.9754,1.5140,89.2342,apobind
Q9NWT6,1,0.0000,0.5590,0.5590,98.0082,apobind
Q9NWZ3,11,0.0000,1.1424,0.5195,95.2332,apobind
Q9NXS2,3,0.0000,1.4051,1.3961,96.9946,apobind
Q9NZD2,2,0.0000,1.6688,1.5829,90.8187,apobind
Q9NZK7,5,0.0000,1.7290,1.6938,95.3190,apobind
Q9NZN9,1,0.0000,0.3160,0.3160,92.6250,apobind
Q9P4R8,1,0.0000,0.1130,0.1130,98.6575,apobind
Q9PPB4,1,0.0000,0.2390,0.2390,98.6533,apobind
Q9PTT3,6,0.0000,0.1372,0.0746,98.5880,apobind
Q9QZ85,2,0.5000,2.0790,1.9284,88.1009,apobind
Q9R1E6,2,0.0000,0.2209,0.2159,95.8911,apobind
Q9R4E4,4,1.0000,4.9904,4.2041,94.2683,apobind
Q9RA63,1,0.0000,1.0100,1.0100,91.7672,apobind
Q9RCF6,1,0.0000,1.9620,1.9620,93.4568,apobind
Q9SPP9,1,0.0000,0.1020,0.1020,97.8221,apobind
Q9SZU7,1,0.0000,0.1840,0.1840,96.7458,apobind
Q9TVW2,1,0.0000,0.6320,0.6320,94.7507,apobind
Q9UBF8,1,0.0000,0.4130,0.4130,93.8224,apobind
Q9UBN7,2,0.0000,0.2393,0.2106,95.4930,apobind
Q9UG22,1,0.0000,1.1640,1.1640,88.8138,apobind
Q9UHD2,8,0.0000,0.9520,0.6273,93.1473,apobind
Q9UJ71,1,0.0000,0.1770,0.1770,96.5318,apobind
Q9UKK9,2,0.0000,0.4520,0.3873,97.5231,apobind
Q9UKM7,3,0.0000,0.2857,0.2036,98.4607,apobind
Q9UM07,1,0.0000,0.6750,0.6750,97.6076,apobind
Q9UMX1,1,0.0000,0.1070,0.1070,90.5833,apobind
Q9UR08,1,0.0000,0.2080,0.2080,98.0871,apobind
Q9UR30,1,0.0000,0.2310,0.2310,95.9681,apobind
Q9UUB1,2,0.0000,0.2143,0.1831,98.7064,apobind
Q9VK33,1,0.0000,0.5120,0.5120,95.4250,apobind
Q9VWX8,3,1.0000,7.0900,6.7766,88.1167,apobind
Q9WUL6,3,0.3333,2.0401,0.3227,94.0178,apobind
Q9WYW0,1,0.0000,0.7880,0.7880,94.7592,apobind
Q9WZC2,1,1.0000,2.5450,2.5450,92.3020,apobind
Q9WZY5,2,0.0000,0.3855,0.3313,97.1250,apobind
Q9X0C6,1,0.0000,0.6530,0.6530,95.1011,apobind
Q9X1X0,4,0.0000,0.8930,0.6799,93.5841,apobind
Q9XI47,4,0.0000,0.1966,0.1837,95.9233,apobind
Q9Y233,9,0.0000,0.3954,0.3140,94.7312,apobind
Q9Y2T3,1,0.0000,1.1630,1.1630,95.6806,apobind
Q9Y3R4,2,0.0000,1.6705,1.1433,98.1160,apobind
Q9Y468,1,0.0000,0.2320,0.2320,96.3467,apobind
Q9Y4E8,1,1.0000,2.0380,2.0380,76.8642,apobind
Q9Y5A9,1,0.0000,1.0800,1.0800,90.9580,apobind
Q9Y5Y6,8,0.0000,0.4527,0.3404,82.4529,apobind
Q9Y5Z0,2,0.0000,0.7854,0.6572,94.8404,apobind
Q9Y657,3,0.0000,1.0760,0.6258,97.6047,apobind
Q9Y6E0,11,0.0000,1.2146,0.8426,92.6191,apobind
Q9Z2X8,2,0.0000,0.2191,0.1885,98.3127,apobind
Q9Z4P9,3,0.0000,0.2348,0.1996,98.0611,apobind
Q9ZAG3,1,0.0000,0.2480,0.2480,97.6250,apobind
Q9ZLT0,1,0.0000,1.3420,1.3420,94.3500,apobind
S8G8I1,4,0.0000,0.9440,0.9008,94.2547,apobind
A0A059ZRB8,1,1.0000,5.2000,5.2000,96.1725,external
A0A085U4N5,1,0.0000,0.2270,0.2270,97.4986,external
A0A086RSH0,1,1.0000,2.5390,2.5390,96.2333,external
A0A094YZ24,2,0.0000,0.3620,0.3604,90.2519,external
A0A0A0RCB5,2,0.0000,0.2090,0.1938,96.9500,external
A0A0A1EQY0,2,0.0000,1.7815,1.7798,97.8997,external
A0A0A2JK86,1,0.0000,0.3160,0.3160,95.1547,external
A0A0B5LB55,1,0.0000,0.1560,0.1560,94.6874,external
A0A0F4VK59,1,0.0000,0.0770,0.0770,97.9865,external
A0A0G4DBU7,4,0.0000,0.3605,0.3283,96.4974,external
A0A0H2US78,1,0.0000,0.2610,0.2610,96.7509,external
A0A0H2X5R2,1,1.0000,3.2930,3.2930,95.0629,external
A0A0H2Z2I3,1,0.0000,0.1340,0.1340,84.3370,external
A0A0H3GJF7,4,0.0000,0.8140,0.3814,94.9137,external
A0A0H3KN52,1,0.0000,0.1760,0.1760,98.6778,external
A0A0K8P6T7,4,0.0000,0.5030,0.4780,98.7022,external
A0A0L0P1H8,8,0.0000,1.3384,1.2185,94.3568,external
A0A0M3PNA2,2,0.0000,0.3982,0.2721,93.1745,external
A0A0P0XII1,3,0.0000,0.3881,0.3510,93.5000,external
A0A0R1ZV46,1,0.0000,1.1070,1.1070,97.7233,external
A0A0R6L508,1,0.0000,0.1940,0.1940,97.5622,external
A0A0S2UQQ5,2,0.0000,0.1286,0.1143,98.7060,external
A0A0S4TLR1,11,0.0000,0.5487,0.4205,98.0573,external
A0A0U3IB62,1,0.0000,0.2320,0.2320,98.7335,external
A0A125SA15,1,0.0000,0.2140,0.2140,86.6262,external
A0A143T1U9,4,0.0000,0.5896,0.5212,95.7256,external
A0A171NYA8,1,0.0000,0.4510,0.4510,94.5582,external
A0A179UGT5,2,0.0000,0.1636,0.1398,98.8356,external
A0A1B0UHJ4,1,0.0000,0.3130,0.3130,98.4847,external
A0A1C5HQ65,1,0.0000,0.2960,0.2960,96.5668,external
A0A1D7ZZ64,1,0.0000,0.4230,0.4230,96.9794,external
A0A1L9TCT0,1,0.0000,0.4080,0.4080,96.5055,external
A0A1N7MFN7,1,0.0000,0.1380,0.1380,97.4535,external
A0A1W0D7S2,1,0.0000,0.2350,0.2350,98.5900,external
A0A1X9T5X9,1,0.0000,0.1120,0.1120,98.0137,external
A0A254UBZ6,1,0.0000,0.2270,0.2270,98.4542,external
A0A291L8F4,2,0.0000,0.0920,0.0820,96.9375,external
A0A2G9HDX9,2,0.0000,0.4960,0.4595,92.2068,external
A0A2G9LI54,1,0.0000,0.7400,0.7400,96.4958,external
A0A2I1C3W8,3,1.0000,2.3560,2.0526,96.0741,external
A0A2I4PGZ0,2,0.0000,0.1831,0.1585,98.7656,external
A0A2P2GK84,6,0.0000,1.0188,0.9879,93.4920,external
A0A2V2V5V1,1,0.0000,0.4730,0.4730,95.2142,external
A0A2Z5XAU0,1,0.0000,0.1430,0.1430,85.3250,external
A0A345ILN6,11,0.0000,1.1975,0.2696,94.1116,external
A0A345SU67,1,0.0000,0.2620,0.2620,95.1452,external
A0A380PV03,3,0.0000,1.9582,0.5430,90.9550,external
A0A385Z7H9,6,0.0000,0.4942,0.4035,87.8592,external
A0A3Q7HTY9,5,0.0000,1.1003,0.7976,94.7880,external
A0A3R7J519,6,0.0000,0.8899,0.6600,96.4328,external
A0A447EB45,5,0.0000,0.7497,0.6953,94.1054,external
A0A482LWB1,1,0.0000,0.1570,0.1570,98.6931,external
A0A485PVH1,7,0.0000,0.0852,0.0668,90.7430,external
A0A4P8L7K3,2,0.0000,0.2686,0.2633,97.0906,external
A0A4S2B4D9,2,0.0000,0.1420,0.1358,98.8733,external
A0A4U7I1I9,1,1.0000,2.0020,2.0020,90.8654,external
A0A4Y5R032,2,0.0000,0.4986,0.3033,98.1056,external
A0A4Y5R087,2,0.0000,0.2480,0.1892,97.1783,external
A0A561UC02,3,0.0000,1.1880,1.1842,93.1292,external
A0A562MSV3,1,0.0000,0.3790,0.3790,97.1732,external
A0A5A4PV77,1,0.0000,0.1410,0.1410,93.9859,external
A0A5B9DJI2,2,0.0000,0.4910,0.4191,97.0709,external
A0A5D0ENI3,3,0.0000,0.4159,0.3720,96.1794,external
A0A5P8YJX5,2,0.0000,1.6060,1.5517,94.4914,external
A0A5Q0H2K6,2,0.0000,0.2095,0.1948,96.6841,external
A0A649V088,3,0.0000,0.3480,0.3290,98.6876,external
A0A6A5BBK9,1,0.0000,0.4460,0.4460,92.6117,external
A0A6G4MPG4,1,0.0000,0.0510,0.0510,98.7556,external
A0A6I8WFP3,1,1.0000,2.1670,2.1670,92.3600,external
A0A6M5K9A4,2,0.5000,2.5112,1.5446,97.8367,external
A0A6N9UBA7,1,0.0000,0.2120,0.2120,93.1065,external
A0A6P2QLT8,3,0.0000,0.1940,0.1752,97.8020,external
A0A6S6PLJ6,2,0.0000,0.3024,0.2812,96.3418,external
A0A7U3Y091,1,0.0000,0.3000,0.3000,95.7050,external
A0A7Y0XG39,1,0.0000,0.3530,0.3530,97.6133,external
A0A7Z7MWD0,1,0.0000,0.6410,0.6410,92.3511,external
A0A831ERP2,1,0.0000,0.2460,0.2460,93.8800,external
A0A8I3AZT8,1,0.0000,0.2860,0.2860,92.1350,external
A0A8T9DN77,2,0.0000,0.2521,0.2300,97.1350,external
A0A915Q9D3,2,0.0000,0.5000,0.3273,97.4990,external
A0A915Q9M0,1,0.0000,0.2590,0.2590,97.1011,external
A0A977K7H6,4,0.0000,1.0992,0.8029,96.6243,external
A0A979GQH9,3,0.0000,0.2319,0.1210,84.6957,external
A0A9R0NX94,1,0.0000,0.0920,0.0920,98.3200,external
A0A9X0R8I3,1,0.0000,0.2020,0.2020,88.7885,external
A0A9X7GT53,1,0.0000,0.3330,0.3330,96.8070,external
A0A9X9ZA46,1,0.0000,0.9730,0.9730,96.4605,external
A0A9Y2YA81,4,0.0000,0.8096,0.3104,98.0075,external
A0AAC9AV98,1,0.0000,0.1560,0.1560,98.1041,external
A0AAD0Q9A2,2,1.0000,6.2860,6.2142,95.9260,external
A0AAD3RSW3,1,1.0000,2.3440,2.3440,94.4006,external
A0AAF0BGE9,1,0.0000,0.1830,0.1830,95.5176,external
A0AAV2WF13,1,0.0000,0.1130,0.1130,98.5768,external
A0ABD7ANA7,1,0.0000,1.0550,1.0550,87.9854,external
A0QU01,1,1.0000,11.7420,11.7420,88.9769,external
A0QV40,1,0.0000,0.1930,0.1930,98.1690,external
A0R2K6,6,0.0000,0.5453,0.4248,89.1787,external
A0R7C6,1,0.0000,0.3550,0.3550,96.4293,external
A1A2J8,1,0.0000,0.1520,0.1520,98.7814,external
A1TDP1,1,0.0000,0.0940,0.0940,97.1200,external
A2EU62,4,0.0000,0.1542,0.1466,97.4914,external
A2FQ38,1,0.0000,0.0800,0.0800,98.4364,external
A2RP81,1,0.0000,0.2900,0.2900,98.5059,external
A2ZEX7,6,0.0000,0.4280,0.4108,96.8500,external
A3DCF2,1,1.0000,2.8520,2.8520,93.5356,external
A3DJS9,1,0.0000,0.1000,0.1000,98.7917,external
A3LWG4,2,1.0000,2.3420,2.2736,92.5834,external
A4D1P6,7,0.0000,1.3289,1.1311,87.3594,external
A6NJ78,1,0.0000,0.5700,0.5700,96.0942,external
A6T5F3,1,0.0000,1.7270,1.7270,95.3654,external
A6TDE9,4,0.0000,0.1918,0.1694,97.0307,external
A6YEI2,1,0.0000,0.7760,0.7760,95.8481,external
A7B555,2,0.0000,0.4583,0.3131,98.6467,external
A9CEY6,1,0.0000,0.4510,0.4510,97.0011,external
A9WIU3,10,0.0000,0.8690,0.2840,91.5472,external
A9Y8T1,1,1.0000,2.0080,2.0080,85.9856,external
B0XMC1,1,0.0000,0.2380,0.2380,97.7248,external
B0Y813,3,0.0000,0.2947,0.2800,87.9981,external
B1MDI3,11,0.0000,1.3692,1.2558,98.2011,external
B1MFK2,2,0.0000,0.2468,0.2274,95.0110,external
B2CKP3,1,0.0000,0.3890,0.3890,96.5860,external
B2FTM1,11,0.0000,0.4448,0.3746,98.5873,external
B2RK03,1,0.0000,0.3240,0.3240,94.8829,external
B2ZB02,1,0.0000,0.3770,0.3770,98.0695,external
B3DQP5,2,0.0000,0.2450,0.2165,98.7113,external
B3FHP0,6,0.0000,0.7459,0.4921,92.6625,external
B3PCS3,1,0.0000,0.2350,0.2350,94.6278,external
B3VHM9,1,0.0000,0.4050,0.4050,96.3347,external
B4EH86,6,0.0000,0.1095,0.0906,95.7130,external
B4SII9,3,0.0000,0.9903,0.9894,98.7250,external
B5YBJ6,2,0.0000,0.6320,0.5911,97.2120,external
B6GXZ8,1,1.0000,2.0660,2.0660,88.9818,external
B6YWC3,3,0.0000,0.5442,0.4780,95.6292,external
B8DWA9,1,1.0000,2.4300,2.4300,91.1479,external
B8ZKS5,1,0.0000,0.6300,0.6300,91.6650,external
B9UXM0,4,0.0000,0.3335,0.1799,95.8436,external
C0IR58,2,0.0000,0.9905,0.8917,96.9761,external
C1F2K5,7,0.0000,0.3327,0.2645,97.4865,external
C3PTT2,1,0.0000,0.9830,0.9830,90.3210,external
C5RYK2,1,0.0000,0.4870,0.4870,92.9821,external
C7C422,11,0.0000,1.4024,0.9897,95.4064,external
C8CP57,4,0.0000,0.6440,0.1540,98.6929,external
C8WV06,1,0.0000,1.6070,1.6070,92.1250,external
D1C7A6,4,0.0000,0.3283,0.1961,97.1804,external
D2Q7B1,4,0.0000,0.2440,0.1857,98.5840,external
D2W2Z5,7,0.0000,0.4560,0.2617,94.4775,external
D2YYD7,1,0.0000,0.1050,0.1050,92.3690,external
D4Z2G1,1,0.0000,1.1350,1.1350,98.0700,external
D5AT91,1,0.0000,0.2610,0.2610,86.3433,external
D6D1V7,5,0.0000,0.2800,0.2670,98.6675,external
D6RT90,4,0.0000,0.5699,0.2074,96.3536,external
D6Y502,1,0.0000,0.3980,0.3980,91.5095,external
D7RU28,1,0.0000,0.2830,0.2830,96.4661,external
D9ISE0,1,0.0000,1.3470,1.3470,95.8769,external
E1V7W1,2,0.0000,0.3471,0.3445,96.9373,external
E1WGG9,1,0.0000,0.1450,0.1450,90.3104,external
E2PUR9,4,0.0000,0.5128,0.4851,97.3096,external
E3RT21,1,0.0000,0.2650,0.2650,94.1552,external
E4QC33,1,0.0000,0.2560,0.2560,97.4070,external
E5Y7I1,1,0.0000,1.4600,1.4600,93.2127,external
E6SHQ4,1,0.0000,0.6170,0.6170,90.4367,external
E8MGH8,1,0.0000,0.2750,0.2750,93.9167,external
E9JES9,1,0.0000,0.2200,0.2200,37.1240,external
E9NWK5,4,0.0000,1.4190,1.3592,95.6862,external
F1N015,1,0.0000,0.2860,0.2860,98.0809,external
F2LIG4,2,0.0000,0.4350,0.4319,97.1406,external
F2QX95,2,0.0000,0.6010,0.5399,91.3877,external
F2Z7K9,6,0.8333,4.4060,3.4022,93.2769,external
F5ANH9,1,0.0000,0.2990,0.2990,95.7845,external
F8JK18,1,0.0000,0.1220,0.1220,96.4108,external
F9VNG5,1,1.0000,2.8140,2.8140,95.4716,external
G2SLH8,1,0.0000,0.4750,0.4750,95.3185,external
G3XD46,11,0.8182,5.0015,4.1097,96.2461,external
G3XDA2,11,0.0000,0.3858,0.2179,97.2874,external
G4N374,1,0.0000,0.6680,0.6680,91.7957,external
G4NHF4,1,1.0000,6.0420,6.0420,86.5287,external
G4XDR8,3,0.0000,1.5755,1.1007,97.8014,external
G8NTI5,4,0.0000,0.9491,0.8912,97.7728,external
G8UIQ1,3,0.0000,0.1550,0.1237,98.7761,external
G8X1I4,2,0.0000,0.6652,0.4836,95.4405,external
G9BY57,4,0.0000,1.4788,0.7005,98.7329,external
G9MAN7,1,0.0000,0.2450,0.2450,93.0820,external
H2B3G5,1,0.0000,0.1970,0.1970,98.0786,external
H3K419,4,0.2500,2.0185,1.9355,95.2362,external
H6UQI0,1,0.0000,0.2300,0.2300,98.6729,external
I0AIT9,9,0.0000,0.5852,0.2930,92.8600,external
I0BDU9,1,0.0000,0.1960,0.1960,97.9643,external
I6WU39,3,0.0000,0.4677,0.4460,97.2143,external
I6XFS7,1,0.0000,1.3280,1.3280,89.5280,external
I6Y9J2,4,0.0000,1.5327,1.2259,98.5967,external
K4FW35,2,0.0000,0.2496,0.2123,98.6706,external
K4FZF8,1,0.0000,0.3650,0.3650,98.6855,external
K7NBW3,2,0.0000,0.4080,0.3856,92.4607,external
K7SIG4,3,0.0000,0.3389,0.1547,93.1820,external
K9TVX3,6,0.1667,2.1661,0.2487,94.2871,external
M1HE54,2,0.0000,1.3060,1.2823,93.0900,external
M4I1C6,1,0.0000,0.2140,0.2140,96.8529,external
M9SC49,2,0.0000,1.6409,1.6395,90.4965,external
O00214,6,0.0000,0.1910,0.1690,98.3808,external
O00255,11,0.0000,0.4735,0.3281,98.3548,external
O00299,1,0.0000,0.2300,0.2300,98.3000,external
O00327,1,0.0000,0.7300,0.7300,97.2127,external
O00481,4,0.0000,0.5808,0.5433,95.1400,external
O00560,5,0.0000,0.4110,0.4047,96.5064,external
O05773,2,0.0000,0.2240,0.2178,97.6220,external
O06428,1,1.0000,2.2330,2.2330,88.7713,external
O14733,11,0.0909,2.1350,1.3452,90.1700,external
O14745,1,0.0000,1.3260,1.3260,83.9075,external
O14786,1,0.0000,0.3380,0.3380,97.0373,external
O14936,4,0.0000,0.6061,0.5526,91.5008,external
O15357,1,0.0000,0.4760,0.4760,96.6311,external
O15540,2,0.0000,0.5720,0.4720,94.8546,external
O25151,1,0.0000,0.2090,0.2090,91.9391,external
O26010,3,0.0000,0.3484,0.2865,94.8258,external
O28028,4,0.0000,0.9620,0.7444,92.9356,external
O32504,1,0.0000,0.2820,0.2820,87.0980,external
O35904,11,0.0000,0.4302,0.3248,95.9932,external
O42898,1,0.0000,0.7320,0.7320,94.6396,external
O43598,7,0.1429,4.0710,0.4095,94.4625,external
O43809,10,0.0000,1.1520,0.3650,95.0764,external
O43909,1,0.0000,0.2680,0.2680,93.5092,external
O53547,1,0.0000,0.2690,0.2690,96.4888,external
O53623,7,0.0000,0.6477,0.4843,97.5220,external
O53780,1,0.0000,0.9350,0.9350,96.4726,external
O59413,1,0.0000,0.1850,0.1850,98.6143,external
O59952,6,0.1667,2.5358,1.6997,94.3748,external
O60502,1,0.0000,0.2120,0.2120,95.8406,external
O60674,11,0.0000,1.4720,0.7504,91.2785,external
O60701,3,0.0000,1.9692,1.8160,94.6621,external
O60885,11,0.0000,1.0700,0.4243,96.7600,external
O64527,1,0.0000,0.2940,0.2940,96.8400,external
O66934,1,0.0000,0.0260,0.0260,96.0400,external
O68183,11,0.0000,0.4633,0.2690,98.0292,external
O74036,11,0.0000,0.2900,0.2150,97.5863,external
O75390,6,0.1667,2.0456,1.5293,93.1071,external
O75460,8,0.1250,8.2958,0.8776,89.0631,external
O77404,1,0.0000,0.4400,0.4400,96.5380,external
O94760,4,0.0000,0.2990,0.2833,97.5768,external
O95433,1,0.0000,0.4040,0.4040,88.6614,external
O96013,7,0.0000,0.8091,0.4213,93.1877,external
P00338,9,0.0000,1.1788,0.5801,97.5000,external
P00359,3,0.0000,1.4290,1.3942,97.9121,external
P00374,11,0.0000,0.5591,0.5246,97.4563,external
P00383,2,0.0000,0.0450,0.0392,98.5450,external
P00441,10,0.0000,0.3529,0.3014,97.8740,external
P00489,11,0.0000,0.5767,0.3042,86.7800,external
P00492,2,0.0000,1.9540,1.8120,95.2367,external
P00503,1,0.0000,1.3120,1.3120,95.4932,external
P00509,11,0.0000,0.3472,0.2977,98.5039,external
P00519,11,0.0000,1.4850,0.8151,89.4932,external
P00533,11,0.3636,5.7050,1.4652,74.8254,external
P00558,3,0.6667,2.1983,2.0590,92.1778,external
P00644,11,0.0000,0.8995,0.8271,97.4913,external
P00698,11,0.0000,0.5768,0.2209,97.7200,external
P00711,1,0.0000,0.2880,0.2880,93.4050,external
P00746,5,0.6000,2.1464,2.0026,90.2671,external
P00747,5,1.0000,3.6468,3.4485,77.5986,external
P00751,5,0.0000,0.9649,0.9139,93.6500,external
P00760,1,0.0000,0.1470,0.1470,98.6025,external
P00784,11,0.0000,0.2303,0.1399,96.3463,external
P00791,4,0.0000,0.6375,0.4939,96.6256,external
P00808,2,0.0000,1.5270,1.5045,98.7107,external
P00811,11,0.0000,0.3878,0.2948,98.2495,external
P00918,10,0.0000,0.3170,0.1711,96.7425,external
P00947,2,0.0000,0.6995,0.5807,98.1165,external
P01009,4,0.0000,1.8025,1.1163,94.9895,external
P01033,2,0.0000,1.8060,1.7593,95.7771,external
P01375,7,0.0000,0.2613,0.2404,98.0625,external
P01556,4,0.0000,0.2012,0.0984,97.6467,external
P02649,2,0.0000,0.2700,0.2503,93.0131,external
P02701,2,0.0000,1.2934,1.2872,96.8095,external
P02753,1,0.0000,1.2340,1.2340,94.4444,external
P02754,11,0.0000,0.9640,0.5850,97.5942,external
P02766,11,0.0000,0.3495,0.1611,98.6255,external
P02768,11,0.2727,2.4554,0.7213,96.5146,external
P02791,4,0.0000,0.0884,0.0687,97.7975,external
P02866,7,0.2857,2.1975,1.8318,89.1033,external
P02879,11,0.0000,0.5023,0.3786,97.7920,external
P02883,11,0.0000,0.1729,0.1612,98.4850,external
P04058,10,0.0000,0.5085,0.2395,98.3724,external
P04117,1,0.0000,0.0780,0.0780,97.9925,external
P04629,9,0.0000,1.4410,1.0920,84.9062,external
P04918,2,0.0000,0.6000,0.5468,96.3287,external
P04958,1,0.0000,0.1320,0.1320,97.4750,external
P05042,2,0.0000,0.9290,0.5981,98.3588,external
P05089,11,0.0000,0.3224,0.2316,98.4138,external
P05091,1,0.0000,0.3680,0.3680,98.5893,external
P05121,1,0.0000,1.4850,1.4850,97.1427,external
P05364,1,0.0000,0.4170,0.4170,98.1237,external
P05804,3,0.0000,1.1630,1.0642,98.0225,external
P06744,4,0.0000,1.3548,0.5239,94.3889,external
P06873,11,0.0000,0.2423,0.0650,98.0886,external
P07102,4,0.0000,1.4123,1.3658,98.1100,external
P07148,9,0.0000,0.4378,0.3067,97.2793,external
P07254,1,0.0000,0.1740,0.1740,98.5938,external
P07285,2,0.0000,0.1636,0.1498,93.3363,external
P07320,2,0.0000,0.5330,0.4800,91.8680,external
P07445,6,0.0000,0.3608,0.2921,96.3753,external
P07711,2,0.0000,0.3470,0.3346,97.0196,external
P07738,3,0.0000,1.4720,1.3649,96.3829,external
P07900,11,0.0000,1.7194,0.4364,93.2228,external
P07948,1,0.0000,0.1070,0.1070,88.0886,external
P07954,3,0.0000,0.8051,0.6668,95.4900,external
P08069,2,0.0000,1.5172,1.4901,88.5827,external
P08149,3,0.0000,1.4610,1.3862,95.8679,external
P08191,3,0.0000,0.1904,0.1750,91.1675,external
P08246,2,0.0000,0.3550,0.2885,96.8565,external
P08263,3,0.0000,1.5483,1.4721,98.3018,external
P08515,3,0.0000,0.3818,0.2170,98.5769,external
P08581,11,0.0909,5.2810,1.6454,81.9532,external
P09211,3,0.0000,0.1800,0.1765,98.5417,external
P09382,5,0.0000,0.7980,0.4008,96.9260,external
P09616,2,0.0000,0.3820,0.3657,94.1189,external
P09651,8,0.0000,0.7561,0.1416,94.8571,external
P09850,6,0.0000,0.2102,0.1898,98.8057,external
P0A0Z8,2,0.0000,1.5777,1.4888,94.6158,external
P0A434,3,1.0000,6.9888,6.7697,96.6167,external
P0A6G7,1,0.0000,1.2680,1.2680,96.1591,external
P0A6L0,1,0.0000,0.5210,0.5210,96.3594,external
P0A6R0,2,0.0000,0.5155,0.4833,97.3057,external
P0A6Y8,3,0.0000,0.3296,0.2985,87.6971,external
P0A881,6,0.0000,0.5046,0.4001,95.6567,external
P0A884,3,0.0000,1.6090,1.4781,95.7930,external
P0A8L1,3,0.0000,1.5345,1.5314,97.9269,external
P0A901,1,0.0000,1.3410,1.3410,94.8605,external
P0A9B2,3,0.0000,0.3450,0.2869,97.8600,external
P0AA16,1,0.0000,0.1000,0.1000,89.6433,external
P0ABP8,3,0.0000,1.1220,1.0914,95.7979,external
P0AC59,2,0.0000,0.2990,0.2986,98.5893,external
P0ACT4,10,0.0000,1.6465,1.3418,98.0167,external
P0AD45,1,0.0000,0.0630,0.0630,93.0775,external
P0AD57,1,0.0000,0.3770,0.3770,93.3750,external
P0AD65,2,0.0000,0.1676,0.1613,96.6831,external
P0AD68,1,0.0000,1.9190,1.9190,94.7257,external
P0ADR8,1,0.0000,1.5200,1.5200,96.0000,external
P0AEB2,1,1.0000,4.6060,4.6060,95.1174,external
P0AEG4,11,0.0000,1.1688,0.5956,98.0255,external
P0AEK4,2,0.0000,0.9890,0.9749,95.8561,external
P0AEQ3,1,0.0000,0.3560,0.3560,93.1488,external
P0DOV5,2,0.0000,0.3188,0.2354,96.8858,external
P0DPA9,11,0.0000,0.5322,0.5129,88.9746,external
P0DPI1,1,0.0000,1.0120,1.0120,96.9907,external
P0DW58,3,1.0000,3.9770,3.9222,92.8053,external
P10121,4,0.0000,0.7278,0.6415,92.9671,external
P10721,11,0.0000,0.8736,0.6252,85.3732,external
P11021,4,0.0000,0.6950,0.3535,97.7018,external
P11169,3,0.0000,0.8873,0.3320,83.9507,external
P11172,11,1.0000,2.3614,2.2930,96.1933,external
P11309,11,0.0000,0.7770,0.4425,95.6795,external
P11362,11,0.0909,2.2473,0.9891,87.4850,external
P11838,11,0.0000,0.2413,0.1195,94.6660,external
P11926,4,0.5000,3.0029,1.6258,96.3017,external
P12004,1,0.0000,1.8250,1.8250,93.4347,external
P12758,1,0.0000,0.5190,0.5190,97.7336,external
P12931,5,0.0000,1.9979,0.9090,93.5400,external
P13051,1,0.0000,0.4290,0.4290,95.8295,external
P13835,1,0.0000,0.2510,0.2510,94.4505,external
P14061,5,0.0000,0.6290,0.4848,97.5168,external
P14174,11,0.0000,0.7985,0.2526,98.4462,external
P14489,2,1.0000,2.7870,2.5684,97.4679,external
P14618,10,0.6000,2.2371,2.0506,95.9545,external
P15090,10,0.0000,0.3369,0.2421,94.7269,external
P15121,11,1.0000,2.1246,2.1060,98.3997,external
P15374,4,0.0000,1.1720,1.1372,95.8330,external
P15379,11,0.0000,0.2649,0.2037,97.0656,external
P15531,1,0.0000,0.5710,0.5710,97.2533,external
P16094,6,0.0000,0.2294,0.1986,98.2747,external
P16113,11,0.0000,0.2473,0.1626,98.0624,external
P16234,7,0.0000,0.6812,0.5753,89.0000,external
P16622,1,0.0000,1.0600,1.0600,92.1033,external
P17612,1,0.0000,1.4650,1.4650,94.8904,external
P17706,8,0.1250,5.5200,0.2938,96.1277,external
P17931,11,0.0000,0.1920,0.1330,98.6953,external
P18013,2,0.5000,2.1820,2.0228,93.8250,external
P18031,11,0.0909,2.8310,0.3244,98.2807,external
P19157,1,0.0000,0.7880,0.7880,98.1706,external
P19438,1,0.0000,0.1350,0.1350,97.8267,external
P19491,11,0.1818,2.1051,1.8130,91.1060,external
P19576,1,1.0000,22.7070,22.7070,97.4383,external
P19793,1,1.0000,2.0370,2.0370,90.8425,external
P19909,1,0.0000,0.1860,0.1860,95.9480,external
P20138,2,0.0000,1.4605,1.0873,93.1429,external
P20701,2,1.0000,2.4076,2.2263,85.6259,external
P21836,7,0.0000,0.3481,0.2606,98.2211,external
P22073,1,0.0000,0.2110,0.2110,98.7200,external
P22303,11,0.0000,0.4190,0.3404,97.0740,external
P22392,3,0.0000,0.7930,0.7396,95.9583,external
P22629,11,0.8182,4.1621,4.0910,93.9016,external
P22914,2,0.0000,0.2460,0.2443,96.0700,external
P23360,8,0.0000,0.5001,0.2753,98.9043,external
P23843,1,1.0000,5.0230,5.0230,98.2343,external
P23869,2,0.0000,0.3210,0.2619,98.1617,external
P24182,1,1.0000,2.2680,2.2680,90.8029,external
P24300,11,0.0000,0.2680,0.1863,98.8893,external
P24666,2,0.0000,0.4165,0.3998,97.6036,external
P24670,8,1.0000,3.3739,3.2388,96.0950,external
P24735,10,0.0000,1.1854,0.2026,98.6829,external
P24941,11,0.0000,0.7345,0.3297,88.8215,external
P25321,11,0.0000,0.3257,0.2233,95.9161,external
P25440,11,0.0000,0.2690,0.2249,96.4379,external
P25774,5,0.0000,0.3460,0.1956,96.8224,external
P25906,2,0.0000,0.4255,0.3873,96.8008,external
P26281,3,0.6667,2.2335,2.0110,94.8304,external
P26446,2,0.0000,1.0780,1.0295,92.3756,external
P26572,4,0.0000,1.3016,0.7556,95.9229,external
P26906,1,1.0000,2.9320,2.9320,91.8764,external
P27448,9,0.0000,1.8176,1.0995,87.6980,external
P27540,1,0.0000,0.3620,0.3620,94.8512,external
P27652,4,0.0000,1.8846,1.6057,94.8094,external
P28329,4,0.0000,0.4847,0.3153,97.8711,external
P28482,11,0.0000,1.5324,0.7560,95.3844,external
P28523,1,0.0000,0.4160,0.4160,97.2431,external
P28907,5,0.0000,0.6001,0.3804,97.5326,external
P29218,1,0.0000,0.2690,0.2690,98.7700,external
P29317,11,0.9091,3.0648,2.2139,89.8789,external
P29373,2,0.0000,0.8770,0.8373,96.1915,external
P29768,2,0.0000,0.2515,0.2153,98.4443,external
P30038,1,0.0000,0.1310,0.1310,98.7600,external
P30046,6,0.0000,0.7828,0.2355,97.7555,external
P30235,5,0.0000,0.2931,0.2341,94.6916,external
P30405,11,0.0000,0.7116,0.2338,97.6817,external
P31226,8,0.0000,0.5931,0.2857,70.6147,external
P32021,3,0.3333,6.3370,0.2175,92.3559,external
P32081,1,0.0000,0.2060,0.2060,96.5964,external
P32396,7,0.0000,0.4937,0.3198,96.9543,external
P32557,1,0.0000,0.4650,0.4650,94.8029,external
P32929,2,1.0000,2.7670,2.7596,96.1040,external
P33590,3,0.3333,4.1190,1.7250,91.8122,external
P34897,2,0.0000,0.4490,0.4451,98.5190,external
P35747,8,0.0000,0.6352,0.3136,97.6618,external
P35968,2,0.0000,1.7780,1.7520,85.9479,external
P36217,1,0.0000,0.0350,0.0350,98.6875,external
P36222,5,0.0000,0.5936,0.3340,98.6287,external
P36639,11,0.0000,0.6747,0.3818,97.4633,external
P36776,1,1.0000,3.2900,3.2900,81.8106,external
P36888,1,0.0000,0.5980,0.5980,90.5889,external
P36897,5,0.0000,0.6671,0.4180,96.3564,external
P37231,11,0.0000,1.4636,0.5200,92.6850,external
P37268,2,0.0000,0.2191,0.2076,94.3582,external
P37468,1,0.0000,1.2360,1.2360,94.5283,external
P38947,2,0.0000,0.4441,0.3730,95.9892,external
P40075,1,0.0000,0.0760,0.0760,98.1880,external
P41182,11,0.0000,0.2855,0.1560,85.4000,external
P41222,2,0.0000,1.7530,1.1760,92.6645,external
P41365,4,0.0000,1.2348,0.4448,98.5360,external
P42336,3,0.0000,1.1992,1.0335,92.7857,external
P43155,1,0.0000,0.2060,0.2060,98.1189,external
P43235,11,0.0000,0.4854,0.2893,97.5676,external
P43357,1,0.0000,1.8200,1.8200,85.2256,external
P43405,11,0.0000,1.0988,0.8284,93.9476,external
P43490,11,0.0000,0.2474,0.1894,97.3153,external
P45881,1,0.0000,0.9850,0.9850,97.3429,external
P47811,11,0.0909,2.3000,1.7968,91.0192,external
P47929,4,0.0000,0.2199,0.1973,98.7500,external
P48163,6,0.0000,0.5905,0.5160,92.7454,external
P48730,11,0.0000,1.0493,0.4070,94.5709,external
P49419,8,0.0000,0.5116,0.4867,98.4574,external
P49773,11,0.0000,0.6218,0.4193,97.0037,external
P49789,1,0.0000,0.4590,0.4590,96.1844,external
P50120,3,0.0000,1.2143,1.1930,95.6050,external
P50870,11,0.0000,0.7209,0.5260,96.8157,external
P51452,2,0.0000,0.2780,0.2403,98.0267,external
P51955,4,0.0000,0.4950,0.2862,93.3280,external
P52566,5,0.0000,0.8028,0.7055,94.9375,external
P52682,11,0.0000,0.3690,0.2774,98.4021,external
P53350,1,0.0000,0.4060,0.4060,91.1522,external
P53355,11,0.0000,1.0120,0.2794,87.6447,external
P53667,2,0.0000,0.9240,0.7170,91.9378,external
P53779,4,0.2500,3.5065,0.7225,93.9287,external
P54278,5,0.0000,0.8580,0.5158,93.5650,external
P54577,1,0.0000,0.7740,0.7740,92.9277,external
P54646,1,1.0000,4.3770,4.3770,88.4196,external
P54687,9,0.0000,0.5865,0.4839,94.2396,external
P54956,1,0.0000,0.1260,0.1260,97.3950,external
P55212,1,0.0000,0.2540,0.2540,64.9750,external
P55818,3,0.0000,0.7860,0.7746,96.6332,external
P55915,2,0.0000,0.2020,0.1881,98.7550,external
P56463,4,0.0000,1.5266,1.3942,94.1600,external
P56470,1,0.0000,0.1960,0.1960,98.3029,external
P56689,1,0.0000,0.5620,0.5620,91.0775,external
P56817,11,0.0000,1.2944,1.0430,94.7582,external
P60061,1,0.0000,0.1030,0.1030,89.9050,external
P60174,5,0.0000,1.9218,0.4671,94.8043,external
P60472,1,0.0000,0.5650,0.5650,96.8195,external
P60842,1,0.0000,0.8130,0.8130,85.4000,external
P61316,2,1.0000,2.5625,2.5262,92.4392,external
P61769,1,1.0000,6.7330,6.7330,91.9783,external
P61823,10,0.0000,0.4261,0.1799,98.7067,external
P61964,11,0.0000,0.5419,0.4591,98.7223,external
P62508,6,0.0000,0.2700,0.2590,97.2333,external
P62593,5,0.0000,1.5721,0.2240,98.6087,external
P62937,9,0.0000,0.2121,0.1874,98.1531,external
P62942,11,0.0000,1.3750,0.5710,95.3544,external
P62993,1,1.0000,5.2020,5.2020,93.6587,external
P63086,11,0.0000,0.9800,0.7198,94.1170,external
P68400,11,0.0000,1.1462,0.7481,96.2500,external
P69441,10,1.0000,6.1521,4.4705,94.2072,external
P72583,3,1.0000,4.6450,4.3353,91.8813,external
P78380,1,0.0000,0.2700,0.2700,97.4688,external
P80226,6,0.0000,1.8820,1.4343,91.4505,external
P80884,3,0.0000,0.2968,0.2352,97.7800,external
P82980,2,0.0000,0.5913,0.5107,95.3776,external
P84330,1,0.0000,0.4000,0.4000,97.8310,external
P86325,3,0.0000,0.4206,0.3990,95.7061,external
P96356,1,1.0000,2.1080,2.1080,92.8009,external
P97328,2,0.5000,2.0739,1.4814,97.2879,external
P97784,8,0.0000,1.0072,0.6447,94.7370,external
P98073,1,0.0000,0.2000,0.2000,82.9037,external
P9WFG7,2,0.0000,0.2103,0.2061,97.8812,external
P9WFK7,11,0.0000,0.7951,0.3631,96.0707,external
P9WFT3,4,0.0000,1.3610,1.3267,91.3958,external
P9WFX1,3,1.0000,2.8767,2.7110,91.9689,external
P9WFY7,4,0.0000,0.3466,0.2967,97.5841,external
P9WGR1,11,0.0000,1.4167,0.7874,94.6953,external
P9WHR3,2,0.0000,0.2075,0.1662,98.6725,external
P9WID5,7,0.0000,1.6264,1.1099,95.4555,external
P9WK11,6,0.0000,1.1800,1.1647,94.4705,external
P9WKD3,10,0.0000,0.6672,0.3473,98.5275,external
P9WMC1,11,0.0000,0.4881,0.3490,97.9967,external
P9WN93,7,0.0000,0.3957,0.3801,98.1440,external
P9WNC5,1,0.0000,1.7350,1.7350,87.6171,external
P9WP99,3,0.0000,1.2950,1.2566,96.1164,external
P9WPA5,5,0.0000,0.8448,0.1958,96.3200,external
P9WPC9,2,0.0000,0.7510,0.6875,85.3169,external
P9WPQ5,11,0.0000,0.5963,0.4928,97.7720,external
P9WPY7,1,0.0000,0.2190,0.2190,98.5039,external
P9WPZ9,2,0.0000,1.3821,0.7566,96.1723,external
P9WQ37,1,0.0000,0.9210,0.9210,88.2333,external
P9WQB1,1,0.0000,0.5780,0.5780,95.2117,external
P9WQH5,3,0.0000,0.6450,0.6379,93.5440,external
Q02321,3,0.0000,1.0760,0.8964,98.5950,external
Q02790,1,0.0000,0.5210,0.5210,96.9531,external
Q03181,11,0.0909,3.9050,0.5690,95.0953,external
Q03555,2,0.0000,0.8390,0.8313,94.3757,external
Q04M32,2,0.0000,0.4290,0.3701,96.2274,external
Q05315,6,0.0000,0.1410,0.1072,98.7057,external
Q06124,11,0.0000,1.0401,0.5417,84.2671,external
Q06187,11,0.6364,3.9851,2.0507,89.4796,external
Q06705,2,0.0000,0.4210,0.3911,96.6352,external
Q06994,1,0.0000,0.1620,0.1620,96.5453,external
Q07817,11,0.4545,2.4160,1.9958,83.4909,external
Q07889,11,0.0000,0.5905,0.5136,95.8809,external
Q08467,3,0.0000,0.5033,0.3230,96.5238,external
Q09028,1,0.0000,0.3120,0.3120,98.5627,external
Q09328,5,0.2000,2.7159,0.9737,85.4133,external
Q09734,2,0.0000,1.4470,1.2520,97.2775,external
Q0B4G1,1,0.0000,0.2360,0.2360,98.5319,external
Q0C8G1,3,0.0000,0.1740,0.1735,98.8410,external
Q0CMX0,4,0.0000,0.1100,0.1088,98.6807,external
Q0CMZ1,2,0.0000,0.4259,0.3984,98.1320,external
Q0DPB7,4,0.0000,1.6753,1.6124,86.6964,external
Q0K313,2,0.0000,0.1768,0.1754,98.0944,external
Q0P7K8,1,0.0000,1.2630,1.2630,95.1330,external
Q0P8I4,2,0.0000,0.6030,0.5183,96.7586,external
Q10QA5,1,0.0000,0.4130,0.4130,97.6630,external
Q12852,5,0.0000,1.4463,1.3830,89.4226,external
Q12931,2,0.0000,1.1070,1.0731,96.0031,external
Q12KP2,1,0.0000,0.5230,0.5230,91.4960,external
Q13043,3,0.0000,1.2926,0.2911,92.5526,external
Q13093,2,0.0000,0.2200,0.1991,97.8870,external
Q13153,6,0.1667,2.1942,1.4375,94.9267,external
Q13191,11,1.0000,2.7090,2.4325,85.8713,external
Q13231,3,0.0000,0.4214,0.2559,98.2895,external
Q13451,11,0.1818,2.1336,0.4317,95.3970,external
Q13469,1,0.0000,0.3930,0.3930,93.2600,external
Q13526,11,0.0000,0.3623,0.2887,98.4836,external
Q13572,2,0.0000,0.3095,0.2992,97.6605,external
Q14145,11,0.0000,0.3960,0.3148,98.0426,external
Q14289,1,0.0000,0.7510,0.7510,89.6719,external
Q14914,6,0.0000,0.6021,0.5543,97.4714,external
Q15047,10,0.0000,1.5438,0.8543,90.8869,external
Q15059,5,0.0000,0.5120,0.3691,96.0767,external
Q15119,11,0.0000,1.1860,0.3497,92.4870,external
Q15562,11,0.0000,0.6510,0.2604,94.5286,external
Q15JG1,2,0.0000,0.3968,0.3484,94.2947,external
Q15KI8,1,0.0000,1.3200,1.3200,90.7079,external
Q16531,6,0.0000,1.4773,0.5588,97.3050,external
Q16539,10,0.5000,3.0264,2.0134,87.7977,external
Q16548,11,0.0000,0.8150,0.6296,90.9711,external
Q16552,10,0.0000,0.4540,0.3086,94.8064,external
Q16555,1,0.0000,0.1010,0.1010,97.0714,external
Q16658,11,0.9091,2.9637,2.7095,93.3967,external
Q1KLR5,1,0.0000,0.3750,0.3750,97.1667,external
Q1PBI3,1,0.0000,0.9750,0.9750,95.0544,external
Q1QUN7,1,0.0000,0.2420,0.2420,98.2070,external
Q25252,4,0.0000,0.6300,0.3173,97.4360,external
Q2FDS6,8,0.5000,2.5926,1.9833,95.4256,external
Q2FV39,1,0.0000,0.2180,0.2180,97.1667,external
Q2FXG9,2,1.0000,3.7221,3.4561,98.0674,external
Q2FZ58,6,1.0000,2.5080,2.4564,90.5404,external
Q2FZ94,3,0.0000,0.3580,0.3273,93.2541,external
Q2G036,11,0.0000,0.3887,0.3205,97.9733,external
Q2G0V3,1,0.0000,1.5840,1.5840,96.1916,external
Q2G159,1,0.0000,1.5080,1.5080,93.5206,external
Q2G1P3,2,0.0000,0.9862,0.5831,96.8660,external
Q2HBN6,1,0.0000,0.2790,0.2790,98.4100,external
Q2RRP5,1,0.0000,1.9680,1.9680,97.0710,external
Q2SVY7,2,0.0000,0.1529,0.1419,92.7989,external
Q2T5A3,2,0.0000,0.6680,0.4981,98.7259,external
Q2TR58,1,0.0000,0.4570,0.4570,96.7878,external
Q31KX8,3,0.0000,0.7758,0.5440,95.8450,external
Q31LX1,2,0.5000,2.1810,1.9536,96.7500,external
Q31Q61,1,0.0000,0.5260,0.5260,93.2767,external
Q396C9,11,0.0000,0.5154,0.4056,98.3581,external
Q3T9E4,2,1.0000,4.0360,3.1806,88.6226,external
Q3TBT3,2,0.0000,1.1524,0.8122,96.9277,external
Q45589,11,0.0000,0.2780,0.1583,97.1950,external
Q47943,1,0.0000,1.4530,1.4530,97.7897,external
Q4E4E1,2,0.5000,2.1697,1.1523,98.2740,external
Q4JIX5,1,1.0000,3.1200,3.1200,93.3700,external
Q4K977,2,0.0000,0.5881,0.3416,98.3560,external
Q4R2T2,1,0.0000,0.1850,0.1850,95.9374,external
Q4WAZ0,1,0.0000,0.2790,0.2790,90.6082,external
Q4WQY4,1,0.0000,1.1720,1.1720,97.0597,external
Q4WZB3,3,0.0000,0.2093,0.1580,96.9379,external
Q51947,1,0.0000,0.1980,0.1980,96.7268,external
Q53008,2,1.0000,2.9259,2.9039,87.4758,external
Q53826,1,0.0000,0.4320,0.4320,94.2059,external
Q53RT3,1,1.0000,2.3180,2.3180,85.0913,external
Q55012,4,0.0000,0.6590,0.4049,94.9173,external
Q55650,4,0.0000,0.6845,0.4410,95.8376,external
Q57834,4,0.0000,0.3532,0.2688,98.0621,external
Q58241,2,0.0000,0.3020,0.2903,95.9048,external
Q58380,1,0.0000,0.1760,0.1760,93.8519,external
Q58605,2,0.0000,1.1151,1.0621,97.5085,external
Q58929,1,0.0000,0.2280,0.2280,97.5139,external
Q58993,2,0.5000,2.8480,2.2580,89.2707,external
Q58F21,11,1.0000,3.3744,3.1069,93.8006,external
Q59702,5,0.0000,0.2321,0.1881,98.0753,external
Q5AAJ8,1,0.0000,0.3510,0.3510,94.1674,external
Q5CR64,8,0.0000,0.4586,0.2444,95.2900,external
Q5DQT1,1,0.0000,0.5710,0.5710,95.1725,external
Q5FA94,1,0.0000,0.3140,0.3140,95.2129,external
Q5FI30,1,0.0000,0.3680,0.3680,97.9988,external
Q5HNZ7,1,0.0000,0.2000,0.2000,89.2143,external
Q5JF22,1,0.0000,0.1780,0.1780,98.6070,external
Q5JIY7,1,0.0000,0.6020,0.6020,91.9350,external
Q5KQI6,2,0.0000,0.5970,0.5616,96.2078,external
Q5S6Z9,2,0.0000,0.2290,0.2180,97.3568,external
Q5SHZ3,8,1.0000,7.2360,7.1503,90.2371,external
Q5SL35,1,1.0000,2.7490,2.7490,94.2633,external
Q5SM35,2,0.0000,0.1880,0.1712,97.6318,external
Q5T280,1,0.0000,0.3040,0.3040,95.5333,external
Q5T440,1,0.0000,0.0770,0.0770,96.8988,external
Q5ZRL9,1,0.0000,0.2120,0.2120,91.2804,external
Q5ZSJ1,2,0.0000,0.3700,0.3568,98.0407,external
Q5ZSZ6,1,0.0000,0.8620,0.8620,81.0064,external
Q61091,1,0.0000,0.5090,0.5090,89.3333,external
Q62191,11,0.0000,0.4819,0.2615,90.3733,external
Q643B9,1,0.0000,0.1000,0.1000,96.9559,external
Q67A25,2,0.0000,0.5553,0.4662,97.5840,external
Q6BCB5,2,0.0000,0.1208,0.1099,96.8877,external
Q6BDJ2,1,0.0000,0.7350,0.7350,96.1887,external
Q6DCU6,1,0.0000,0.2090,0.2090,97.5495,external
Q6FWV7,2,0.0000,0.5428,0.4694,94.9507,external
Q6MM15,2,0.0000,0.4940,0.4293,92.7672,external
Q6NZB1,5,0.0000,1.8225,1.7760,95.4796,external
Q6QJ55,1,0.0000,0.4320,0.4320,97.7352,external
Q6SZW1,11,0.0000,0.3366,0.2430,88.5993,external
Q6V1X1,3,0.0000,1.5990,0.2628,91.4779,external
Q6W7J7,7,0.0000,1.7783,0.1688,97.5438,external
Q6WVP7,5,0.0000,0.9532,0.9311,96.9119,external
Q6XEC0,11,0.0000,0.5164,0.2349,98.5047,external
Q6ZXB6,1,0.0000,0.4660,0.4660,98.6600,external
Q6ZZZ2,2,0.0000,0.2894,0.2487,97.1388,external
Q73VN9,1,0.0000,0.2400,0.2400,97.7852,external
Q76NL8,6,0.0000,0.6127,0.3789,89.9006,external
Q79FX8,6,0.5000,2.1566,1.7337,94.2981,external
Q79N53,2,0.0000,0.2890,0.2886,92.0672,external
Q7CTU0,2,0.0000,0.6190,0.5763,97.1650,external
Q7JYX0,11,0.0000,0.4024,0.1882,97.4294,external
Q7MZP1,1,0.0000,0.0890,0.0890,97.3640,external
Q7N8J0,5,0.0000,0.2420,0.0790,98.6400,external
Q7WUJ1,1,0.0000,1.0880,1.0880,98.2250,external
Q7Z4V5,11,0.0000,0.2459,0.1752,94.4137,external
Q7Z739,1,0.0000,0.2260,0.2260,96.5880,external
Q7Z8P9,6,0.0000,0.3661,0.3152,97.3447,external
Q815N5,3,1.0000,7.1350,6.8413,91.9829,external
Q82H41,1,0.0000,0.3970,0.3970,92.2047,external
Q86C09,11,0.0000,1.0044,0.5470,97.7338,external
Q88HJ8,1,0.0000,0.5050,0.5050,96.9700,external
Q8A028,1,0.0000,0.2320,0.2320,96.9533,external
Q8C9A2,2,0.0000,0.2676,0.2048,98.3657,external
Q8DAP0,1,0.0000,0.6270,0.6270,98.1567,external
Q8F424,1,0.0000,0.6140,0.6140,83.7050,external
Q8I6X8,1,0.0000,0.1880,0.1880,96.4829,external
Q8IJ72,3,0.0000,0.3950,0.3497,92.9727,external
Q8IK82,1,0.0000,0.4390,0.4390,97.7667,external
Q8INK6,1,1.0000,6.1280,6.1280,93.6544,external
Q8IW75,1,1.0000,2.3170,2.3170,85.2871,external
Q8KFZ1,2,0.0000,1.0820,1.0355,94.5069,external
Q8KHZ8,1,0.0000,0.2020,0.2020,95.7790,external
Q8KRS7,4,0.0000,1.0848,0.8830,93.7282,external
Q8KVU4,1,0.0000,0.1530,0.1530,98.6175,external
Q8LDU1,1,0.0000,0.3990,0.3990,93.9167,external
Q8LFA9,3,0.0000,0.7215,0.6810,91.4596,external
Q8MYA9,1,0.0000,0.3390,0.3390,96.4950,external
Q8N371,7,0.1429,2.2953,1.3663,98.4046,external
Q8N5Z0,1,0.0000,0.7500,0.7500,97.3394,external
Q8NB16,1,0.0000,1.5120,1.5120,93.5859,external
Q8NFU5,11,0.0000,0.2840,0.2550,96.5282,external
Q8NK89,2,0.0000,0.1354,0.1172,98.7736,external
Q8NNJ2,2,0.0000,0.5610,0.5223,95.9565,external
Q8NQI2,1,0.0000,0.6640,0.6640,93.2577,external
Q8RLA6,11,0.0000,0.6550,0.2563,97.5244,external
Q8TB36,1,0.0000,0.3290,0.3290,94.7130,external
Q8TF42,1,0.0000,0.2990,0.2990,93.4331,external
Q8TF76,11,0.0000,0.6930,0.4455,94.9600,external
Q8TG26,1,0.0000,0.1670,0.1670,98.4629,external
Q8TZI9,1,0.0000,0.2330,0.2330,95.8514,external
Q8VZS8,1,0.0000,1.1050,1.1050,90.3580,external
Q8WSF8,8,0.3750,2.2909,1.9597,89.2887,external
Q8WVM7,1,0.0000,0.1360,0.1360,90.6567,external
Q8X251,1,0.0000,1.2750,1.2750,97.2262,external
Q8XMB9,1,0.0000,0.1370,0.1370,89.0986,external
Q8XNB2,1,0.0000,0.1430,0.1430,97.7047,external
Q8Y8D7,11,0.0000,1.2001,0.6958,91.7232,external
Q8YIN7,2,0.0000,1.0400,0.8555,97.5084,external
Q8YMD9,1,0.0000,0.6360,0.6360,94.6072,external
Q8ZKT7,1,0.0000,1.3620,1.3620,98.3271,external
Q8ZRC9,1,0.0000,0.3240,0.3240,94.9100,external
Q90249,1,1.0000,2.5230,2.5230,89.9861,external
Q91VE3,1,0.0000,0.1830,0.1830,95.9713,external
Q91XB0,3,0.0000,1.3413,1.3276,97.8427,external
Q92830,1,0.0000,0.3030,0.3030,94.1779,external
Q92835,11,0.0000,0.1815,0.1155,98.3033,external
Q92876,11,1.0000,4.4565,4.0501,96.5058,external
Q92918,11,0.5455,2.5490,2.3385,84.0587,external
Q92N06,1,0.0000,0.7320,0.7320,94.0431,external
Q93009,6,0.0000,1.3602,1.0847,85.3204,external
Q93GI5,1,0.0000,0.2230,0.2230,98.7908,external
Q93TK0,2,0.0000,0.1950,0.1858,90.7864,external
Q96DC9,11,0.0000,0.6514,0.4432,94.9109,external
Q96EP0,1,0.0000,0.4600,0.4600,86.6786,external
Q96R05,1,0.0000,0.9630,0.9630,94.9950,external
Q96T88,1,0.0000,0.0940,0.0940,86.6367,external
Q973C7,1,0.0000,0.4390,0.4390,96.9456,external
Q980A5,4,0.7500,5.1669,4.2069,87.6400,external
Q99497,4,0.0000,0.3599,0.3215,98.6464,external
Q99KQ4,1,0.0000,0.2200,0.2200,98.3645,external
Q99ZN4,1,0.0000,0.5610,0.5610,90.2413,external
Q9AIU0,1,0.0000,0.1960,0.1960,96.8021,external
Q9BPX1,11,0.0000,1.4330,1.3740,98.1228,external
Q9BRQ3,11,0.0000,0.5912,0.1770,93.9260,external
Q9BWD1,1,0.0000,0.1590,0.1590,97.4335,external
Q9BYJ9,2,0.0000,0.1650,0.1295,96.8425,external
Q9BZX2,2,0.0000,1.7901,0.9810,97.5833,external
Q9C029,3,0.0000,0.3830,0.3053,92.9552,external
Q9C0D3,1,0.0000,0.8920,0.8920,90.4509,external
Q9F5Q9,2,0.0000,0.4108,0.3329,94.6442,external
Q9F663,11,0.0000,0.4526,0.2331,98.6564,external
Q9GV45,5,0.4000,2.5179,1.9454,91.2142,external
Q9GZQ8,11,0.0000,0.5665,0.3255,97.6100,external
Q9H3L0,1,0.0000,0.7830,0.7830,93.1983,external
Q9H492,4,0.0000,0.5731,0.3538,96.7156,external
Q9H6P5,1,0.0000,1.2540,1.2540,92.9881,external
Q9H8M2,11,0.0000,0.5020,0.3232,96.9067,external
Q9HAC7,1,0.0000,0.2970,0.2970,96.6087,external
Q9HJN6,1,0.0000,0.5810,0.5810,95.4410,external
Q9HT32,1,0.0000,0.4080,0.4080,94.3274,external
Q9HVW9,2,0.0000,1.5825,0.9277,94.7306,external
Q9HW71,1,0.0000,0.6460,0.6460,93.5770,external
Q9HWI0,2,1.0000,5.6810,4.0120,84.4910,external
Q9I1N2,1,0.0000,0.2860,0.2860,98.7582,external
Q9I2C4,1,0.0000,0.3990,0.3990,98.2948,external
Q9I4Z7,1,0.0000,0.1440,0.1440,96.0933,external
Q9I562,1,0.0000,0.1680,0.1680,97.5106,external
Q9JN89,1,0.0000,0.2280,0.2280,96.5400,external
Q9JZ38,5,0.0000,0.5484,0.3361,96.2564,external
Q9K499,9,0.0000,1.4338,1.3374,98.6875,external
Q9KH42,2,0.0000,0.9125,0.7182,97.8357,external
Q9KK62,2,0.0000,1.4150,1.1005,94.6467,external
Q9KKP2,6,1.0000,3.2076,3.0879,94.1139,external
Q9KL03,1,1.0000,4.5290,4.5290,96.8320,external
Q9KR64,1,1.0000,2.8540,2.8540,94.5237,external
Q9L0T8,7,0.0000,0.3615,0.1779,96.3030,external
Q9L1K2,2,0.0000,0.3014,0.2997,98.2353,external
Q9L5C7,11,0.0000,0.5800,0.4638,98.7037,external
Q9NPD8,4,0.0000,0.2344,0.1874,96.9273,external
Q9NSU2,5,0.0000,0.7998,0.5050,97.6310,external
Q9NUW8,11,0.0000,0.3120,0.1870,97.7308,external
Q9NWZ3,11,0.0000,1.4475,0.7690,94.1900,external
Q9NZH8,1,0.0000,0.9000,0.9000,97.2894,external
Q9NZQ7,11,0.0000,0.4884,0.3266,97.3664,external
Q9QY93,3,0.0000,1.5619,1.5400,98.2711,external
Q9QZL0,11,0.0000,1.4123,0.6290,92.7143,external
Q9R5V5,3,0.0000,0.2750,0.2101,95.8235,external
Q9R9S4,1,1.0000,2.7620,2.7620,93.7135,external
Q9RBS3,1,0.0000,0.2820,0.2820,93.9860,external
Q9RN64,2,0.0000,1.4140,1.3823,96.5927,external
Q9RPT0,2,0.0000,0.6306,0.5613,95.7256,external
Q9SQR3,1,0.0000,0.3740,0.3740,97.6806,external
Q9SVP6,1,1.0000,3.2600,3.2600,91.7027,external
Q9SZU7,2,0.0000,0.3293,0.3021,96.6144,external
Q9UBC3,1,0.0000,1.5220,1.5220,88.8350,external
Q9UBH6,1,0.0000,0.2420,0.2420,90.3690,external
Q9UDY8,8,0.2500,2.0668,1.5232,89.0109,external
Q9UIJ7,3,0.3333,4.1902,0.3992,94.1287,external
Q9UKK9,11,0.0000,0.7025,0.2040,97.6725,external
Q9UM07,1,0.0000,0.7720,0.7720,98.6352,external
Q9UUN9,1,0.0000,1.6220,1.6220,93.7411,external
Q9VAA9,1,0.0000,0.3670,0.3670,93.5870,external
Q9VUG1,1,1.0000,2.1710,2.1710,88.1781,external
Q9W138,1,0.0000,0.9460,0.9460,95.4257,external
Q9W469,3,0.0000,1.6050,1.5653,97.2713,external
Q9WYP6,1,0.0000,0.7970,0.7970,94.1320,external
Q9WYT0,5,0.0000,0.4343,0.3540,97.7750,external
Q9WZL1,4,0.0000,1.0750,0.4849,97.6355,external
Q9WZY4,1,0.0000,0.1880,0.1880,95.7067,external
Q9X0C6,1,0.0000,0.1190,0.1190,97.3478,external
Q9X0L2,7,0.0000,0.2433,0.2050,98.8500,external
Q9X1H0,1,0.0000,0.2950,0.2950,98.8300,external
Q9X1X0,2,0.0000,1.1440,1.1211,94.1089,external
Q9X274,1,0.0000,0.1540,0.1540,96.6747,external
Q9X6V6,1,0.0000,0.0970,0.0970,76.4050,external
Q9XB24,5,0.0000,0.5978,0.3033,98.4372,external
Q9XBQ3,2,0.0000,0.1950,0.1106,98.4589,external
Q9Y2J2,11,0.0000,1.1851,0.3326,92.4313,external
Q9Y3R4,1,0.0000,0.5240,0.5240,98.4028,external
Q9Y6E0,11,0.0000,1.2570,0.9513,91.7007,external
Q9Y6W6,4,0.0000,1.2120,1.2001,90.9157,external
Q9Y9L0,2,0.0000,1.3525,1.0108,97.1871,external
Q9YBQ2,1,0.0000,0.0840,0.0840,97.8260,external
Q9Z4P9,1,0.0000,0.2260,0.2260,98.0611,external
Q9ZS17,2,0.5000,2.8400,2.1890,97.4779,external
S0DUX5,2,0.0000,1.0710,1.0668,95.8633,external
S4TKM8,1,0.0000,0.5800,0.5800,95.7939,external
T1KUK4,2,0.0000,1.7840,1.1970,78.3211,external
U6KUE1,1,0.0000,0.3910,0.3910,94.8892,external
V5VHN7,3,0.0000,1.1880,0.7782,96.3376,external
W0TJ64,6,0.0000,1.5202,1.4381,98.6937,external
W8QN64,1,0.0000,0.9370,0.9370,95.9122,external
X2D0L0,1,0.0000,0.1610,0.1610,98.2520,external
