uniprot,cluster
A0A078SUX9,A0A078SUX9
A0A0F6AY66,A0A0F6AY66
A0A0H2UPS5,A0A0H2UPS5
A0A0H2UPT5,A0A0H2UPT5
A0A0H2URD6,A0A0H2URD6
A0A0H2ZD27,A0A0H2ZD27
A0A0H2ZD98,Q9HZE7
A0A0H3AHP1,A0A0H3AHP1
A0A0H3K6A3,A0A0H3K6A3
A0A0H3K9U6,A0A0H3K9U6
A0A0M3KKW7,A0A0M3KKW7
A0A0M3PNA2,J9U5U9
A0A0X1KHF9,A0A0X1KHF9
A0A125SA29,A0A125SA29
A0A1C9J6A7,Q39761
A0A2X3IBQ3,A0A2X3IBQ3
A0A3Q7HTY9,O80992
A0A8U0WQC3,A0A8U0WQC3
A0A9Q4WVB1,A0A9Q4WVB1
A0AAI7ZGM1,A0AAI7ZGM1
A0QU89,A0QU89
A0R5M8,A0R5M8
A2P1G9,P01724
A3FQ16,O43293
A3N294,A3N294
A4GRE3,P34884
A5H1I6,A5H1I6
A5K1A2,A5K1A2
A5K4U6,A5K4U6
A5W4E3,A5W4E3
A7B557,A7B557
A7UNK4,A7UNK4
A8EVM5,A8EVM5
A9CGA5,A9CGA5
A9JQL9,A9JQL9
A9LI60,P07254
B0B0V1,B0B0V1
B1WBP0,B1WBP0
B2ZB02,B2ZB02
B3EY95,B3EY95
B3PBE0,B3PBE0
B3PEE6,B3PEE6
B4EA43,Q9KU37
B6AA20,Q9HGT2
B7QK46,Q16769
B8GZM2,B8GZM2
B9KDD4,B9KDD4
C1JZ07,C1JZ07
C3T3U2,C3T3U2
C5YH12,C5YH12
C7C422,P52699
C7Q5P8,C7Q5P8
C9Z6T8,C9Z6T8
C9ZP98,C9ZP98
D0C9L6,D0C9L6
D1AWE0,D1AWE0
D4Z2G1,D4Z2G1
D6D1V7,D6D1V7
D6R8X8,D6R8X8
E0SJQ4,E0SJQ4
E0TW95,E0TW95
E1VBK1,E1VBK1
E3NZ06,P00352
E8MF12,E8MF12
F0V9W9,O43293
F6BL85,F6BL85
G0S8H7,O75530
G3XD33,G3XD33
G5EBR3,G5EBR3
G8JZS4,G8JZS4
H9TUK5,H9TUK5
J7HJM3,J7HJM3
J9U5U9,J9U5U9
O00170,O00170
O00214,O00214
O00255,O00255
O00481,O00481
O00482,O00482
O00625,O00625
O00764,O00764
O05205,O05205
O05701,O05701
O06842,O06842
O08760,O08760
O13833,O13833
O14684,O14684
O14757,O14757
O14786,O14786
O14965,O43293
O15151,P56273
O15164,O15164
O15264,Q07785
O15357,O15357
O15382,O15382
O15389,O15389
O15530,P05132
O15540,P15090
O22321,O22321
O25363,O25363
O25743,O25743
O25776,O25776
O26232,O26232
O28524,O28524
O28625,O28625
O32243,O32243
O32449,O32449
O32462,O32462
O35795,O35795
O43293,O43293
O43314,O43314
O43353,O43353
O43809,O43809
O43813,O43813
O44049,Q26966
O49235,O49235
O53638,O53638
O54438,O54438
O57728,O57728
O58328,O58328
O59010,O59010
O60341,O60341
O60502,O60502
O60658,O60658
O60674,O60674
O60760,O60760
O60885,P25440
O67854,Q9KDT3
O68183,O68183
O74718,O74718
O75116,O75116
O75164,O75164
O75311,G5EBR3
O75460,O75460
O75469,O75469
O75530,O75530
O75608,O75608
O75874,O75874
O76074,Q9Y233
O77421,O77421
O80992,O80992
O85465,O85465
O88622,O88622
O93655,Q07075
O94760,O94760
O94925,O94925
O95271,Q9H2K2
O95363,O95363
O95445,O95445
O95696,O95696
O95819,O95819
O96013,Q13153
O96935,P04825
P00338,P00338
P00352,P00352
P00441,P00441
P00489,P00489
P00491,P55859
P00517,P05132
P00519,P00520
P00520,P00520
P00523,P43405
P00533,P00533
P00558,P00558
P00634,P00634
P00636,P00636
P00669,P61823
P00690,P04746
P00693,P00693
P00722,P00722
P00730,P09955
P00735,P00747
P00742,P35031
P00746,P35031
P00747,P00747
P00760,P35031
P00763,P35031
P00766,P35031
P00775,P35031
P00797,P07267
P00800,P00800
P00811,P00811
P00883,P00883
P00889,P00889
P00915,P00918
P00918,P00918
P00940,Q07412
P00942,Q07412
P00947,P00947
P00959,P00959
P01011,P01011
P01112,P01116
P01116,P01116
P01139,P01139
P01724,P01724
P01837,P01837
P02754,P02754
P02766,P02766
P02768,P02768
P02769,P02768
P02787,P02787
P02791,P02791
P02829,P02829
P02866,P02866
P02879,P02879
P02919,P02919
P02920,P02920
P02925,P02925
P03069,P03069
P03372,P62508
P03951,P35031
P03956,P03956
P03962,P03962
P04036,P04036
P04058,P06276
P04062,P04062
P04117,P15090
P04190,P52699
P04191,P04191
P04271,P04271
P04273,P04273
P04574,P30626
P04629,P04629
P04632,P30626
P04637,P04637
P04746,P04746
P04789,Q07412
P04818,P04818
P04825,P04825
P04905,P04905
P04951,P04951
P04995,P04995
P05024,P04191
P05091,P00352
P05121,P05121
P05132,P05132
P05164,P05164
P05413,P15090
P05543,P01011
P05804,P05804
P06026,P07267
P06202,P06202
P06213,P08069
P06239,P43405
P06276,P06276
P06730,P06730
P06737,P00489
P06875,P06875
P07097,P07097
P07254,P07254
P07267,P07267
P07333,P07333
P07339,P07267
P07379,P07379
P07445,P00947
P07584,P07584
P07650,P07650
P07711,P25774
P07741,P07741
P07813,P07813
P07858,P25774
P07900,P02829
P08069,P08069
P08185,P01011
P08191,P08191
P08200,P08200
P08246,P35031
P08254,P03956
P08263,P09211
P08567,P08567
P08581,P08581
P08659,P08659
P08661,P08661
P08709,P35031
P09038,P09038
P09211,P09211
P09382,P09382
P09391,P09391
P09464,P09464
P09598,P09598
P09838,P09838
P09874,P09874
P09955,P09955
P09958,P09958
P09960,P09960
P09989,P09989
P0A0N3,P0A0N3
P0A1C1,P0A1C1
P0A434,P0A434
P0A6D3,P0A6D3
P0A6K3,P0A6K3
P0A6L4,P44539
P0A6R0,P0A6R0
P0A7D4,P0A7D4
P0A8I8,P0A8I8
P0A8M3,P0A8M3
P0A953,P0A953
P0A988,P0A988
P0A9H3,P0A9H3
P0A9J4,P0A9J4
P0A9M5,P0A9M5
P0AB71,P0AB71
P0ABP8,P0ABP8
P0AD64,P62593
P0AE18,P0AE18
P0AEB2,P0AEB2
P0AES2,P0AES2
P0AEY8,P0AEY8
P0AG80,P0AG80
P0AGF4,P0AGF4
P0AGJ7,P0AGJ7
P0AGL2,P0AGL2
P0C6E9,P0C6E9
P0CB51,P07254
P0CY29,P0CY29
P0DMV8,P0DMV8
P0DPI1,P0DPI1
P10121,P10121
P10153,P61823
P10253,Q8BHN3
P10275,P10275
P10384,P10384
P10415,Q07817
P10619,P10619
P10721,P07333
P10844,P0DPI1
P10987,P10987
P11086,P11086
P11172,P03962
P11309,Q07785
P11362,P07333
P11439,P11439
P11456,P11456
P11797,P07254
P12821,P12821
P12931,P43405
P13051,P13051
P13513,P13513
P13689,P13689
P13956,P13956
P14174,P34884
P14207,P14207
P14210,P00747
P14262,P14262
P14555,P59071
P14618,P14618
P14735,P14735
P14740,P27487
P14751,P14751
P14756,P14756
P14769,P16442
P14900,P14900
P15056,P15056
P15090,P15090
P15145,Q07075
P15273,P15273
P15309,P15309
P15328,P14207
P15379,P15379
P15494,P15494
P15917,P15917
P16218,P16218
P16442,P16442
P17109,P17109
P17427,P17427
P17870,P17870
P18031,P18031
P18206,P18206
P18429,P18429
P18654,P18654
P18902,P18902
P19156,P04191
P19440,O25743
P19491,P42262
P19492,P42262
P19493,P42262
P19793,P62508
P19999,P08661
P20273,P20273
P20582,P0A6R0
P20701,P20701
P21146,P25098
P21447,P21447
P21802,P07333
P21836,P06276
P21964,P22734
P21980,P21980
P22102,P22102
P22262,P22262
P22303,P06276
P22340,P22340
P22392,P22392
P22411,P27487
P22455,P07333
P22498,P22498
P22505,Q08638
P22629,P22629
P22734,P22734
P22736,P62508
P22756,P42262
P23360,P23360
P23470,P23470
P23687,P23687
P23874,P23874
P23921,P23921
P23946,P35031
P24182,P24182
P24186,P24186
P24630,P24630
P24666,P24666
P24941,Q07785
P25098,P25098
P25440,P25440
P25774,P25774
P25910,P52699
P25911,P43405
P26276,P26276
P26281,P26281
P26514,P23360
P26918,P26918
P27115,P27115
P27338,P27338
P27487,P27487
P27652,D4Z2G1
P27694,P27694
P27707,P27707
P28482,Q07785
P28720,P28720
P28907,P28907
P29317,P54753
P29320,P54753
P29373,P15090
P29466,P29466
P29965,P29965
P30044,P30044
P30305,P30305
P30405,P62937
P30626,P30626
P30838,P30838
P30920,P30920
P31151,P31151
P31153,P31153
P31335,P31335
P31645,P31645
P31677,P31677
P31749,P05132
P31947,P63104
P31992,P31992
P32019,P32019
P32324,P32324
P32396,P32396
P32477,P32477
P33038,P33038
P33247,P33247
P33981,P33981
P34752,P34752
P34884,P34884
P34897,P34897
P34913,P34914
P34914,P34914
P34948,P34948
P35031,P35031
P35120,P35120
P35247,P08661
P35439,P35439
P35747,P02768
P35790,P35790
P35844,P35844
P35968,P07333
P36186,Q07412
P36639,P36639
P36897,P36897
P37025,P37025
P37028,P37028
P37173,P36897
P37231,Q96RI1
P37268,P37268
P38998,P38998
P39086,P42262
P39265,P02925
P40409,P40409
P40416,P40416
P41007,P41007
P41182,P41182
P42260,P42262
P42262,P42262
P42264,P42262
P42336,P42336
P42527,P42527
P42574,P29466
P42575,P29466
P42676,P42676
P43166,P00918
P43378,P43378
P43405,P43405
P43490,Q80Z29
P43912,P43912
P44539,P44539
P45452,P03956
P45796,P45796
P45983,Q07785
P45984,Q07785
P46107,P46107
P46881,P46881
P46925,P07267
P46934,P46934
P46959,P46959
P47811,Q07785
P47929,P09382
P48632,P48632
P48729,P48729
P48730,P48729
P48736,P42336
P49235,Q08638
P49419,P49419
P49427,Q9NPD8
P49642,P49642
P49761,Q92630
P49773,P49773
P49841,Q07785
P49902,P49902
P50053,P50053
P50225,P50225
P50750,Q07785
P51161,P51161
P51449,P51449
P52209,P52209
P52679,P52679
P52699,P52699
P52700,P52700
P52704,P52704
P52732,P52732
P53350,P53350
P53582,P0AE18
P53686,Q9WYW0
P54646,P54646
P54753,P54753
P54762,P54753
P54818,P54818
P54829,P54829
P55201,O95696
P55210,P29466
P55212,P29466
P55859,P55859
P56073,P56073
P56109,P56109
P56221,P56221
P56273,P56273
P56470,O00214
P56524,Q8WUI4
P56658,P56658
P56690,P56690
P56817,P56817
P58154,P58154
P58687,P58687
P59071,P59071
P60061,P60061
P60174,Q07412
P60472,P60472
P60568,P60568
P61626,P61626
P61823,P61823
P61964,P61964
P62136,P62136
P62508,P62508
P62593,P62593
P62694,Q8J0K6
P62937,P62937
P62942,P62942
P62965,P15090
P63000,P01116
P63086,Q07785
P63104,P63104
P63279,Q9NPD8
P68135,P10987
P68175,P68175
P68400,Q07785
P68826,P0A6K3
P69441,P69441
P71447,P71447
P72583,P72583
P74325,P74325
P76015,P76015
P76141,P76141
P77173,P77173
P80188,P80188
P81245,P81245
P83512,P83512
P96856,P96856
P96884,P96884
P96965,P96965
P97571,P97571
P97612,P97612
P9WFX1,P9WFX1
P9WFX5,P9WFX5
P9WFX9,P9WFX9
P9WG43,Q07412
P9WH43,P9WH43
P9WHK9,P9WHK9
P9WIL5,P9WIL5
P9WK19,P0AE18
P9WKD3,P62593
P9WKE1,P9WKE1
P9WNG3,P0A6R0
P9WNH5,P96965
P9WNP1,P9WNP1
P9WPC9,P9WPC9
P9WPQ5,P9WPQ5
P9WPX7,P9WPX7
P9WPY3,P56073
P9WQD9,P0A953
P9WQH5,P9WQH5
P9WQN9,P9WQN9
Q00534,Q07785
Q00987,P56273
Q01064,Q01064
Q01217,Q01217
Q01469,P15090
Q01693,Q01693
Q02083,Q02083
Q02763,Q02763
Q02834,Q02834
Q03137,P54753
Q03479,Q03479
Q04609,Q04609
Q04724,Q04724
Q05097,Q05097
Q05397,Q14289
Q05769,Q05769
Q05816,P15090
Q05823,Q05823
Q06124,P18031
Q06135,Q06135
Q06187,P43405
Q06GJ0,Q06GJ0
Q07075,Q07075
Q07343,Q07343
Q07412,Q07412
Q07785,Q07785
Q07817,Q07817
Q07820,Q07820
Q08345,Q08345
Q08638,Q08638
Q09JX9,Q09JX9
Q0P8Q4,Q0P8Q4
Q0PA47,Q0PA47
Q0PC20,Q0PC20
Q10471,Q10471
Q10QA5,J9U5U9
Q12051,Q12051
Q12314,Q12314
Q12852,Q12852
Q12866,Q12866
Q12QS6,Q89U61
Q13093,Q13093
Q13153,Q13153
Q13164,Q13164
Q13231,P07254
Q13394,Q13394
Q13432,Q13432
Q13451,Q13451
Q13490,Q13490
Q13501,Q13501
Q13523,Q13523
Q13526,Q13526
Q13882,P43405
Q14145,Q9Z2X8
Q14289,Q14289
Q14397,Q14397
Q14416,Q14416
Q14680,Q14680
Q14790,P29466
Q15119,Q15119
Q15274,Q15274
Q15382,P01116
Q15562,Q15562
Q15KI8,Q15KI8
Q16512,Q16512
Q16539,Q07785
Q16620,P04629
Q16769,Q16769
Q16853,Q16853
Q16875,Q16875
Q17U16,Q17U16
Q1D4I5,Q1D4I5
Q24451,Q24451
Q26966,Q26966
Q26997,Q26997
Q28175,Q28175
Q28372,Q28372
Q2CEE3,Q2CEE3
Q2FXC2,Q2FXC2
Q2QEH4,Q2QEH4
Q2YIM3,Q2YIM3
Q2YQ76,Q2YQ76
Q38C91,Q2YQ76
Q38CL4,Q38CL4
Q393A1,Q393A1
Q39761,Q39761
Q45222,Q45222
Q46085,Q46085
Q460N3,Q460N3
Q46389,Q46389
Q46822,Q46822
Q47066,P62593
Q47212,Q47212
Q4DA73,Q9WZC2
Q4JH30,Q4JH30
Q4QDU3,Q4QDU3
Q4VSJ8,Q4VSJ8
Q4WW81,Q4WW81
Q51578,P00811
Q51815,Q51815
Q53685,Q53685
Q54276,P07254
Q54727,A7B557
Q54873,Q54873
Q54S83,Q54S83
Q584S0,Q584S0
Q58F21,P25440
Q59310,A7B557
Q5A4W8,Q5A4W8
Q5HEB7,Q5HEB7
Q5HSJ4,Q5HSJ4
Q5JD38,Q5JD38
Q5M4H8,Q5M4H8
Q5SKC5,Q5SKC5
Q5SL84,Q5SL84
Q5SMG8,Q5SMG8
Q5TCY1,Q5TCY1
Q5VWZ2,O75608
Q5WPU9,Q5WPU9
Q5ZUA2,Q5ZUA2
Q60187,Q60187
Q63226,Q63226
Q6GG09,P14618
Q6L8Q7,Q6L8Q7
Q6MPX4,Q6MPX4
Q6P179,Q07075
Q6PL18,Q6PL18
Q6Q3H7,Q6Q3H7
Q6WY08,Q9P4R8
Q6XEC0,Q6XEC0
Q6ZMT4,Q6ZMT4
Q71QF2,Q71QF2
Q72CX3,Q72CX3
Q72J47,Q72J47
Q75I93,Q08638
Q7CX36,Q7CX36
Q7DAU8,Q7DAU8
Q7KZF4,Q7KZF4
Q7LIJ0,Q8J0K6
Q7M4F9,Q7M4F9
Q7NDN8,Q7NDN8
Q7SIG4,Q7SIG4
Q7VL18,Q7VL18
Q7X9A9,Q08638
Q7Z8V1,Q7Z8V1
Q80Z29,Q80Z29
Q836J0,Q9ZLT0
Q869C3,P06276
Q86PT9,Q86PT9
Q86W56,O88622
Q86WV6,Q86WV6
Q873X9,P07254
Q89GW5,P52700
Q89U61,Q89U61
Q8A325,Q8A325
Q8A712,Q8A712
Q8BHN3,Q8BHN3
Q8G9Q0,P52699
Q8GKX2,P52699
Q8I5R7,Q8I5R7
Q8IB67,Q8IB67
Q8IDQ9,Q8IDQ9
Q8IWA4,Q8IWA4
Q8IXJ6,Q9WYW0
Q8J0K6,Q8J0K6
Q8KNP3,Q8KNP3
Q8KRS7,Q8KRS7
Q8LPW4,Q8LPW4
Q8MNY2,P25774
Q8N371,Q8N371
Q8N6T7,Q9WYW0
Q8N884,Q8N884
Q8N8S7,Q8N8S7
Q8NB16,Q8NB16
Q8NEB9,Q8NEB9
Q8TF76,Q8TF76
Q8TL28,Q8TL28
Q8WQX9,Q9Y233
Q8WSF8,P58154
Q8WTS6,Q8WTS6
Q8WUI4,Q8WUI4
Q8Y8D7,Q8Y8D7
Q8ZKB0,Q8ZKB0
Q8ZNP4,Q8ZNP4
Q90249,P59071
Q91VE3,P35031
Q92630,Q92630
Q92830,Q92831
Q92831,Q92831
Q92876,P35031
Q92918,Q92918
Q92UV8,Q92UV8
Q93J45,Q93J45
Q93UV0,Q93UV0
Q96AC1,Q96AC1
Q96CA5,Q96CA5
Q96EB6,Q96EB6
Q96ES7,Q96ES7
Q96IY4,P09955
Q96KQ7,Q96KQ7
Q96RI1,Q96RI1
Q96SB4,Q96SB4
Q96Y14,Q96Y14
Q973T5,Q973T5
Q99497,Q99497
Q99523,Q99523
Q99558,Q9WUL6
Q99685,Q99685
Q99QC1,P00811
Q99YP5,Q99YP5
Q9AIU0,Q9AIU0
Q9AJS0,Q9AJS0
Q9ALJ4,Q9ALJ4
Q9AMP1,P07254
Q9AXT8,Q9AXT8
Q9BJF5,O43293
Q9BV86,Q9BV86
Q9BX68,P49773
Q9BY41,Q9BY41
Q9BZP6,P07254
Q9C171,Q9C171
Q9CCZ4,Q9CCZ4
Q9CPU0,Q9CPU0
Q9FD73,Q9FD73
Q9FUZ2,P0A6K3
Q9FV53,P0A6K3
Q9GK12,Q9GK12
Q9GPQ4,Q9GPQ4
Q9H2K2,Q9H2K2
Q9H7B4,Q9H7B4
Q9H8M2,Q9H8M2
Q9H9B1,Q96KQ7
Q9HBH9,O43293
Q9HC16,Q9HC16
Q9HGR1,Q9HGR1
Q9HGT2,Q9HGT2
Q9HUK6,Q9HUK6
Q9HV14,Q9HV14
Q9HVB9,Q9HVB9
Q9HWY4,Q9HWY4
Q9HXM1,Q9HXM1
Q9HZ64,Q9HZ64
Q9HZE7,Q9HZE7
Q9I000,Q9I000
Q9I194,Q9I194
Q9I4L4,Q9I4L4
Q9I6J0,Q9I6J0
Q9I6J1,Q9I6J0
Q9I7C4,P0A988
Q9JLS3,Q9JLS3
Q9JN36,Q9JN36
Q9JYL2,Q9JYL2
Q9K169,Q9K169
Q9K2N0,P52699
Q9KAX3,Q9KAX3
Q9KDT3,Q9KDT3
Q9KQU8,Q9KQU8
Q9KU37,Q9KU37
Q9KVG7,Q9KVG7
Q9L1K2,Q9L1K2
Q9L387,P00811
Q9L5C8,P62593
Q9N1E2,Q9N1E2
Q9NPD8,Q9NPD8
Q9NQG6,Q9NQG6
Q9NQR1,Q9NQR1
Q9NR97,Q9NR97
Q9NTG7,Q9WYW0
Q9NWT6,Q9NWT6
Q9NWZ3,Q9NWZ3
Q9NXS2,Q16769
Q9NZD2,Q9NZD2
Q9NZK7,P59071
Q9NZN9,O00170
Q9P4R8,Q9P4R8
Q9PPB4,Q9PPB4
Q9PTT3,P02766
Q9QZ85,Q9QZ85
Q9R1E6,Q9R1E6
Q9R4E4,Q9R4E4
Q9RA63,P9WPC9
Q9RCF6,Q9RCF6
Q9SPP9,Q08638
Q9SZU7,J9U5U9
Q9TVW2,Q584S0
Q9UBF8,Q9UBF8
Q9UBN7,Q9UBN7
Q9UG22,Q9UG22
Q9UHD2,Q9UHD2
Q9UJ71,Q9UJ71
Q9UKK9,Q9UKK9
Q9UKM7,Q9UKM7
Q9UM07,Q9UM07
Q9UMX1,Q9UMX1
Q9UR08,Q9UR08
Q9UR30,Q9UR30
Q9UUB1,Q9UUB1
Q9VK33,Q9VK33
Q9VWX8,Q9VWX8
Q9WUL6,Q9WUL6
Q9WYW0,Q9WYW0
Q9WZC2,Q9WZC2
Q9WZY5,Q9WZY5
Q9X0C6,Q9X0C6
Q9X1X0,Q9X1X0
Q9XI47,Q9XI47
Q9Y233,Q9Y233
Q9Y2T3,Q9Y2T3
Q9Y3R4,Q9Y3R4
Q9Y468,Q9Y468
Q9Y4E8,Q9Y4E8
Q9Y5A9,Q9Y5A9
Q9Y5Y6,Q9Y5Y6
Q9Y5Z0,P56817
Q9Y657,Q9Y657
Q9Y6E0,Q9Y6E0
Q9Z2X8,Q9Z2X8
Q9Z4P9,Q9Z4P9
Q9ZAG3,Q9ZAG3
Q9ZLT0,Q9ZLT0
S8G8I1,Q8I5R7
