,non_missing,auroc_1A,auroc_2A,auroc_3A
seq_frac_cys,1.000,0.432,0.389,0.355
seq_frac_polar,1.000,0.423,0.411,0.451
seq_frac_hydrophobic,1.000,0.581,0.582,0.528
plddt_min,1.000,0.525,0.581,0.528
plddt_frac_below50,1.000,0.468,0.423,0.492
plddt_longest_low_run,1.000,0.474,0.429,0.481
plddt_std,1.000,0.476,0.431,0.491
plddt_frac_below70,1.000,0.483,0.433,0.475
pae_frac_above15,1.000,0.485,0.440,0.475
plddt_longest_low_run_frac,1.000,0.478,0.440,0.493
seq_log_length,1.000,0.490,0.445,0.489
seq_length,1.000,0.490,0.445,0.489
pae_inter_intra_ratio,0.271,0.409,0.454,0.412
pae_inter_max,0.271,0.445,0.454,0.563
pae_mean,1.000,0.500,0.455,0.496
pae_inter_mean,0.271,0.451,0.457,0.484
plddt_mean,1.000,0.490,0.536,0.494
pae_n_domains,1.000,0.506,0.466,0.459
pae_intra_mean,1.000,0.570,0.526,0.533
seq_frac_charged,1.000,0.521,0.524,0.517
seq_low_complexity_frac,1.000,0.523,0.518,0.559
seq_frac_gly_pro,1.000,0.473,0.489,0.501
seq_frac_aromatic,1.000,0.453,0.491,0.508
